Sat Sep  5 02:15:53 UTC 2026
name, driver_version, memory.total [MiB]
NVIDIA B300 SXM6 AC, 580.126.09, 275040 MiB
{"check": "loaded_binary", "extension": "flash_kda_mainline_C", "path": "/home/lcpu/YOUR_USER_ID/kda-mainline-20260905/build/lib/flash_kda_mainline_C.cpython-312-x86_64-linux-gnu.so", "sha256": "bcb240e738279ea4e9b06ce73e086a129a24bc9b622d9cbacd0f47e40afbada8", "torch": "2.10.0+cu130"}
{"check": "binding_default", "default": 128, "extension": "flash_kda_mainline_C"}
{"check": "alias_default", "reason": "no --alias-extension supplied", "status": "SKIP"}
{"case": "binding", "status": "PASS"}
{"check": "loaded_binary", "extension": "flash_kda_mainline_C", "path": "/home/lcpu/YOUR_USER_ID/kda-mainline-20260905/build/lib/flash_kda_mainline_C.cpython-312-x86_64-linux-gnu.so", "sha256": "bcb240e738279ea4e9b06ce73e086a129a24bc9b622d9cbacd0f47e40afbada8", "torch": "2.10.0+cu130"}
{"check": "offset_beta", "heads": 2, "state_dtype": "torch.bfloat16", "status": "PASS", "tokens": 1, "value_slice": 128}
{"check": "offset_beta", "heads": 2, "state_dtype": "torch.bfloat16", "status": "PASS", "tokens": 1, "value_slice": 16}
{"check": "offset_beta", "heads": 2, "state_dtype": "torch.bfloat16", "status": "PASS", "tokens": 1, "value_slice": 32}
{"check": "offset_beta", "heads": 2, "state_dtype": "torch.bfloat16", "status": "PASS", "tokens": 1, "value_slice": 64}
{"check": "offset_beta", "heads": 2, "state_dtype": "torch.float32", "status": "PASS", "tokens": 1, "value_slice": 128}
{"check": "offset_beta", "heads": 2, "state_dtype": "torch.float32", "status": "PASS", "tokens": 1, "value_slice": 16}
{"check": "offset_beta", "heads": 2, "state_dtype": "torch.float32", "status": "PASS", "tokens": 1, "value_slice": 32}
{"check": "offset_beta", "heads": 2, "state_dtype": "torch.float32", "status": "PASS", "tokens": 1, "value_slice": 64}
{"check": "offset_beta", "heads": 12, "state_dtype": "torch.bfloat16", "status": "PASS", "tokens": 1, "value_slice": 128}
{"check": "offset_beta", "heads": 12, "state_dtype": "torch.bfloat16", "status": "PASS", "tokens": 1, "value_slice": 16}
{"check": "offset_beta", "heads": 12, "state_dtype": "torch.bfloat16", "status": "PASS", "tokens": 1, "value_slice": 32}
{"check": "offset_beta", "heads": 12, "state_dtype": "torch.bfloat16", "status": "PASS", "tokens": 1, "value_slice": 64}
{"check": "offset_beta", "heads": 12, "state_dtype": "torch.float32", "status": "PASS", "tokens": 1, "value_slice": 128}
{"check": "offset_beta", "heads": 12, "state_dtype": "torch.float32", "status": "PASS", "tokens": 1, "value_slice": 16}
{"check": "offset_beta", "heads": 12, "state_dtype": "torch.float32", "status": "PASS", "tokens": 1, "value_slice": 32}
{"check": "offset_beta", "heads": 12, "state_dtype": "torch.float32", "status": "PASS", "tokens": 1, "value_slice": 64}
{"check": "offset_beta", "heads": 1, "state_dtype": "torch.bfloat16", "status": "PASS", "tokens": 17, "value_slice": 128}
{"check": "offset_beta", "heads": 1, "state_dtype": "torch.bfloat16", "status": "PASS", "tokens": 17, "value_slice": 16}
{"check": "offset_beta", "heads": 1, "state_dtype": "torch.bfloat16", "status": "PASS", "tokens": 17, "value_slice": 32}
{"check": "offset_beta", "heads": 1, "state_dtype": "torch.bfloat16", "status": "PASS", "tokens": 17, "value_slice": 64}
{"check": "offset_beta", "heads": 1, "state_dtype": "torch.float32", "status": "PASS", "tokens": 17, "value_slice": 128}
{"check": "offset_beta", "heads": 1, "state_dtype": "torch.float32", "status": "PASS", "tokens": 17, "value_slice": 16}
{"check": "offset_beta", "heads": 1, "state_dtype": "torch.float32", "status": "PASS", "tokens": 17, "value_slice": 32}
{"check": "offset_beta", "heads": 1, "state_dtype": "torch.float32", "status": "PASS", "tokens": 17, "value_slice": 64}
{"check": "offset_beta", "heads": 2, "state_dtype": "torch.bfloat16", "status": "PASS", "tokens": 17, "value_slice": 128}
{"check": "offset_beta", "heads": 2, "state_dtype": "torch.bfloat16", "status": "PASS", "tokens": 17, "value_slice": 16}
{"check": "offset_beta", "heads": 2, "state_dtype": "torch.bfloat16", "status": "PASS", "tokens": 17, "value_slice": 32}
{"check": "offset_beta", "heads": 2, "state_dtype": "torch.bfloat16", "status": "PASS", "tokens": 17, "value_slice": 64}
{"check": "offset_beta", "heads": 2, "state_dtype": "torch.float32", "status": "PASS", "tokens": 17, "value_slice": 128}
{"check": "offset_beta", "heads": 2, "state_dtype": "torch.float32", "status": "PASS", "tokens": 17, "value_slice": 16}
{"check": "offset_beta", "heads": 2, "state_dtype": "torch.float32", "status": "PASS", "tokens": 17, "value_slice": 32}
{"check": "offset_beta", "heads": 2, "state_dtype": "torch.float32", "status": "PASS", "tokens": 17, "value_slice": 64}
{"case": "alignment", "status": "PASS"}
{"check": "loaded_binary", "extension": "flash_kda_mainline_C", "path": "/home/lcpu/YOUR_USER_ID/kda-mainline-20260905/build/lib/flash_kda_mainline_C.cpython-312-x86_64-linux-gnu.so", "sha256": "bcb240e738279ea4e9b06ce73e086a129a24bc9b622d9cbacd0f47e40afbada8", "torch": "2.10.0+cu130"}
{"batch": 1, "check": "v128_parity", "dtype": "torch.bfloat16", "final": true, "initial": true, "packed": false, "status": "PASS", "tokens": 1}
{"batch": 1, "check": "v128_parity", "dtype": "torch.bfloat16", "final": true, "initial": false, "packed": false, "status": "PASS", "tokens": 1}
{"batch": 1, "check": "v128_parity", "dtype": "torch.bfloat16", "final": false, "initial": true, "packed": false, "status": "PASS", "tokens": 1}
{"batch": 1, "check": "v128_parity", "dtype": "torch.bfloat16", "final": false, "initial": false, "packed": false, "status": "PASS", "tokens": 1}
{"batch": 1, "check": "v128_parity", "dtype": "torch.float32", "final": true, "initial": true, "packed": false, "status": "PASS", "tokens": 1}
{"batch": 1, "check": "v128_parity", "dtype": "torch.float32", "final": true, "initial": false, "packed": false, "status": "PASS", "tokens": 1}
{"batch": 1, "check": "v128_parity", "dtype": "torch.float32", "final": false, "initial": true, "packed": false, "status": "PASS", "tokens": 1}
{"batch": 1, "check": "v128_parity", "dtype": "torch.float32", "final": false, "initial": false, "packed": false, "status": "PASS", "tokens": 1}
{"batch": 2, "check": "v128_parity", "dtype": "torch.bfloat16", "final": true, "initial": true, "packed": false, "status": "PASS", "tokens": 17}
{"batch": 2, "check": "v128_parity", "dtype": "torch.bfloat16", "final": true, "initial": false, "packed": false, "status": "PASS", "tokens": 17}
{"batch": 2, "check": "v128_parity", "dtype": "torch.bfloat16", "final": false, "initial": true, "packed": false, "status": "PASS", "tokens": 17}
{"batch": 2, "check": "v128_parity", "dtype": "torch.bfloat16", "final": false, "initial": false, "packed": false, "status": "PASS", "tokens": 17}
{"batch": 2, "check": "v128_parity", "dtype": "torch.float32", "final": true, "initial": true, "packed": false, "status": "PASS", "tokens": 17}
{"batch": 2, "check": "v128_parity", "dtype": "torch.float32", "final": true, "initial": false, "packed": false, "status": "PASS", "tokens": 17}
{"batch": 2, "check": "v128_parity", "dtype": "torch.float32", "final": false, "initial": true, "packed": false, "status": "PASS", "tokens": 17}
{"batch": 2, "check": "v128_parity", "dtype": "torch.float32", "final": false, "initial": false, "packed": false, "status": "PASS", "tokens": 17}
{"batch": 1, "check": "v128_parity", "dtype": "torch.bfloat16", "final": true, "initial": true, "packed": true, "status": "PASS", "tokens": 33}
{"batch": 1, "check": "v128_parity", "dtype": "torch.bfloat16", "final": true, "initial": false, "packed": true, "status": "PASS", "tokens": 33}
{"batch": 1, "check": "v128_parity", "dtype": "torch.bfloat16", "final": false, "initial": true, "packed": true, "status": "PASS", "tokens": 33}
{"batch": 1, "check": "v128_parity", "dtype": "torch.bfloat16", "final": false, "initial": false, "packed": true, "status": "PASS", "tokens": 33}
{"batch": 1, "check": "v128_parity", "dtype": "torch.float32", "final": true, "initial": true, "packed": true, "status": "PASS", "tokens": 33}
{"batch": 1, "check": "v128_parity", "dtype": "torch.float32", "final": true, "initial": false, "packed": true, "status": "PASS", "tokens": 33}
{"batch": 1, "check": "v128_parity", "dtype": "torch.float32", "final": false, "initial": true, "packed": true, "status": "PASS", "tokens": 33}
{"batch": 1, "check": "v128_parity", "dtype": "torch.float32", "final": false, "initial": false, "packed": true, "status": "PASS", "tokens": 33}
{"case": "parity", "status": "PASS"}
{"check": "loaded_binary", "extension": "flash_kda_mainline_C", "path": "/home/lcpu/YOUR_USER_ID/kda-mainline-20260905/build/lib/flash_kda_mainline_C.cpython-312-x86_64-linux-gnu.so", "sha256": "bcb240e738279ea4e9b06ce73e086a129a24bc9b622d9cbacd0f47e40afbada8", "torch": "2.10.0+cu130"}
{"check": "offset_beta_nondefault_stream_and_graph", "status": "PASS"}
{"case": "stream_graph", "status": "PASS"}
{"check": "loaded_binary", "extension": "flash_kda_mainline_C", "path": "/home/lcpu/YOUR_USER_ID/kda-mainline-20260905/build/lib/flash_kda_mainline_C.cpython-312-x86_64-linux-gnu.so", "sha256": "bcb240e738279ea4e9b06ce73e086a129a24bc9b622d9cbacd0f47e40afbada8", "torch": "2.10.0+cu130"}
{"check": "same_device_rejection", "field": "A_log", "status": "PASS"}
{"check": "same_device_rejection", "field": "dt_bias", "status": "PASS"}
{"check": "same_device_rejection", "field": "initial_state", "status": "PASS"}
{"check": "same_device_rejection", "field": "final_state", "status": "PASS"}
{"check": "same_device_rejection", "field": "cu_seqlens", "status": "PASS"}
{"case": "cpu_rejection", "status": "PASS"}
{"check": "loaded_binary", "extension": "flash_kda_mainline_C", "path": "/home/lcpu/YOUR_USER_ID/kda-mainline-20260905/build/lib/flash_kda_mainline_C.cpython-312-x86_64-linux-gnu.so", "sha256": "bcb240e738279ea4e9b06ce73e086a129a24bc9b622d9cbacd0f47e40afbada8", "torch": "2.10.0+cu130"}
{"check": "multi_gpu", "reason": "only one CUDA device visible", "status": "SKIP"}
{"case": "multi_gpu", "status": "SKIP"}
{"failures": [], "skipped": ["multi_gpu"], "status": "PASS", "suite": "entry_hardening"}
{"candidate_sha256": "bcb240e738279ea4e9b06ce73e086a129a24bc9b622d9cbacd0f47e40afbada8", "device": {"device": 0, "l2_bytes": 132644864, "major": 10, "max_blocks_per_sm": 32, "max_threads_per_sm": 2048, "minor": 3, "registers_per_sm": 65536, "shared_memory_per_sm": 233472, "sm_count": 148, "warp_size": 32}, "extension": "/home/lcpu/YOUR_USER_ID/kda-mainline-20260905/build/lib/flash_kda_mainline_C.cpython-312-x86_64-linux-gnu.so", "kind": "environment", "legacy": "/home/lcpu/YOUR_USER_ID/FlashKDA/results/20260821_dispatch_boundary/integrated_dispatch/lib/flash_kda_C.cpython-312-x86_64-linux-gnu.so", "modes": {"16": "v16", "32": "v32", "64": "v64", "116": "v16_delayed_acquire", "128": "v128", "216": "v16_prefetch2", "316": "v16_prefetch2_delayed", "416": "v16_prefetch4", "516": "v16_early_publish"}, "scope": "complete raw forward K1+K2 including beta transpose; reusable workspace, no Python dispatch", "torch": "2.10.0+cu130"}
{"case": 0, "kind": "correctness", "mode": 128, "name": "v128", "shape": {"batch": 1, "fp32": false, "gate": null, "heads": 12, "lengths": null, "state_mode": "both", "tokens": 1}, "status": "PASS", "tensors": {"final_state": {"bitwise": true, "finite": true}, "out": {"bitwise": true, "finite": true}}}
{"case": 0, "kind": "correctness", "mode": 64, "name": "v64", "shape": {"batch": 1, "fp32": false, "gate": null, "heads": 12, "lengths": null, "state_mode": "both", "tokens": 1}, "status": "PASS", "tensors": {"final_state": {"bitwise": true, "finite": true}, "out": {"bitwise": true, "finite": true}}}
{"case": 0, "kind": "correctness", "mode": 32, "name": "v32", "shape": {"batch": 1, "fp32": false, "gate": null, "heads": 12, "lengths": null, "state_mode": "both", "tokens": 1}, "status": "PASS", "tensors": {"final_state": {"bitwise": true, "finite": true}, "out": {"bitwise": true, "finite": true}}}
{"case": 0, "kind": "correctness", "mode": 16, "name": "v16", "shape": {"batch": 1, "fp32": false, "gate": null, "heads": 12, "lengths": null, "state_mode": "both", "tokens": 1}, "status": "PASS", "tensors": {"final_state": {"bitwise": true, "finite": true}, "out": {"bitwise": true, "finite": true}}}
{"case": 0, "kind": "correctness", "mode": 116, "name": "v16_delayed_acquire", "shape": {"batch": 1, "fp32": false, "gate": null, "heads": 12, "lengths": null, "state_mode": "both", "tokens": 1}, "status": "PASS", "tensors": {"final_state": {"bitwise": true, "finite": true}, "out": {"bitwise": true, "finite": true}}}
{"case": 0, "kind": "correctness", "mode": 216, "name": "v16_prefetch2", "shape": {"batch": 1, "fp32": false, "gate": null, "heads": 12, "lengths": null, "state_mode": "both", "tokens": 1}, "status": "PASS", "tensors": {"final_state": {"bitwise": true, "finite": true}, "out": {"bitwise": true, "finite": true}}}
{"case": 0, "kind": "correctness", "mode": 316, "name": "v16_prefetch2_delayed", "shape": {"batch": 1, "fp32": false, "gate": null, "heads": 12, "lengths": null, "state_mode": "both", "tokens": 1}, "status": "PASS", "tensors": {"final_state": {"bitwise": true, "finite": true}, "out": {"bitwise": true, "finite": true}}}
{"case": 0, "kind": "correctness", "mode": 416, "name": "v16_prefetch4", "shape": {"batch": 1, "fp32": false, "gate": null, "heads": 12, "lengths": null, "state_mode": "both", "tokens": 1}, "status": "PASS", "tensors": {"final_state": {"bitwise": true, "finite": true}, "out": {"bitwise": true, "finite": true}}}
{"case": 0, "kind": "correctness", "mode": 516, "name": "v16_early_publish", "shape": {"batch": 1, "fp32": false, "gate": null, "heads": 12, "lengths": null, "state_mode": "both", "tokens": 1}, "status": "PASS", "tensors": {"final_state": {"bitwise": true, "finite": true}, "out": {"bitwise": true, "finite": true}}}
{"case": 1, "kind": "correctness", "mode": 128, "name": "v128", "shape": {"batch": 1, "fp32": false, "gate": null, "heads": 12, "lengths": null, "state_mode": "both", "tokens": 15}, "status": "PASS", "tensors": {"final_state": {"bitwise": true, "finite": true}, "out": {"bitwise": true, "finite": true}}}
{"case": 1, "kind": "correctness", "mode": 64, "name": "v64", "shape": {"batch": 1, "fp32": false, "gate": null, "heads": 12, "lengths": null, "state_mode": "both", "tokens": 15}, "status": "PASS", "tensors": {"final_state": {"bitwise": true, "finite": true}, "out": {"bitwise": true, "finite": true}}}
{"case": 1, "kind": "correctness", "mode": 32, "name": "v32", "shape": {"batch": 1, "fp32": false, "gate": null, "heads": 12, "lengths": null, "state_mode": "both", "tokens": 15}, "status": "PASS", "tensors": {"final_state": {"bitwise": true, "finite": true}, "out": {"bitwise": true, "finite": true}}}
{"case": 1, "kind": "correctness", "mode": 16, "name": "v16", "shape": {"batch": 1, "fp32": false, "gate": null, "heads": 12, "lengths": null, "state_mode": "both", "tokens": 15}, "status": "PASS", "tensors": {"final_state": {"bitwise": true, "finite": true}, "out": {"bitwise": true, "finite": true}}}
{"case": 1, "kind": "correctness", "mode": 116, "name": "v16_delayed_acquire", "shape": {"batch": 1, "fp32": false, "gate": null, "heads": 12, "lengths": null, "state_mode": "both", "tokens": 15}, "status": "PASS", "tensors": {"final_state": {"bitwise": true, "finite": true}, "out": {"bitwise": true, "finite": true}}}
{"case": 1, "kind": "correctness", "mode": 216, "name": "v16_prefetch2", "shape": {"batch": 1, "fp32": false, "gate": null, "heads": 12, "lengths": null, "state_mode": "both", "tokens": 15}, "status": "PASS", "tensors": {"final_state": {"bitwise": true, "finite": true}, "out": {"bitwise": true, "finite": true}}}
{"case": 1, "kind": "correctness", "mode": 316, "name": "v16_prefetch2_delayed", "shape": {"batch": 1, "fp32": false, "gate": null, "heads": 12, "lengths": null, "state_mode": "both", "tokens": 15}, "status": "PASS", "tensors": {"final_state": {"bitwise": true, "finite": true}, "out": {"bitwise": true, "finite": true}}}
{"case": 1, "kind": "correctness", "mode": 416, "name": "v16_prefetch4", "shape": {"batch": 1, "fp32": false, "gate": null, "heads": 12, "lengths": null, "state_mode": "both", "tokens": 15}, "status": "PASS", "tensors": {"final_state": {"bitwise": true, "finite": true}, "out": {"bitwise": true, "finite": true}}}
{"case": 1, "kind": "correctness", "mode": 516, "name": "v16_early_publish", "shape": {"batch": 1, "fp32": false, "gate": null, "heads": 12, "lengths": null, "state_mode": "both", "tokens": 15}, "status": "PASS", "tensors": {"final_state": {"bitwise": true, "finite": true}, "out": {"bitwise": true, "finite": true}}}
{"case": 2, "kind": "correctness", "mode": 128, "name": "v128", "shape": {"batch": 1, "fp32": false, "gate": null, "heads": 12, "lengths": null, "state_mode": "both", "tokens": 16}, "status": "PASS", "tensors": {"final_state": {"bitwise": true, "finite": true}, "out": {"bitwise": true, "finite": true}}}
{"case": 2, "kind": "correctness", "mode": 64, "name": "v64", "shape": {"batch": 1, "fp32": false, "gate": null, "heads": 12, "lengths": null, "state_mode": "both", "tokens": 16}, "status": "PASS", "tensors": {"final_state": {"bitwise": true, "finite": true}, "out": {"bitwise": true, "finite": true}}}
{"case": 2, "kind": "correctness", "mode": 32, "name": "v32", "shape": {"batch": 1, "fp32": false, "gate": null, "heads": 12, "lengths": null, "state_mode": "both", "tokens": 16}, "status": "PASS", "tensors": {"final_state": {"bitwise": true, "finite": true}, "out": {"bitwise": true, "finite": true}}}
{"case": 2, "kind": "correctness", "mode": 16, "name": "v16", "shape": {"batch": 1, "fp32": false, "gate": null, "heads": 12, "lengths": null, "state_mode": "both", "tokens": 16}, "status": "PASS", "tensors": {"final_state": {"bitwise": true, "finite": true}, "out": {"bitwise": true, "finite": true}}}
{"case": 2, "kind": "correctness", "mode": 116, "name": "v16_delayed_acquire", "shape": {"batch": 1, "fp32": false, "gate": null, "heads": 12, "lengths": null, "state_mode": "both", "tokens": 16}, "status": "PASS", "tensors": {"final_state": {"bitwise": true, "finite": true}, "out": {"bitwise": true, "finite": true}}}
{"case": 2, "kind": "correctness", "mode": 216, "name": "v16_prefetch2", "shape": {"batch": 1, "fp32": false, "gate": null, "heads": 12, "lengths": null, "state_mode": "both", "tokens": 16}, "status": "PASS", "tensors": {"final_state": {"bitwise": true, "finite": true}, "out": {"bitwise": true, "finite": true}}}
{"case": 2, "kind": "correctness", "mode": 316, "name": "v16_prefetch2_delayed", "shape": {"batch": 1, "fp32": false, "gate": null, "heads": 12, "lengths": null, "state_mode": "both", "tokens": 16}, "status": "PASS", "tensors": {"final_state": {"bitwise": true, "finite": true}, "out": {"bitwise": true, "finite": true}}}
{"case": 2, "kind": "correctness", "mode": 416, "name": "v16_prefetch4", "shape": {"batch": 1, "fp32": false, "gate": null, "heads": 12, "lengths": null, "state_mode": "both", "tokens": 16}, "status": "PASS", "tensors": {"final_state": {"bitwise": true, "finite": true}, "out": {"bitwise": true, "finite": true}}}
{"case": 2, "kind": "correctness", "mode": 516, "name": "v16_early_publish", "shape": {"batch": 1, "fp32": false, "gate": null, "heads": 12, "lengths": null, "state_mode": "both", "tokens": 16}, "status": "PASS", "tensors": {"final_state": {"bitwise": true, "finite": true}, "out": {"bitwise": true, "finite": true}}}
{"case": 3, "kind": "correctness", "mode": 128, "name": "v128", "shape": {"batch": 1, "fp32": false, "gate": null, "heads": 12, "lengths": null, "state_mode": "both", "tokens": 17}, "status": "PASS", "tensors": {"final_state": {"bitwise": true, "finite": true}, "out": {"bitwise": true, "finite": true}}}
{"case": 3, "kind": "correctness", "mode": 64, "name": "v64", "shape": {"batch": 1, "fp32": false, "gate": null, "heads": 12, "lengths": null, "state_mode": "both", "tokens": 17}, "status": "PASS", "tensors": {"final_state": {"bitwise": true, "finite": true}, "out": {"bitwise": true, "finite": true}}}
{"case": 3, "kind": "correctness", "mode": 32, "name": "v32", "shape": {"batch": 1, "fp32": false, "gate": null, "heads": 12, "lengths": null, "state_mode": "both", "tokens": 17}, "status": "PASS", "tensors": {"final_state": {"bitwise": true, "finite": true}, "out": {"bitwise": true, "finite": true}}}
{"case": 3, "kind": "correctness", "mode": 16, "name": "v16", "shape": {"batch": 1, "fp32": false, "gate": null, "heads": 12, "lengths": null, "state_mode": "both", "tokens": 17}, "status": "PASS", "tensors": {"final_state": {"bitwise": true, "finite": true}, "out": {"bitwise": true, "finite": true}}}
{"case": 3, "kind": "correctness", "mode": 116, "name": "v16_delayed_acquire", "shape": {"batch": 1, "fp32": false, "gate": null, "heads": 12, "lengths": null, "state_mode": "both", "tokens": 17}, "status": "PASS", "tensors": {"final_state": {"bitwise": true, "finite": true}, "out": {"bitwise": true, "finite": true}}}
{"case": 3, "kind": "correctness", "mode": 216, "name": "v16_prefetch2", "shape": {"batch": 1, "fp32": false, "gate": null, "heads": 12, "lengths": null, "state_mode": "both", "tokens": 17}, "status": "PASS", "tensors": {"final_state": {"bitwise": true, "finite": true}, "out": {"bitwise": true, "finite": true}}}
{"case": 3, "kind": "correctness", "mode": 316, "name": "v16_prefetch2_delayed", "shape": {"batch": 1, "fp32": false, "gate": null, "heads": 12, "lengths": null, "state_mode": "both", "tokens": 17}, "status": "PASS", "tensors": {"final_state": {"bitwise": true, "finite": true}, "out": {"bitwise": true, "finite": true}}}
{"case": 3, "kind": "correctness", "mode": 416, "name": "v16_prefetch4", "shape": {"batch": 1, "fp32": false, "gate": null, "heads": 12, "lengths": null, "state_mode": "both", "tokens": 17}, "status": "PASS", "tensors": {"final_state": {"bitwise": true, "finite": true}, "out": {"bitwise": true, "finite": true}}}
{"case": 3, "kind": "correctness", "mode": 516, "name": "v16_early_publish", "shape": {"batch": 1, "fp32": false, "gate": null, "heads": 12, "lengths": null, "state_mode": "both", "tokens": 17}, "status": "PASS", "tensors": {"final_state": {"bitwise": true, "finite": true}, "out": {"bitwise": true, "finite": true}}}
{"case": 4, "kind": "correctness", "mode": 128, "name": "v128", "shape": {"batch": 1, "fp32": false, "gate": null, "heads": 12, "lengths": null, "state_mode": "both", "tokens": 31}, "status": "PASS", "tensors": {"final_state": {"bitwise": true, "finite": true}, "out": {"bitwise": true, "finite": true}}}
{"case": 4, "kind": "correctness", "mode": 64, "name": "v64", "shape": {"batch": 1, "fp32": false, "gate": null, "heads": 12, "lengths": null, "state_mode": "both", "tokens": 31}, "status": "PASS", "tensors": {"final_state": {"bitwise": true, "finite": true}, "out": {"bitwise": true, "finite": true}}}
{"case": 4, "kind": "correctness", "mode": 32, "name": "v32", "shape": {"batch": 1, "fp32": false, "gate": null, "heads": 12, "lengths": null, "state_mode": "both", "tokens": 31}, "status": "PASS", "tensors": {"final_state": {"bitwise": true, "finite": true}, "out": {"bitwise": true, "finite": true}}}
{"case": 4, "kind": "correctness", "mode": 16, "name": "v16", "shape": {"batch": 1, "fp32": false, "gate": null, "heads": 12, "lengths": null, "state_mode": "both", "tokens": 31}, "status": "PASS", "tensors": {"final_state": {"bitwise": true, "finite": true}, "out": {"bitwise": true, "finite": true}}}
{"case": 4, "kind": "correctness", "mode": 116, "name": "v16_delayed_acquire", "shape": {"batch": 1, "fp32": false, "gate": null, "heads": 12, "lengths": null, "state_mode": "both", "tokens": 31}, "status": "PASS", "tensors": {"final_state": {"bitwise": true, "finite": true}, "out": {"bitwise": true, "finite": true}}}
{"case": 4, "kind": "correctness", "mode": 216, "name": "v16_prefetch2", "shape": {"batch": 1, "fp32": false, "gate": null, "heads": 12, "lengths": null, "state_mode": "both", "tokens": 31}, "status": "PASS", "tensors": {"final_state": {"bitwise": true, "finite": true}, "out": {"bitwise": true, "finite": true}}}
{"case": 4, "kind": "correctness", "mode": 316, "name": "v16_prefetch2_delayed", "shape": {"batch": 1, "fp32": false, "gate": null, "heads": 12, "lengths": null, "state_mode": "both", "tokens": 31}, "status": "PASS", "tensors": {"final_state": {"bitwise": true, "finite": true}, "out": {"bitwise": true, "finite": true}}}
{"case": 4, "kind": "correctness", "mode": 416, "name": "v16_prefetch4", "shape": {"batch": 1, "fp32": false, "gate": null, "heads": 12, "lengths": null, "state_mode": "both", "tokens": 31}, "status": "PASS", "tensors": {"final_state": {"bitwise": true, "finite": true}, "out": {"bitwise": true, "finite": true}}}
{"case": 4, "kind": "correctness", "mode": 516, "name": "v16_early_publish", "shape": {"batch": 1, "fp32": false, "gate": null, "heads": 12, "lengths": null, "state_mode": "both", "tokens": 31}, "status": "PASS", "tensors": {"final_state": {"bitwise": true, "finite": true}, "out": {"bitwise": true, "finite": true}}}
{"case": 5, "kind": "correctness", "mode": 128, "name": "v128", "shape": {"batch": 1, "fp32": false, "gate": null, "heads": 12, "lengths": null, "state_mode": "both", "tokens": 32}, "status": "PASS", "tensors": {"final_state": {"bitwise": true, "finite": true}, "out": {"bitwise": true, "finite": true}}}
{"case": 5, "kind": "correctness", "mode": 64, "name": "v64", "shape": {"batch": 1, "fp32": false, "gate": null, "heads": 12, "lengths": null, "state_mode": "both", "tokens": 32}, "status": "PASS", "tensors": {"final_state": {"bitwise": true, "finite": true}, "out": {"bitwise": true, "finite": true}}}
{"case": 5, "kind": "correctness", "mode": 32, "name": "v32", "shape": {"batch": 1, "fp32": false, "gate": null, "heads": 12, "lengths": null, "state_mode": "both", "tokens": 32}, "status": "PASS", "tensors": {"final_state": {"bitwise": true, "finite": true}, "out": {"bitwise": true, "finite": true}}}
{"case": 5, "kind": "correctness", "mode": 16, "name": "v16", "shape": {"batch": 1, "fp32": false, "gate": null, "heads": 12, "lengths": null, "state_mode": "both", "tokens": 32}, "status": "PASS", "tensors": {"final_state": {"bitwise": true, "finite": true}, "out": {"bitwise": true, "finite": true}}}
{"case": 5, "kind": "correctness", "mode": 116, "name": "v16_delayed_acquire", "shape": {"batch": 1, "fp32": false, "gate": null, "heads": 12, "lengths": null, "state_mode": "both", "tokens": 32}, "status": "PASS", "tensors": {"final_state": {"bitwise": true, "finite": true}, "out": {"bitwise": true, "finite": true}}}
{"case": 5, "kind": "correctness", "mode": 216, "name": "v16_prefetch2", "shape": {"batch": 1, "fp32": false, "gate": null, "heads": 12, "lengths": null, "state_mode": "both", "tokens": 32}, "status": "PASS", "tensors": {"final_state": {"bitwise": true, "finite": true}, "out": {"bitwise": true, "finite": true}}}
{"case": 5, "kind": "correctness", "mode": 316, "name": "v16_prefetch2_delayed", "shape": {"batch": 1, "fp32": false, "gate": null, "heads": 12, "lengths": null, "state_mode": "both", "tokens": 32}, "status": "PASS", "tensors": {"final_state": {"bitwise": true, "finite": true}, "out": {"bitwise": true, "finite": true}}}
{"case": 5, "kind": "correctness", "mode": 416, "name": "v16_prefetch4", "shape": {"batch": 1, "fp32": false, "gate": null, "heads": 12, "lengths": null, "state_mode": "both", "tokens": 32}, "status": "PASS", "tensors": {"final_state": {"bitwise": true, "finite": true}, "out": {"bitwise": true, "finite": true}}}
{"case": 5, "kind": "correctness", "mode": 516, "name": "v16_early_publish", "shape": {"batch": 1, "fp32": false, "gate": null, "heads": 12, "lengths": null, "state_mode": "both", "tokens": 32}, "status": "PASS", "tensors": {"final_state": {"bitwise": true, "finite": true}, "out": {"bitwise": true, "finite": true}}}
{"case": 6, "kind": "correctness", "mode": 128, "name": "v128", "shape": {"batch": 1, "fp32": false, "gate": null, "heads": 12, "lengths": null, "state_mode": "both", "tokens": 33}, "status": "PASS", "tensors": {"final_state": {"bitwise": true, "finite": true}, "out": {"bitwise": true, "finite": true}}}
{"case": 6, "kind": "correctness", "mode": 64, "name": "v64", "shape": {"batch": 1, "fp32": false, "gate": null, "heads": 12, "lengths": null, "state_mode": "both", "tokens": 33}, "status": "PASS", "tensors": {"final_state": {"bitwise": true, "finite": true}, "out": {"bitwise": true, "finite": true}}}
{"case": 6, "kind": "correctness", "mode": 32, "name": "v32", "shape": {"batch": 1, "fp32": false, "gate": null, "heads": 12, "lengths": null, "state_mode": "both", "tokens": 33}, "status": "PASS", "tensors": {"final_state": {"bitwise": true, "finite": true}, "out": {"bitwise": true, "finite": true}}}
{"case": 6, "kind": "correctness", "mode": 16, "name": "v16", "shape": {"batch": 1, "fp32": false, "gate": null, "heads": 12, "lengths": null, "state_mode": "both", "tokens": 33}, "status": "PASS", "tensors": {"final_state": {"bitwise": true, "finite": true}, "out": {"bitwise": true, "finite": true}}}
{"case": 6, "kind": "correctness", "mode": 116, "name": "v16_delayed_acquire", "shape": {"batch": 1, "fp32": false, "gate": null, "heads": 12, "lengths": null, "state_mode": "both", "tokens": 33}, "status": "PASS", "tensors": {"final_state": {"bitwise": true, "finite": true}, "out": {"bitwise": true, "finite": true}}}
{"case": 6, "kind": "correctness", "mode": 216, "name": "v16_prefetch2", "shape": {"batch": 1, "fp32": false, "gate": null, "heads": 12, "lengths": null, "state_mode": "both", "tokens": 33}, "status": "PASS", "tensors": {"final_state": {"bitwise": true, "finite": true}, "out": {"bitwise": true, "finite": true}}}
{"case": 6, "kind": "correctness", "mode": 316, "name": "v16_prefetch2_delayed", "shape": {"batch": 1, "fp32": false, "gate": null, "heads": 12, "lengths": null, "state_mode": "both", "tokens": 33}, "status": "PASS", "tensors": {"final_state": {"bitwise": true, "finite": true}, "out": {"bitwise": true, "finite": true}}}
{"case": 6, "kind": "correctness", "mode": 416, "name": "v16_prefetch4", "shape": {"batch": 1, "fp32": false, "gate": null, "heads": 12, "lengths": null, "state_mode": "both", "tokens": 33}, "status": "PASS", "tensors": {"final_state": {"bitwise": true, "finite": true}, "out": {"bitwise": true, "finite": true}}}
{"case": 6, "kind": "correctness", "mode": 516, "name": "v16_early_publish", "shape": {"batch": 1, "fp32": false, "gate": null, "heads": 12, "lengths": null, "state_mode": "both", "tokens": 33}, "status": "PASS", "tensors": {"final_state": {"bitwise": true, "finite": true}, "out": {"bitwise": true, "finite": true}}}
{"case": 7, "kind": "correctness", "mode": 128, "name": "v128", "shape": {"batch": 1, "fp32": false, "gate": null, "heads": 12, "lengths": null, "state_mode": "both", "tokens": 127}, "status": "PASS", "tensors": {"final_state": {"bitwise": true, "finite": true}, "out": {"bitwise": true, "finite": true}}}
{"case": 7, "kind": "correctness", "mode": 64, "name": "v64", "shape": {"batch": 1, "fp32": false, "gate": null, "heads": 12, "lengths": null, "state_mode": "both", "tokens": 127}, "status": "PASS", "tensors": {"final_state": {"bitwise": true, "finite": true}, "out": {"bitwise": true, "finite": true}}}
{"case": 7, "kind": "correctness", "mode": 32, "name": "v32", "shape": {"batch": 1, "fp32": false, "gate": null, "heads": 12, "lengths": null, "state_mode": "both", "tokens": 127}, "status": "PASS", "tensors": {"final_state": {"bitwise": true, "finite": true}, "out": {"bitwise": true, "finite": true}}}
{"case": 7, "kind": "correctness", "mode": 16, "name": "v16", "shape": {"batch": 1, "fp32": false, "gate": null, "heads": 12, "lengths": null, "state_mode": "both", "tokens": 127}, "status": "PASS", "tensors": {"final_state": {"bitwise": true, "finite": true}, "out": {"bitwise": true, "finite": true}}}
{"case": 7, "kind": "correctness", "mode": 116, "name": "v16_delayed_acquire", "shape": {"batch": 1, "fp32": false, "gate": null, "heads": 12, "lengths": null, "state_mode": "both", "tokens": 127}, "status": "PASS", "tensors": {"final_state": {"bitwise": true, "finite": true}, "out": {"bitwise": true, "finite": true}}}
{"case": 7, "kind": "correctness", "mode": 216, "name": "v16_prefetch2", "shape": {"batch": 1, "fp32": false, "gate": null, "heads": 12, "lengths": null, "state_mode": "both", "tokens": 127}, "status": "PASS", "tensors": {"final_state": {"bitwise": true, "finite": true}, "out": {"bitwise": true, "finite": true}}}
{"case": 7, "kind": "correctness", "mode": 316, "name": "v16_prefetch2_delayed", "shape": {"batch": 1, "fp32": false, "gate": null, "heads": 12, "lengths": null, "state_mode": "both", "tokens": 127}, "status": "PASS", "tensors": {"final_state": {"bitwise": true, "finite": true}, "out": {"bitwise": true, "finite": true}}}
{"case": 7, "kind": "correctness", "mode": 416, "name": "v16_prefetch4", "shape": {"batch": 1, "fp32": false, "gate": null, "heads": 12, "lengths": null, "state_mode": "both", "tokens": 127}, "status": "PASS", "tensors": {"final_state": {"bitwise": true, "finite": true}, "out": {"bitwise": true, "finite": true}}}
{"case": 7, "kind": "correctness", "mode": 516, "name": "v16_early_publish", "shape": {"batch": 1, "fp32": false, "gate": null, "heads": 12, "lengths": null, "state_mode": "both", "tokens": 127}, "status": "PASS", "tensors": {"final_state": {"bitwise": true, "finite": true}, "out": {"bitwise": true, "finite": true}}}
{"case": 8, "kind": "correctness", "mode": 128, "name": "v128", "shape": {"batch": 2, "fp32": false, "gate": null, "heads": 12, "lengths": null, "state_mode": "both", "tokens": 33}, "status": "PASS", "tensors": {"final_state": {"bitwise": true, "finite": true}, "out": {"bitwise": true, "finite": true}}}
{"case": 8, "kind": "correctness", "mode": 64, "name": "v64", "shape": {"batch": 2, "fp32": false, "gate": null, "heads": 12, "lengths": null, "state_mode": "both", "tokens": 33}, "status": "PASS", "tensors": {"final_state": {"bitwise": true, "finite": true}, "out": {"bitwise": true, "finite": true}}}
{"case": 8, "kind": "correctness", "mode": 32, "name": "v32", "shape": {"batch": 2, "fp32": false, "gate": null, "heads": 12, "lengths": null, "state_mode": "both", "tokens": 33}, "status": "PASS", "tensors": {"final_state": {"bitwise": true, "finite": true}, "out": {"bitwise": true, "finite": true}}}
{"case": 8, "kind": "correctness", "mode": 16, "name": "v16", "shape": {"batch": 2, "fp32": false, "gate": null, "heads": 12, "lengths": null, "state_mode": "both", "tokens": 33}, "status": "PASS", "tensors": {"final_state": {"bitwise": true, "finite": true}, "out": {"bitwise": true, "finite": true}}}
{"case": 8, "kind": "correctness", "mode": 116, "name": "v16_delayed_acquire", "shape": {"batch": 2, "fp32": false, "gate": null, "heads": 12, "lengths": null, "state_mode": "both", "tokens": 33}, "status": "PASS", "tensors": {"final_state": {"bitwise": true, "finite": true}, "out": {"bitwise": true, "finite": true}}}
{"case": 8, "kind": "correctness", "mode": 216, "name": "v16_prefetch2", "shape": {"batch": 2, "fp32": false, "gate": null, "heads": 12, "lengths": null, "state_mode": "both", "tokens": 33}, "status": "PASS", "tensors": {"final_state": {"bitwise": true, "finite": true}, "out": {"bitwise": true, "finite": true}}}
{"case": 8, "kind": "correctness", "mode": 316, "name": "v16_prefetch2_delayed", "shape": {"batch": 2, "fp32": false, "gate": null, "heads": 12, "lengths": null, "state_mode": "both", "tokens": 33}, "status": "PASS", "tensors": {"final_state": {"bitwise": true, "finite": true}, "out": {"bitwise": true, "finite": true}}}
{"case": 8, "kind": "correctness", "mode": 416, "name": "v16_prefetch4", "shape": {"batch": 2, "fp32": false, "gate": null, "heads": 12, "lengths": null, "state_mode": "both", "tokens": 33}, "status": "PASS", "tensors": {"final_state": {"bitwise": true, "finite": true}, "out": {"bitwise": true, "finite": true}}}
{"case": 8, "kind": "correctness", "mode": 516, "name": "v16_early_publish", "shape": {"batch": 2, "fp32": false, "gate": null, "heads": 12, "lengths": null, "state_mode": "both", "tokens": 33}, "status": "PASS", "tensors": {"final_state": {"bitwise": true, "finite": true}, "out": {"bitwise": true, "finite": true}}}
{"case": 9, "kind": "correctness", "mode": 128, "name": "v128", "shape": {"batch": 2, "fp32": false, "gate": null, "heads": 12, "lengths": null, "state_mode": "in", "tokens": 33}, "status": "PASS", "tensors": {"out": {"bitwise": true, "finite": true}}}
{"case": 9, "kind": "correctness", "mode": 64, "name": "v64", "shape": {"batch": 2, "fp32": false, "gate": null, "heads": 12, "lengths": null, "state_mode": "in", "tokens": 33}, "status": "PASS", "tensors": {"out": {"bitwise": true, "finite": true}}}
{"case": 9, "kind": "correctness", "mode": 32, "name": "v32", "shape": {"batch": 2, "fp32": false, "gate": null, "heads": 12, "lengths": null, "state_mode": "in", "tokens": 33}, "status": "PASS", "tensors": {"out": {"bitwise": true, "finite": true}}}
{"case": 9, "kind": "correctness", "mode": 16, "name": "v16", "shape": {"batch": 2, "fp32": false, "gate": null, "heads": 12, "lengths": null, "state_mode": "in", "tokens": 33}, "status": "PASS", "tensors": {"out": {"bitwise": true, "finite": true}}}
{"case": 9, "kind": "correctness", "mode": 116, "name": "v16_delayed_acquire", "shape": {"batch": 2, "fp32": false, "gate": null, "heads": 12, "lengths": null, "state_mode": "in", "tokens": 33}, "status": "PASS", "tensors": {"out": {"bitwise": true, "finite": true}}}
{"case": 9, "kind": "correctness", "mode": 216, "name": "v16_prefetch2", "shape": {"batch": 2, "fp32": false, "gate": null, "heads": 12, "lengths": null, "state_mode": "in", "tokens": 33}, "status": "PASS", "tensors": {"out": {"bitwise": true, "finite": true}}}
{"case": 9, "kind": "correctness", "mode": 316, "name": "v16_prefetch2_delayed", "shape": {"batch": 2, "fp32": false, "gate": null, "heads": 12, "lengths": null, "state_mode": "in", "tokens": 33}, "status": "PASS", "tensors": {"out": {"bitwise": true, "finite": true}}}
{"case": 9, "kind": "correctness", "mode": 416, "name": "v16_prefetch4", "shape": {"batch": 2, "fp32": false, "gate": null, "heads": 12, "lengths": null, "state_mode": "in", "tokens": 33}, "status": "PASS", "tensors": {"out": {"bitwise": true, "finite": true}}}
{"case": 9, "kind": "correctness", "mode": 516, "name": "v16_early_publish", "shape": {"batch": 2, "fp32": false, "gate": null, "heads": 12, "lengths": null, "state_mode": "in", "tokens": 33}, "status": "PASS", "tensors": {"out": {"bitwise": true, "finite": true}}}
{"case": 10, "kind": "correctness", "mode": 128, "name": "v128", "shape": {"batch": 2, "fp32": false, "gate": null, "heads": 12, "lengths": null, "state_mode": "out", "tokens": 33}, "status": "PASS", "tensors": {"final_state": {"bitwise": true, "finite": true}, "out": {"bitwise": true, "finite": true}}}
{"case": 10, "kind": "correctness", "mode": 64, "name": "v64", "shape": {"batch": 2, "fp32": false, "gate": null, "heads": 12, "lengths": null, "state_mode": "out", "tokens": 33}, "status": "PASS", "tensors": {"final_state": {"bitwise": true, "finite": true}, "out": {"bitwise": true, "finite": true}}}
{"case": 10, "kind": "correctness", "mode": 32, "name": "v32", "shape": {"batch": 2, "fp32": false, "gate": null, "heads": 12, "lengths": null, "state_mode": "out", "tokens": 33}, "status": "PASS", "tensors": {"final_state": {"bitwise": true, "finite": true}, "out": {"bitwise": true, "finite": true}}}
{"case": 10, "kind": "correctness", "mode": 16, "name": "v16", "shape": {"batch": 2, "fp32": false, "gate": null, "heads": 12, "lengths": null, "state_mode": "out", "tokens": 33}, "status": "PASS", "tensors": {"final_state": {"bitwise": true, "finite": true}, "out": {"bitwise": true, "finite": true}}}
{"case": 10, "kind": "correctness", "mode": 116, "name": "v16_delayed_acquire", "shape": {"batch": 2, "fp32": false, "gate": null, "heads": 12, "lengths": null, "state_mode": "out", "tokens": 33}, "status": "PASS", "tensors": {"final_state": {"bitwise": true, "finite": true}, "out": {"bitwise": true, "finite": true}}}
{"case": 10, "kind": "correctness", "mode": 216, "name": "v16_prefetch2", "shape": {"batch": 2, "fp32": false, "gate": null, "heads": 12, "lengths": null, "state_mode": "out", "tokens": 33}, "status": "PASS", "tensors": {"final_state": {"bitwise": true, "finite": true}, "out": {"bitwise": true, "finite": true}}}
{"case": 10, "kind": "correctness", "mode": 316, "name": "v16_prefetch2_delayed", "shape": {"batch": 2, "fp32": false, "gate": null, "heads": 12, "lengths": null, "state_mode": "out", "tokens": 33}, "status": "PASS", "tensors": {"final_state": {"bitwise": true, "finite": true}, "out": {"bitwise": true, "finite": true}}}
{"case": 10, "kind": "correctness", "mode": 416, "name": "v16_prefetch4", "shape": {"batch": 2, "fp32": false, "gate": null, "heads": 12, "lengths": null, "state_mode": "out", "tokens": 33}, "status": "PASS", "tensors": {"final_state": {"bitwise": true, "finite": true}, "out": {"bitwise": true, "finite": true}}}
{"case": 10, "kind": "correctness", "mode": 516, "name": "v16_early_publish", "shape": {"batch": 2, "fp32": false, "gate": null, "heads": 12, "lengths": null, "state_mode": "out", "tokens": 33}, "status": "PASS", "tensors": {"final_state": {"bitwise": true, "finite": true}, "out": {"bitwise": true, "finite": true}}}
{"case": 11, "kind": "correctness", "mode": 128, "name": "v128", "shape": {"batch": 2, "fp32": false, "gate": null, "heads": 12, "lengths": null, "state_mode": "none", "tokens": 33}, "status": "PASS", "tensors": {"out": {"bitwise": true, "finite": true}}}
{"case": 11, "kind": "correctness", "mode": 64, "name": "v64", "shape": {"batch": 2, "fp32": false, "gate": null, "heads": 12, "lengths": null, "state_mode": "none", "tokens": 33}, "status": "PASS", "tensors": {"out": {"bitwise": true, "finite": true}}}
{"case": 11, "kind": "correctness", "mode": 32, "name": "v32", "shape": {"batch": 2, "fp32": false, "gate": null, "heads": 12, "lengths": null, "state_mode": "none", "tokens": 33}, "status": "PASS", "tensors": {"out": {"bitwise": true, "finite": true}}}
{"case": 11, "kind": "correctness", "mode": 16, "name": "v16", "shape": {"batch": 2, "fp32": false, "gate": null, "heads": 12, "lengths": null, "state_mode": "none", "tokens": 33}, "status": "PASS", "tensors": {"out": {"bitwise": true, "finite": true}}}
{"case": 11, "kind": "correctness", "mode": 116, "name": "v16_delayed_acquire", "shape": {"batch": 2, "fp32": false, "gate": null, "heads": 12, "lengths": null, "state_mode": "none", "tokens": 33}, "status": "PASS", "tensors": {"out": {"bitwise": true, "finite": true}}}
{"case": 11, "kind": "correctness", "mode": 216, "name": "v16_prefetch2", "shape": {"batch": 2, "fp32": false, "gate": null, "heads": 12, "lengths": null, "state_mode": "none", "tokens": 33}, "status": "PASS", "tensors": {"out": {"bitwise": true, "finite": true}}}
{"case": 11, "kind": "correctness", "mode": 316, "name": "v16_prefetch2_delayed", "shape": {"batch": 2, "fp32": false, "gate": null, "heads": 12, "lengths": null, "state_mode": "none", "tokens": 33}, "status": "PASS", "tensors": {"out": {"bitwise": true, "finite": true}}}
{"case": 11, "kind": "correctness", "mode": 416, "name": "v16_prefetch4", "shape": {"batch": 2, "fp32": false, "gate": null, "heads": 12, "lengths": null, "state_mode": "none", "tokens": 33}, "status": "PASS", "tensors": {"out": {"bitwise": true, "finite": true}}}
{"case": 11, "kind": "correctness", "mode": 516, "name": "v16_early_publish", "shape": {"batch": 2, "fp32": false, "gate": null, "heads": 12, "lengths": null, "state_mode": "none", "tokens": 33}, "status": "PASS", "tensors": {"out": {"bitwise": true, "finite": true}}}
{"case": 12, "kind": "correctness", "mode": 128, "name": "v128", "shape": {"batch": 2, "fp32": true, "gate": null, "heads": 12, "lengths": null, "state_mode": "both", "tokens": 33}, "status": "PASS", "tensors": {"final_state": {"bitwise": true, "finite": true}, "out": {"bitwise": true, "finite": true}}}
{"case": 12, "kind": "correctness", "mode": 64, "name": "v64", "shape": {"batch": 2, "fp32": true, "gate": null, "heads": 12, "lengths": null, "state_mode": "both", "tokens": 33}, "status": "PASS", "tensors": {"final_state": {"bitwise": true, "finite": true}, "out": {"bitwise": true, "finite": true}}}
{"case": 12, "kind": "correctness", "mode": 32, "name": "v32", "shape": {"batch": 2, "fp32": true, "gate": null, "heads": 12, "lengths": null, "state_mode": "both", "tokens": 33}, "status": "PASS", "tensors": {"final_state": {"bitwise": true, "finite": true}, "out": {"bitwise": true, "finite": true}}}
{"case": 12, "kind": "correctness", "mode": 16, "name": "v16", "shape": {"batch": 2, "fp32": true, "gate": null, "heads": 12, "lengths": null, "state_mode": "both", "tokens": 33}, "status": "PASS", "tensors": {"final_state": {"bitwise": true, "finite": true}, "out": {"bitwise": true, "finite": true}}}
{"case": 12, "kind": "correctness", "mode": 116, "name": "v16_delayed_acquire", "shape": {"batch": 2, "fp32": true, "gate": null, "heads": 12, "lengths": null, "state_mode": "both", "tokens": 33}, "status": "PASS", "tensors": {"final_state": {"bitwise": true, "finite": true}, "out": {"bitwise": true, "finite": true}}}
{"case": 12, "kind": "correctness", "mode": 216, "name": "v16_prefetch2", "shape": {"batch": 2, "fp32": true, "gate": null, "heads": 12, "lengths": null, "state_mode": "both", "tokens": 33}, "status": "PASS", "tensors": {"final_state": {"bitwise": true, "finite": true}, "out": {"bitwise": true, "finite": true}}}
{"case": 12, "kind": "correctness", "mode": 316, "name": "v16_prefetch2_delayed", "shape": {"batch": 2, "fp32": true, "gate": null, "heads": 12, "lengths": null, "state_mode": "both", "tokens": 33}, "status": "PASS", "tensors": {"final_state": {"bitwise": true, "finite": true}, "out": {"bitwise": true, "finite": true}}}
{"case": 12, "kind": "correctness", "mode": 416, "name": "v16_prefetch4", "shape": {"batch": 2, "fp32": true, "gate": null, "heads": 12, "lengths": null, "state_mode": "both", "tokens": 33}, "status": "PASS", "tensors": {"final_state": {"bitwise": true, "finite": true}, "out": {"bitwise": true, "finite": true}}}
{"case": 12, "kind": "correctness", "mode": 516, "name": "v16_early_publish", "shape": {"batch": 2, "fp32": true, "gate": null, "heads": 12, "lengths": null, "state_mode": "both", "tokens": 33}, "status": "PASS", "tensors": {"final_state": {"bitwise": true, "finite": true}, "out": {"bitwise": true, "finite": true}}}
{"case": 13, "kind": "correctness", "mode": 128, "name": "v128", "shape": {"batch": 2, "fp32": true, "gate": null, "heads": 12, "lengths": null, "state_mode": "in", "tokens": 33}, "status": "PASS", "tensors": {"out": {"bitwise": true, "finite": true}}}
{"case": 13, "kind": "correctness", "mode": 64, "name": "v64", "shape": {"batch": 2, "fp32": true, "gate": null, "heads": 12, "lengths": null, "state_mode": "in", "tokens": 33}, "status": "PASS", "tensors": {"out": {"bitwise": true, "finite": true}}}
{"case": 13, "kind": "correctness", "mode": 32, "name": "v32", "shape": {"batch": 2, "fp32": true, "gate": null, "heads": 12, "lengths": null, "state_mode": "in", "tokens": 33}, "status": "PASS", "tensors": {"out": {"bitwise": true, "finite": true}}}
{"case": 13, "kind": "correctness", "mode": 16, "name": "v16", "shape": {"batch": 2, "fp32": true, "gate": null, "heads": 12, "lengths": null, "state_mode": "in", "tokens": 33}, "status": "PASS", "tensors": {"out": {"bitwise": true, "finite": true}}}
{"case": 13, "kind": "correctness", "mode": 116, "name": "v16_delayed_acquire", "shape": {"batch": 2, "fp32": true, "gate": null, "heads": 12, "lengths": null, "state_mode": "in", "tokens": 33}, "status": "PASS", "tensors": {"out": {"bitwise": true, "finite": true}}}
{"case": 13, "kind": "correctness", "mode": 216, "name": "v16_prefetch2", "shape": {"batch": 2, "fp32": true, "gate": null, "heads": 12, "lengths": null, "state_mode": "in", "tokens": 33}, "status": "PASS", "tensors": {"out": {"bitwise": true, "finite": true}}}
{"case": 13, "kind": "correctness", "mode": 316, "name": "v16_prefetch2_delayed", "shape": {"batch": 2, "fp32": true, "gate": null, "heads": 12, "lengths": null, "state_mode": "in", "tokens": 33}, "status": "PASS", "tensors": {"out": {"bitwise": true, "finite": true}}}
{"case": 13, "kind": "correctness", "mode": 416, "name": "v16_prefetch4", "shape": {"batch": 2, "fp32": true, "gate": null, "heads": 12, "lengths": null, "state_mode": "in", "tokens": 33}, "status": "PASS", "tensors": {"out": {"bitwise": true, "finite": true}}}
{"case": 13, "kind": "correctness", "mode": 516, "name": "v16_early_publish", "shape": {"batch": 2, "fp32": true, "gate": null, "heads": 12, "lengths": null, "state_mode": "in", "tokens": 33}, "status": "PASS", "tensors": {"out": {"bitwise": true, "finite": true}}}
{"case": 14, "kind": "correctness", "mode": 128, "name": "v128", "shape": {"batch": 2, "fp32": true, "gate": null, "heads": 12, "lengths": null, "state_mode": "out", "tokens": 33}, "status": "PASS", "tensors": {"final_state": {"bitwise": true, "finite": true}, "out": {"bitwise": true, "finite": true}}}
{"case": 14, "kind": "correctness", "mode": 64, "name": "v64", "shape": {"batch": 2, "fp32": true, "gate": null, "heads": 12, "lengths": null, "state_mode": "out", "tokens": 33}, "status": "PASS", "tensors": {"final_state": {"bitwise": true, "finite": true}, "out": {"bitwise": true, "finite": true}}}
{"case": 14, "kind": "correctness", "mode": 32, "name": "v32", "shape": {"batch": 2, "fp32": true, "gate": null, "heads": 12, "lengths": null, "state_mode": "out", "tokens": 33}, "status": "PASS", "tensors": {"final_state": {"bitwise": true, "finite": true}, "out": {"bitwise": true, "finite": true}}}
{"case": 14, "kind": "correctness", "mode": 16, "name": "v16", "shape": {"batch": 2, "fp32": true, "gate": null, "heads": 12, "lengths": null, "state_mode": "out", "tokens": 33}, "status": "PASS", "tensors": {"final_state": {"bitwise": true, "finite": true}, "out": {"bitwise": true, "finite": true}}}
{"case": 14, "kind": "correctness", "mode": 116, "name": "v16_delayed_acquire", "shape": {"batch": 2, "fp32": true, "gate": null, "heads": 12, "lengths": null, "state_mode": "out", "tokens": 33}, "status": "PASS", "tensors": {"final_state": {"bitwise": true, "finite": true}, "out": {"bitwise": true, "finite": true}}}
{"case": 14, "kind": "correctness", "mode": 216, "name": "v16_prefetch2", "shape": {"batch": 2, "fp32": true, "gate": null, "heads": 12, "lengths": null, "state_mode": "out", "tokens": 33}, "status": "PASS", "tensors": {"final_state": {"bitwise": true, "finite": true}, "out": {"bitwise": true, "finite": true}}}
{"case": 14, "kind": "correctness", "mode": 316, "name": "v16_prefetch2_delayed", "shape": {"batch": 2, "fp32": true, "gate": null, "heads": 12, "lengths": null, "state_mode": "out", "tokens": 33}, "status": "PASS", "tensors": {"final_state": {"bitwise": true, "finite": true}, "out": {"bitwise": true, "finite": true}}}
{"case": 14, "kind": "correctness", "mode": 416, "name": "v16_prefetch4", "shape": {"batch": 2, "fp32": true, "gate": null, "heads": 12, "lengths": null, "state_mode": "out", "tokens": 33}, "status": "PASS", "tensors": {"final_state": {"bitwise": true, "finite": true}, "out": {"bitwise": true, "finite": true}}}
{"case": 14, "kind": "correctness", "mode": 516, "name": "v16_early_publish", "shape": {"batch": 2, "fp32": true, "gate": null, "heads": 12, "lengths": null, "state_mode": "out", "tokens": 33}, "status": "PASS", "tensors": {"final_state": {"bitwise": true, "finite": true}, "out": {"bitwise": true, "finite": true}}}
{"case": 15, "kind": "correctness", "mode": 128, "name": "v128", "shape": {"batch": 2, "fp32": true, "gate": null, "heads": 12, "lengths": null, "state_mode": "none", "tokens": 33}, "status": "PASS", "tensors": {"out": {"bitwise": true, "finite": true}}}
{"case": 15, "kind": "correctness", "mode": 64, "name": "v64", "shape": {"batch": 2, "fp32": true, "gate": null, "heads": 12, "lengths": null, "state_mode": "none", "tokens": 33}, "status": "PASS", "tensors": {"out": {"bitwise": true, "finite": true}}}
{"case": 15, "kind": "correctness", "mode": 32, "name": "v32", "shape": {"batch": 2, "fp32": true, "gate": null, "heads": 12, "lengths": null, "state_mode": "none", "tokens": 33}, "status": "PASS", "tensors": {"out": {"bitwise": true, "finite": true}}}
{"case": 15, "kind": "correctness", "mode": 16, "name": "v16", "shape": {"batch": 2, "fp32": true, "gate": null, "heads": 12, "lengths": null, "state_mode": "none", "tokens": 33}, "status": "PASS", "tensors": {"out": {"bitwise": true, "finite": true}}}
{"case": 15, "kind": "correctness", "mode": 116, "name": "v16_delayed_acquire", "shape": {"batch": 2, "fp32": true, "gate": null, "heads": 12, "lengths": null, "state_mode": "none", "tokens": 33}, "status": "PASS", "tensors": {"out": {"bitwise": true, "finite": true}}}
{"case": 15, "kind": "correctness", "mode": 216, "name": "v16_prefetch2", "shape": {"batch": 2, "fp32": true, "gate": null, "heads": 12, "lengths": null, "state_mode": "none", "tokens": 33}, "status": "PASS", "tensors": {"out": {"bitwise": true, "finite": true}}}
{"case": 15, "kind": "correctness", "mode": 316, "name": "v16_prefetch2_delayed", "shape": {"batch": 2, "fp32": true, "gate": null, "heads": 12, "lengths": null, "state_mode": "none", "tokens": 33}, "status": "PASS", "tensors": {"out": {"bitwise": true, "finite": true}}}
{"case": 15, "kind": "correctness", "mode": 416, "name": "v16_prefetch4", "shape": {"batch": 2, "fp32": true, "gate": null, "heads": 12, "lengths": null, "state_mode": "none", "tokens": 33}, "status": "PASS", "tensors": {"out": {"bitwise": true, "finite": true}}}
{"case": 15, "kind": "correctness", "mode": 516, "name": "v16_early_publish", "shape": {"batch": 2, "fp32": true, "gate": null, "heads": 12, "lengths": null, "state_mode": "none", "tokens": 33}, "status": "PASS", "tensors": {"out": {"bitwise": true, "finite": true}}}
{"case": 16, "kind": "correctness", "mode": 128, "name": "v128", "shape": {"batch": 1, "fp32": false, "gate": null, "heads": 12, "lengths": [0, 1, 16, 16, 223], "state_mode": "both", "tokens": 256}, "status": "PASS", "tensors": {"final_state": {"bitwise": true, "finite": true}, "out": {"bitwise": true, "finite": true}}}
{"case": 16, "kind": "correctness", "mode": 64, "name": "v64", "shape": {"batch": 1, "fp32": false, "gate": null, "heads": 12, "lengths": [0, 1, 16, 16, 223], "state_mode": "both", "tokens": 256}, "status": "PASS", "tensors": {"final_state": {"bitwise": true, "finite": true}, "out": {"bitwise": true, "finite": true}}}
{"case": 16, "kind": "correctness", "mode": 32, "name": "v32", "shape": {"batch": 1, "fp32": false, "gate": null, "heads": 12, "lengths": [0, 1, 16, 16, 223], "state_mode": "both", "tokens": 256}, "status": "PASS", "tensors": {"final_state": {"bitwise": true, "finite": true}, "out": {"bitwise": true, "finite": true}}}
{"case": 16, "kind": "correctness", "mode": 16, "name": "v16", "shape": {"batch": 1, "fp32": false, "gate": null, "heads": 12, "lengths": [0, 1, 16, 16, 223], "state_mode": "both", "tokens": 256}, "status": "PASS", "tensors": {"final_state": {"bitwise": true, "finite": true}, "out": {"bitwise": true, "finite": true}}}
{"case": 16, "kind": "correctness", "mode": 116, "name": "v16_delayed_acquire", "shape": {"batch": 1, "fp32": false, "gate": null, "heads": 12, "lengths": [0, 1, 16, 16, 223], "state_mode": "both", "tokens": 256}, "status": "PASS", "tensors": {"final_state": {"bitwise": true, "finite": true}, "out": {"bitwise": true, "finite": true}}}
{"case": 16, "kind": "correctness", "mode": 216, "name": "v16_prefetch2", "shape": {"batch": 1, "fp32": false, "gate": null, "heads": 12, "lengths": [0, 1, 16, 16, 223], "state_mode": "both", "tokens": 256}, "status": "PASS", "tensors": {"final_state": {"bitwise": true, "finite": true}, "out": {"bitwise": true, "finite": true}}}
{"case": 16, "kind": "correctness", "mode": 316, "name": "v16_prefetch2_delayed", "shape": {"batch": 1, "fp32": false, "gate": null, "heads": 12, "lengths": [0, 1, 16, 16, 223], "state_mode": "both", "tokens": 256}, "status": "PASS", "tensors": {"final_state": {"bitwise": true, "finite": true}, "out": {"bitwise": true, "finite": true}}}
{"case": 16, "kind": "correctness", "mode": 416, "name": "v16_prefetch4", "shape": {"batch": 1, "fp32": false, "gate": null, "heads": 12, "lengths": [0, 1, 16, 16, 223], "state_mode": "both", "tokens": 256}, "status": "PASS", "tensors": {"final_state": {"bitwise": true, "finite": true}, "out": {"bitwise": true, "finite": true}}}
{"case": 16, "kind": "correctness", "mode": 516, "name": "v16_early_publish", "shape": {"batch": 1, "fp32": false, "gate": null, "heads": 12, "lengths": [0, 1, 16, 16, 223], "state_mode": "both", "tokens": 256}, "status": "PASS", "tensors": {"final_state": {"bitwise": true, "finite": true}, "out": {"bitwise": true, "finite": true}}}
{"case": 17, "kind": "correctness", "mode": 128, "name": "v128", "shape": {"batch": 1, "fp32": true, "gate": null, "heads": 12, "lengths": [0, 1, 16, 16, 223], "state_mode": "both", "tokens": 256}, "status": "PASS", "tensors": {"final_state": {"bitwise": true, "finite": true}, "out": {"bitwise": true, "finite": true}}}
{"case": 17, "kind": "correctness", "mode": 64, "name": "v64", "shape": {"batch": 1, "fp32": true, "gate": null, "heads": 12, "lengths": [0, 1, 16, 16, 223], "state_mode": "both", "tokens": 256}, "status": "PASS", "tensors": {"final_state": {"bitwise": true, "finite": true}, "out": {"bitwise": true, "finite": true}}}
{"case": 17, "kind": "correctness", "mode": 32, "name": "v32", "shape": {"batch": 1, "fp32": true, "gate": null, "heads": 12, "lengths": [0, 1, 16, 16, 223], "state_mode": "both", "tokens": 256}, "status": "PASS", "tensors": {"final_state": {"bitwise": true, "finite": true}, "out": {"bitwise": true, "finite": true}}}
{"case": 17, "kind": "correctness", "mode": 16, "name": "v16", "shape": {"batch": 1, "fp32": true, "gate": null, "heads": 12, "lengths": [0, 1, 16, 16, 223], "state_mode": "both", "tokens": 256}, "status": "PASS", "tensors": {"final_state": {"bitwise": true, "finite": true}, "out": {"bitwise": true, "finite": true}}}
{"case": 17, "kind": "correctness", "mode": 116, "name": "v16_delayed_acquire", "shape": {"batch": 1, "fp32": true, "gate": null, "heads": 12, "lengths": [0, 1, 16, 16, 223], "state_mode": "both", "tokens": 256}, "status": "PASS", "tensors": {"final_state": {"bitwise": true, "finite": true}, "out": {"bitwise": true, "finite": true}}}
{"case": 17, "kind": "correctness", "mode": 216, "name": "v16_prefetch2", "shape": {"batch": 1, "fp32": true, "gate": null, "heads": 12, "lengths": [0, 1, 16, 16, 223], "state_mode": "both", "tokens": 256}, "status": "PASS", "tensors": {"final_state": {"bitwise": true, "finite": true}, "out": {"bitwise": true, "finite": true}}}
{"case": 17, "kind": "correctness", "mode": 316, "name": "v16_prefetch2_delayed", "shape": {"batch": 1, "fp32": true, "gate": null, "heads": 12, "lengths": [0, 1, 16, 16, 223], "state_mode": "both", "tokens": 256}, "status": "PASS", "tensors": {"final_state": {"bitwise": true, "finite": true}, "out": {"bitwise": true, "finite": true}}}
{"case": 17, "kind": "correctness", "mode": 416, "name": "v16_prefetch4", "shape": {"batch": 1, "fp32": true, "gate": null, "heads": 12, "lengths": [0, 1, 16, 16, 223], "state_mode": "both", "tokens": 256}, "status": "PASS", "tensors": {"final_state": {"bitwise": true, "finite": true}, "out": {"bitwise": true, "finite": true}}}
{"case": 17, "kind": "correctness", "mode": 516, "name": "v16_early_publish", "shape": {"batch": 1, "fp32": true, "gate": null, "heads": 12, "lengths": [0, 1, 16, 16, 223], "state_mode": "both", "tokens": 256}, "status": "PASS", "tensors": {"final_state": {"bitwise": true, "finite": true}, "out": {"bitwise": true, "finite": true}}}
{"case": 18, "kind": "correctness", "mode": 128, "name": "v128", "shape": {"batch": 1, "fp32": false, "gate": null, "heads": 12, "lengths": null, "state_mode": "both", "tokens": 3072}, "status": "PASS", "tensors": {"final_state": {"bitwise": true, "finite": true}, "out": {"bitwise": true, "finite": true}}}
{"case": 18, "kind": "correctness", "mode": 64, "name": "v64", "shape": {"batch": 1, "fp32": false, "gate": null, "heads": 12, "lengths": null, "state_mode": "both", "tokens": 3072}, "status": "PASS", "tensors": {"final_state": {"bitwise": true, "finite": true}, "out": {"bitwise": true, "finite": true}}}
{"case": 18, "kind": "correctness", "mode": 32, "name": "v32", "shape": {"batch": 1, "fp32": false, "gate": null, "heads": 12, "lengths": null, "state_mode": "both", "tokens": 3072}, "status": "PASS", "tensors": {"final_state": {"bitwise": true, "finite": true}, "out": {"bitwise": true, "finite": true}}}
{"case": 18, "kind": "correctness", "mode": 16, "name": "v16", "shape": {"batch": 1, "fp32": false, "gate": null, "heads": 12, "lengths": null, "state_mode": "both", "tokens": 3072}, "status": "PASS", "tensors": {"final_state": {"bitwise": true, "finite": true}, "out": {"bitwise": true, "finite": true}}}
{"case": 18, "kind": "correctness", "mode": 116, "name": "v16_delayed_acquire", "shape": {"batch": 1, "fp32": false, "gate": null, "heads": 12, "lengths": null, "state_mode": "both", "tokens": 3072}, "status": "PASS", "tensors": {"final_state": {"bitwise": true, "finite": true}, "out": {"bitwise": true, "finite": true}}}
{"case": 18, "kind": "correctness", "mode": 216, "name": "v16_prefetch2", "shape": {"batch": 1, "fp32": false, "gate": null, "heads": 12, "lengths": null, "state_mode": "both", "tokens": 3072}, "status": "PASS", "tensors": {"final_state": {"bitwise": true, "finite": true}, "out": {"bitwise": true, "finite": true}}}
{"case": 18, "kind": "correctness", "mode": 316, "name": "v16_prefetch2_delayed", "shape": {"batch": 1, "fp32": false, "gate": null, "heads": 12, "lengths": null, "state_mode": "both", "tokens": 3072}, "status": "PASS", "tensors": {"final_state": {"bitwise": true, "finite": true}, "out": {"bitwise": true, "finite": true}}}
{"case": 18, "kind": "correctness", "mode": 416, "name": "v16_prefetch4", "shape": {"batch": 1, "fp32": false, "gate": null, "heads": 12, "lengths": null, "state_mode": "both", "tokens": 3072}, "status": "PASS", "tensors": {"final_state": {"bitwise": true, "finite": true}, "out": {"bitwise": true, "finite": true}}}
{"case": 18, "kind": "correctness", "mode": 516, "name": "v16_early_publish", "shape": {"batch": 1, "fp32": false, "gate": null, "heads": 12, "lengths": null, "state_mode": "both", "tokens": 3072}, "status": "PASS", "tensors": {"final_state": {"bitwise": true, "finite": true}, "out": {"bitwise": true, "finite": true}}}
{"case": 19, "kind": "correctness", "mode": 128, "name": "v128", "shape": {"batch": 1, "fp32": false, "gate": null, "heads": 12, "lengths": null, "state_mode": "both", "tokens": 6144}, "status": "PASS", "tensors": {"final_state": {"bitwise": true, "finite": true}, "out": {"bitwise": true, "finite": true}}}
{"case": 19, "kind": "correctness", "mode": 64, "name": "v64", "shape": {"batch": 1, "fp32": false, "gate": null, "heads": 12, "lengths": null, "state_mode": "both", "tokens": 6144}, "status": "PASS", "tensors": {"final_state": {"bitwise": true, "finite": true}, "out": {"bitwise": true, "finite": true}}}
{"case": 19, "kind": "correctness", "mode": 32, "name": "v32", "shape": {"batch": 1, "fp32": false, "gate": null, "heads": 12, "lengths": null, "state_mode": "both", "tokens": 6144}, "status": "PASS", "tensors": {"final_state": {"bitwise": true, "finite": true}, "out": {"bitwise": true, "finite": true}}}
{"case": 19, "kind": "correctness", "mode": 16, "name": "v16", "shape": {"batch": 1, "fp32": false, "gate": null, "heads": 12, "lengths": null, "state_mode": "both", "tokens": 6144}, "status": "PASS", "tensors": {"final_state": {"bitwise": true, "finite": true}, "out": {"bitwise": true, "finite": true}}}
{"case": 19, "kind": "correctness", "mode": 116, "name": "v16_delayed_acquire", "shape": {"batch": 1, "fp32": false, "gate": null, "heads": 12, "lengths": null, "state_mode": "both", "tokens": 6144}, "status": "PASS", "tensors": {"final_state": {"bitwise": true, "finite": true}, "out": {"bitwise": true, "finite": true}}}
{"case": 19, "kind": "correctness", "mode": 216, "name": "v16_prefetch2", "shape": {"batch": 1, "fp32": false, "gate": null, "heads": 12, "lengths": null, "state_mode": "both", "tokens": 6144}, "status": "PASS", "tensors": {"final_state": {"bitwise": true, "finite": true}, "out": {"bitwise": true, "finite": true}}}
{"case": 19, "kind": "correctness", "mode": 316, "name": "v16_prefetch2_delayed", "shape": {"batch": 1, "fp32": false, "gate": null, "heads": 12, "lengths": null, "state_mode": "both", "tokens": 6144}, "status": "PASS", "tensors": {"final_state": {"bitwise": true, "finite": true}, "out": {"bitwise": true, "finite": true}}}
{"case": 19, "kind": "correctness", "mode": 416, "name": "v16_prefetch4", "shape": {"batch": 1, "fp32": false, "gate": null, "heads": 12, "lengths": null, "state_mode": "both", "tokens": 6144}, "status": "PASS", "tensors": {"final_state": {"bitwise": true, "finite": true}, "out": {"bitwise": true, "finite": true}}}
{"case": 19, "kind": "correctness", "mode": 516, "name": "v16_early_publish", "shape": {"batch": 1, "fp32": false, "gate": null, "heads": 12, "lengths": null, "state_mode": "both", "tokens": 6144}, "status": "PASS", "tensors": {"final_state": {"bitwise": true, "finite": true}, "out": {"bitwise": true, "finite": true}}}
{"case": 20, "kind": "correctness", "mode": 128, "name": "v128", "shape": {"batch": 1, "fp32": false, "gate": null, "heads": 12, "lengths": null, "state_mode": "both", "tokens": 8192}, "status": "PASS", "tensors": {"final_state": {"bitwise": true, "finite": true}, "out": {"bitwise": true, "finite": true}}}
{"case": 20, "kind": "correctness", "mode": 64, "name": "v64", "shape": {"batch": 1, "fp32": false, "gate": null, "heads": 12, "lengths": null, "state_mode": "both", "tokens": 8192}, "status": "PASS", "tensors": {"final_state": {"bitwise": true, "finite": true}, "out": {"bitwise": true, "finite": true}}}
{"case": 20, "kind": "correctness", "mode": 32, "name": "v32", "shape": {"batch": 1, "fp32": false, "gate": null, "heads": 12, "lengths": null, "state_mode": "both", "tokens": 8192}, "status": "PASS", "tensors": {"final_state": {"bitwise": true, "finite": true}, "out": {"bitwise": true, "finite": true}}}
{"case": 20, "kind": "correctness", "mode": 16, "name": "v16", "shape": {"batch": 1, "fp32": false, "gate": null, "heads": 12, "lengths": null, "state_mode": "both", "tokens": 8192}, "status": "PASS", "tensors": {"final_state": {"bitwise": true, "finite": true}, "out": {"bitwise": true, "finite": true}}}
{"case": 20, "kind": "correctness", "mode": 116, "name": "v16_delayed_acquire", "shape": {"batch": 1, "fp32": false, "gate": null, "heads": 12, "lengths": null, "state_mode": "both", "tokens": 8192}, "status": "PASS", "tensors": {"final_state": {"bitwise": true, "finite": true}, "out": {"bitwise": true, "finite": true}}}
{"case": 20, "kind": "correctness", "mode": 216, "name": "v16_prefetch2", "shape": {"batch": 1, "fp32": false, "gate": null, "heads": 12, "lengths": null, "state_mode": "both", "tokens": 8192}, "status": "PASS", "tensors": {"final_state": {"bitwise": true, "finite": true}, "out": {"bitwise": true, "finite": true}}}
{"case": 20, "kind": "correctness", "mode": 316, "name": "v16_prefetch2_delayed", "shape": {"batch": 1, "fp32": false, "gate": null, "heads": 12, "lengths": null, "state_mode": "both", "tokens": 8192}, "status": "PASS", "tensors": {"final_state": {"bitwise": true, "finite": true}, "out": {"bitwise": true, "finite": true}}}
{"case": 20, "kind": "correctness", "mode": 416, "name": "v16_prefetch4", "shape": {"batch": 1, "fp32": false, "gate": null, "heads": 12, "lengths": null, "state_mode": "both", "tokens": 8192}, "status": "PASS", "tensors": {"final_state": {"bitwise": true, "finite": true}, "out": {"bitwise": true, "finite": true}}}
{"case": 20, "kind": "correctness", "mode": 516, "name": "v16_early_publish", "shape": {"batch": 1, "fp32": false, "gate": null, "heads": 12, "lengths": null, "state_mode": "both", "tokens": 8192}, "status": "PASS", "tensors": {"final_state": {"bitwise": true, "finite": true}, "out": {"bitwise": true, "finite": true}}}
{"case": 21, "kind": "correctness", "mode": 128, "name": "v128", "shape": {"batch": 1, "fp32": false, "gate": -8.0, "heads": 12, "lengths": null, "state_mode": "both", "tokens": 8192}, "status": "PASS", "tensors": {"final_state": {"bitwise": true, "finite": true}, "out": {"bitwise": true, "finite": true}}}
{"case": 21, "kind": "correctness", "mode": 64, "name": "v64", "shape": {"batch": 1, "fp32": false, "gate": -8.0, "heads": 12, "lengths": null, "state_mode": "both", "tokens": 8192}, "status": "PASS", "tensors": {"final_state": {"bitwise": true, "finite": true}, "out": {"bitwise": true, "finite": true}}}
{"case": 21, "kind": "correctness", "mode": 32, "name": "v32", "shape": {"batch": 1, "fp32": false, "gate": -8.0, "heads": 12, "lengths": null, "state_mode": "both", "tokens": 8192}, "status": "PASS", "tensors": {"final_state": {"bitwise": true, "finite": true}, "out": {"bitwise": true, "finite": true}}}
{"case": 21, "kind": "correctness", "mode": 16, "name": "v16", "shape": {"batch": 1, "fp32": false, "gate": -8.0, "heads": 12, "lengths": null, "state_mode": "both", "tokens": 8192}, "status": "PASS", "tensors": {"final_state": {"bitwise": true, "finite": true}, "out": {"bitwise": true, "finite": true}}}
{"case": 21, "kind": "correctness", "mode": 116, "name": "v16_delayed_acquire", "shape": {"batch": 1, "fp32": false, "gate": -8.0, "heads": 12, "lengths": null, "state_mode": "both", "tokens": 8192}, "status": "PASS", "tensors": {"final_state": {"bitwise": true, "finite": true}, "out": {"bitwise": true, "finite": true}}}
{"case": 21, "kind": "correctness", "mode": 216, "name": "v16_prefetch2", "shape": {"batch": 1, "fp32": false, "gate": -8.0, "heads": 12, "lengths": null, "state_mode": "both", "tokens": 8192}, "status": "PASS", "tensors": {"final_state": {"bitwise": true, "finite": true}, "out": {"bitwise": true, "finite": true}}}
{"case": 21, "kind": "correctness", "mode": 316, "name": "v16_prefetch2_delayed", "shape": {"batch": 1, "fp32": false, "gate": -8.0, "heads": 12, "lengths": null, "state_mode": "both", "tokens": 8192}, "status": "PASS", "tensors": {"final_state": {"bitwise": true, "finite": true}, "out": {"bitwise": true, "finite": true}}}
{"case": 21, "kind": "correctness", "mode": 416, "name": "v16_prefetch4", "shape": {"batch": 1, "fp32": false, "gate": -8.0, "heads": 12, "lengths": null, "state_mode": "both", "tokens": 8192}, "status": "PASS", "tensors": {"final_state": {"bitwise": true, "finite": true}, "out": {"bitwise": true, "finite": true}}}
{"case": 21, "kind": "correctness", "mode": 516, "name": "v16_early_publish", "shape": {"batch": 1, "fp32": false, "gate": -8.0, "heads": 12, "lengths": null, "state_mode": "both", "tokens": 8192}, "status": "PASS", "tensors": {"final_state": {"bitwise": true, "finite": true}, "out": {"bitwise": true, "finite": true}}}
{"case": 22, "kind": "correctness", "mode": 128, "name": "v128", "shape": {"batch": 1, "fp32": false, "gate": null, "heads": 96, "lengths": null, "state_mode": "both", "tokens": 8192}, "status": "PASS", "tensors": {"final_state": {"bitwise": true, "finite": true}, "out": {"bitwise": true, "finite": true}}}
{"case": 22, "kind": "correctness", "mode": 64, "name": "v64", "shape": {"batch": 1, "fp32": false, "gate": null, "heads": 96, "lengths": null, "state_mode": "both", "tokens": 8192}, "status": "PASS", "tensors": {"final_state": {"bitwise": true, "finite": true}, "out": {"bitwise": true, "finite": true}}}
{"case": 22, "kind": "correctness", "mode": 32, "name": "v32", "shape": {"batch": 1, "fp32": false, "gate": null, "heads": 96, "lengths": null, "state_mode": "both", "tokens": 8192}, "status": "PASS", "tensors": {"final_state": {"bitwise": true, "finite": true}, "out": {"bitwise": true, "finite": true}}}
{"case": 22, "kind": "correctness", "mode": 16, "name": "v16", "shape": {"batch": 1, "fp32": false, "gate": null, "heads": 96, "lengths": null, "state_mode": "both", "tokens": 8192}, "status": "PASS", "tensors": {"final_state": {"bitwise": true, "finite": true}, "out": {"bitwise": true, "finite": true}}}
{"case": 22, "kind": "correctness", "mode": 116, "name": "v16_delayed_acquire", "shape": {"batch": 1, "fp32": false, "gate": null, "heads": 96, "lengths": null, "state_mode": "both", "tokens": 8192}, "status": "PASS", "tensors": {"final_state": {"bitwise": true, "finite": true}, "out": {"bitwise": true, "finite": true}}}
{"case": 22, "kind": "correctness", "mode": 216, "name": "v16_prefetch2", "shape": {"batch": 1, "fp32": false, "gate": null, "heads": 96, "lengths": null, "state_mode": "both", "tokens": 8192}, "status": "PASS", "tensors": {"final_state": {"bitwise": true, "finite": true}, "out": {"bitwise": true, "finite": true}}}
{"case": 22, "kind": "correctness", "mode": 316, "name": "v16_prefetch2_delayed", "shape": {"batch": 1, "fp32": false, "gate": null, "heads": 96, "lengths": null, "state_mode": "both", "tokens": 8192}, "status": "PASS", "tensors": {"final_state": {"bitwise": true, "finite": true}, "out": {"bitwise": true, "finite": true}}}
{"case": 22, "kind": "correctness", "mode": 416, "name": "v16_prefetch4", "shape": {"batch": 1, "fp32": false, "gate": null, "heads": 96, "lengths": null, "state_mode": "both", "tokens": 8192}, "status": "PASS", "tensors": {"final_state": {"bitwise": true, "finite": true}, "out": {"bitwise": true, "finite": true}}}
{"case": 22, "kind": "correctness", "mode": 516, "name": "v16_early_publish", "shape": {"batch": 1, "fp32": false, "gate": null, "heads": 96, "lengths": null, "state_mode": "both", "tokens": 8192}, "status": "PASS", "tensors": {"final_state": {"bitwise": true, "finite": true}, "out": {"bitwise": true, "finite": true}}}
{"case": 23, "kind": "correctness", "mode": 128, "name": "v128", "shape": {"batch": 1, "fp32": false, "gate": null, "heads": 12, "lengths": [8192], "state_mode": "both", "tokens": 8192}, "status": "PASS", "tensors": {"final_state": {"bitwise": true, "finite": true}, "out": {"bitwise": true, "finite": true}}}
{"case": 23, "kind": "correctness", "mode": 64, "name": "v64", "shape": {"batch": 1, "fp32": false, "gate": null, "heads": 12, "lengths": [8192], "state_mode": "both", "tokens": 8192}, "status": "PASS", "tensors": {"final_state": {"bitwise": true, "finite": true}, "out": {"bitwise": true, "finite": true}}}
{"case": 23, "kind": "correctness", "mode": 32, "name": "v32", "shape": {"batch": 1, "fp32": false, "gate": null, "heads": 12, "lengths": [8192], "state_mode": "both", "tokens": 8192}, "status": "PASS", "tensors": {"final_state": {"bitwise": true, "finite": true}, "out": {"bitwise": true, "finite": true}}}
{"case": 23, "kind": "correctness", "mode": 16, "name": "v16", "shape": {"batch": 1, "fp32": false, "gate": null, "heads": 12, "lengths": [8192], "state_mode": "both", "tokens": 8192}, "status": "PASS", "tensors": {"final_state": {"bitwise": true, "finite": true}, "out": {"bitwise": true, "finite": true}}}
{"case": 23, "kind": "correctness", "mode": 116, "name": "v16_delayed_acquire", "shape": {"batch": 1, "fp32": false, "gate": null, "heads": 12, "lengths": [8192], "state_mode": "both", "tokens": 8192}, "status": "PASS", "tensors": {"final_state": {"bitwise": true, "finite": true}, "out": {"bitwise": true, "finite": true}}}
{"case": 23, "kind": "correctness", "mode": 216, "name": "v16_prefetch2", "shape": {"batch": 1, "fp32": false, "gate": null, "heads": 12, "lengths": [8192], "state_mode": "both", "tokens": 8192}, "status": "PASS", "tensors": {"final_state": {"bitwise": true, "finite": true}, "out": {"bitwise": true, "finite": true}}}
{"case": 23, "kind": "correctness", "mode": 316, "name": "v16_prefetch2_delayed", "shape": {"batch": 1, "fp32": false, "gate": null, "heads": 12, "lengths": [8192], "state_mode": "both", "tokens": 8192}, "status": "PASS", "tensors": {"final_state": {"bitwise": true, "finite": true}, "out": {"bitwise": true, "finite": true}}}
{"case": 23, "kind": "correctness", "mode": 416, "name": "v16_prefetch4", "shape": {"batch": 1, "fp32": false, "gate": null, "heads": 12, "lengths": [8192], "state_mode": "both", "tokens": 8192}, "status": "PASS", "tensors": {"final_state": {"bitwise": true, "finite": true}, "out": {"bitwise": true, "finite": true}}}
{"case": 23, "kind": "correctness", "mode": 516, "name": "v16_early_publish", "shape": {"batch": 1, "fp32": false, "gate": null, "heads": 12, "lengths": [8192], "state_mode": "both", "tokens": 8192}, "status": "PASS", "tensors": {"final_state": {"bitwise": true, "finite": true}, "out": {"bitwise": true, "finite": true}}}
{"case": 24, "kind": "correctness", "mode": 128, "name": "v128", "shape": {"batch": 1, "fp32": false, "gate": null, "heads": 12, "lengths": [1024, 1024, 1024, 1024, 1024, 1024, 1024, 1024], "state_mode": "both", "tokens": 8192}, "status": "PASS", "tensors": {"final_state": {"bitwise": true, "finite": true}, "out": {"bitwise": true, "finite": true}}}
{"case": 24, "kind": "correctness", "mode": 64, "name": "v64", "shape": {"batch": 1, "fp32": false, "gate": null, "heads": 12, "lengths": [1024, 1024, 1024, 1024, 1024, 1024, 1024, 1024], "state_mode": "both", "tokens": 8192}, "status": "PASS", "tensors": {"final_state": {"bitwise": true, "finite": true}, "out": {"bitwise": true, "finite": true}}}
{"case": 24, "kind": "correctness", "mode": 32, "name": "v32", "shape": {"batch": 1, "fp32": false, "gate": null, "heads": 12, "lengths": [1024, 1024, 1024, 1024, 1024, 1024, 1024, 1024], "state_mode": "both", "tokens": 8192}, "status": "PASS", "tensors": {"final_state": {"bitwise": true, "finite": true}, "out": {"bitwise": true, "finite": true}}}
{"case": 24, "kind": "correctness", "mode": 16, "name": "v16", "shape": {"batch": 1, "fp32": false, "gate": null, "heads": 12, "lengths": [1024, 1024, 1024, 1024, 1024, 1024, 1024, 1024], "state_mode": "both", "tokens": 8192}, "status": "PASS", "tensors": {"final_state": {"bitwise": true, "finite": true}, "out": {"bitwise": true, "finite": true}}}
{"case": 24, "kind": "correctness", "mode": 116, "name": "v16_delayed_acquire", "shape": {"batch": 1, "fp32": false, "gate": null, "heads": 12, "lengths": [1024, 1024, 1024, 1024, 1024, 1024, 1024, 1024], "state_mode": "both", "tokens": 8192}, "status": "PASS", "tensors": {"final_state": {"bitwise": true, "finite": true}, "out": {"bitwise": true, "finite": true}}}
{"case": 24, "kind": "correctness", "mode": 216, "name": "v16_prefetch2", "shape": {"batch": 1, "fp32": false, "gate": null, "heads": 12, "lengths": [1024, 1024, 1024, 1024, 1024, 1024, 1024, 1024], "state_mode": "both", "tokens": 8192}, "status": "PASS", "tensors": {"final_state": {"bitwise": true, "finite": true}, "out": {"bitwise": true, "finite": true}}}
{"case": 24, "kind": "correctness", "mode": 316, "name": "v16_prefetch2_delayed", "shape": {"batch": 1, "fp32": false, "gate": null, "heads": 12, "lengths": [1024, 1024, 1024, 1024, 1024, 1024, 1024, 1024], "state_mode": "both", "tokens": 8192}, "status": "PASS", "tensors": {"final_state": {"bitwise": true, "finite": true}, "out": {"bitwise": true, "finite": true}}}
{"case": 24, "kind": "correctness", "mode": 416, "name": "v16_prefetch4", "shape": {"batch": 1, "fp32": false, "gate": null, "heads": 12, "lengths": [1024, 1024, 1024, 1024, 1024, 1024, 1024, 1024], "state_mode": "both", "tokens": 8192}, "status": "PASS", "tensors": {"final_state": {"bitwise": true, "finite": true}, "out": {"bitwise": true, "finite": true}}}
{"case": 24, "kind": "correctness", "mode": 516, "name": "v16_early_publish", "shape": {"batch": 1, "fp32": false, "gate": null, "heads": 12, "lengths": [1024, 1024, 1024, 1024, 1024, 1024, 1024, 1024], "state_mode": "both", "tokens": 8192}, "status": "PASS", "tensors": {"final_state": {"bitwise": true, "finite": true}, "out": {"bitwise": true, "finite": true}}}
{"comparison_rows": 225, "kind": "correctness_complete"}
{"case": 0, "eager": {"count": 60, "median_ms": 0.15833599865436554, "min_ms": 0.15692800283432007, "p10_ms": 0.1581760048866272, "p90_ms": 0.15849600732326508}, "graph": {"count": 60, "median_ms": 0.15505599975585938, "min_ms": 0.15308800339698792, "p10_ms": 0.15318399667739868, "p90_ms": 0.15529599785804749}, "kind": "performance", "name": "v32", "repeat": 0, "shape": {"batch": 1, "fp32": false, "gate": null, "heads": 12, "lengths": null, "state_mode": "both", "tokens": 2048}}
{"case": 0, "eager": {"count": 60, "median_ms": 0.13990400731563568, "min_ms": 0.13955199718475342, "p10_ms": 0.13974399864673615, "p90_ms": 0.14006400108337402}, "graph": {"count": 60, "median_ms": 0.13478399813175201, "min_ms": 0.1337919980287552, "p10_ms": 0.13462400436401367, "p90_ms": 0.13488000631332397}, "kind": "performance", "name": "v16_prefetch2_delayed", "repeat": 0, "shape": {"batch": 1, "fp32": false, "gate": null, "heads": 12, "lengths": null, "state_mode": "both", "tokens": 2048}}
{"case": 0, "eager": {"count": 60, "median_ms": 0.15425600111484528, "min_ms": 0.15379199385643005, "p10_ms": 0.15411199629306793, "p90_ms": 0.1544319987297058}, "graph": {"count": 60, "median_ms": 0.14980799704790115, "min_ms": 0.14895999431610107, "p10_ms": 0.14905600249767303, "p90_ms": 0.1512639969587326}, "kind": "performance", "name": "legacy16", "repeat": 0, "shape": {"batch": 1, "fp32": false, "gate": null, "heads": 12, "lengths": null, "state_mode": "both", "tokens": 2048}}
{"case": 0, "eager": {"count": 60, "median_ms": 0.12758399546146393, "min_ms": 0.12639999389648438, "p10_ms": 0.12745599448680878, "p90_ms": 0.12780800461769104}, "graph": {"count": 60, "median_ms": 0.12249600142240524, "min_ms": 0.12223999947309494, "p10_ms": 0.1223360002040863, "p90_ms": 0.12278400361537933}, "kind": "performance", "name": "v16_prefetch4", "repeat": 0, "shape": {"batch": 1, "fp32": false, "gate": null, "heads": 12, "lengths": null, "state_mode": "both", "tokens": 2048}}
{"case": 0, "eager": {"count": 60, "median_ms": 0.1563040018081665, "min_ms": 0.15596799552440643, "p10_ms": 0.15609599649906158, "p90_ms": 0.15651200711727142}, "graph": {"count": 60, "median_ms": 0.15324799716472626, "min_ms": 0.1520960032939911, "p10_ms": 0.15305599570274353, "p90_ms": 0.1534080058336258}, "kind": "performance", "name": "v16_early_publish", "repeat": 0, "shape": {"batch": 1, "fp32": false, "gate": null, "heads": 12, "lengths": null, "state_mode": "both", "tokens": 2048}}
{"case": 0, "eager": {"count": 60, "median_ms": 0.20748800039291382, "min_ms": 0.20521600544452667, "p10_ms": 0.20630399882793427, "p90_ms": 0.20768000185489655}, "graph": {"count": 60, "median_ms": 0.20243200659751892, "min_ms": 0.2014079988002777, "p10_ms": 0.20233599841594696, "p90_ms": 0.20268799364566803}, "kind": "performance", "name": "v128", "repeat": 0, "shape": {"batch": 1, "fp32": false, "gate": null, "heads": 12, "lengths": null, "state_mode": "both", "tokens": 2048}}
{"case": 0, "eager": {"count": 60, "median_ms": 0.15427200496196747, "min_ms": 0.15382400155067444, "p10_ms": 0.15414400398731232, "p90_ms": 0.1544319987297058}, "graph": {"count": 60, "median_ms": 0.15116800367832184, "min_ms": 0.15001599490642548, "p10_ms": 0.1510079950094223, "p90_ms": 0.15123200416564941}, "kind": "performance", "name": "v16", "repeat": 0, "shape": {"batch": 1, "fp32": false, "gate": null, "heads": 12, "lengths": null, "state_mode": "both", "tokens": 2048}}
{"case": 0, "eager": {"count": 60, "median_ms": 0.14399999380111694, "min_ms": 0.14284799993038177, "p10_ms": 0.1438400000333786, "p90_ms": 0.14416000247001648}, "graph": {"count": 60, "median_ms": 0.1409280002117157, "min_ms": 0.13967999815940857, "p10_ms": 0.14073599874973297, "p90_ms": 0.14099200069904327}, "kind": "performance", "name": "v16_prefetch2", "repeat": 0, "shape": {"batch": 1, "fp32": false, "gate": null, "heads": 12, "lengths": null, "state_mode": "both", "tokens": 2048}}
{"case": 0, "eager": {"count": 60, "median_ms": 0.1706240028142929, "min_ms": 0.17033599317073822, "p10_ms": 0.17046399414539337, "p90_ms": 0.1708800047636032}, "graph": {"count": 60, "median_ms": 0.16755199432373047, "min_ms": 0.1653439998626709, "p10_ms": 0.16652800142765045, "p90_ms": 0.16764800250530243}, "kind": "performance", "name": "v64", "repeat": 0, "shape": {"batch": 1, "fp32": false, "gate": null, "heads": 12, "lengths": null, "state_mode": "both", "tokens": 2048}}
{"case": 0, "eager": {"count": 60, "median_ms": 0.162432000041008, "min_ms": 0.1618880033493042, "p10_ms": 0.16230399906635284, "p90_ms": 0.16259199380874634}, "graph": {"count": 60, "median_ms": 0.15936000645160675, "min_ms": 0.15824000537395477, "p10_ms": 0.15919999778270721, "p90_ms": 0.1594880074262619}, "kind": "performance", "name": "v16_delayed_acquire", "repeat": 0, "shape": {"batch": 1, "fp32": false, "gate": null, "heads": 12, "lengths": null, "state_mode": "both", "tokens": 2048}}
{"case": 0, "eager": {"count": 60, "median_ms": 0.20747199654579163, "min_ms": 0.20531199872493744, "p10_ms": 0.2064639925956726, "p90_ms": 0.20764799416065216}, "graph": {"count": 60, "median_ms": 0.20239999890327454, "min_ms": 0.20214399695396423, "p10_ms": 0.20230400562286377, "p90_ms": 0.20444799959659576}, "kind": "performance", "name": "legacy128", "repeat": 0, "shape": {"batch": 1, "fp32": false, "gate": null, "heads": 12, "lengths": null, "state_mode": "both", "tokens": 2048}}
{"case": 0, "eager": {"count": 60, "median_ms": 0.1562879979610443, "min_ms": 0.15596799552440643, "p10_ms": 0.15612800419330597, "p90_ms": 0.15647999942302704}, "graph": {"count": 60, "median_ms": 0.15324799716472626, "min_ms": 0.15219199657440186, "p10_ms": 0.15305599570274353, "p90_ms": 0.15334400534629822}, "kind": "performance", "name": "v16_early_publish", "repeat": 1, "shape": {"batch": 1, "fp32": false, "gate": null, "heads": 12, "lengths": null, "state_mode": "both", "tokens": 2048}}
{"case": 0, "eager": {"count": 60, "median_ms": 0.13993600010871887, "min_ms": 0.13868799805641174, "p10_ms": 0.13977600634098053, "p90_ms": 0.14009599387645721}, "graph": {"count": 60, "median_ms": 0.13478399813175201, "min_ms": 0.13446399569511414, "p10_ms": 0.13462400436401367, "p90_ms": 0.1348479986190796}, "kind": "performance", "name": "v16_prefetch2_delayed", "repeat": 1, "shape": {"batch": 1, "fp32": false, "gate": null, "heads": 12, "lengths": null, "state_mode": "both", "tokens": 2048}}
{"case": 0, "eager": {"count": 60, "median_ms": 0.15423999726772308, "min_ms": 0.15308800339698792, "p10_ms": 0.15404799580574036, "p90_ms": 0.15440000593662262}, "graph": {"count": 60, "median_ms": 0.15116800367832184, "min_ms": 0.14947199821472168, "p10_ms": 0.1509760022163391, "p90_ms": 0.1512639969587326}, "kind": "performance", "name": "v16", "repeat": 1, "shape": {"batch": 1, "fp32": false, "gate": null, "heads": 12, "lengths": null, "state_mode": "both", "tokens": 2048}}
{"case": 0, "eager": {"count": 60, "median_ms": 0.15833599865436554, "min_ms": 0.1573439985513687, "p10_ms": 0.1581439971923828, "p90_ms": 0.1584639996290207}, "graph": {"count": 60, "median_ms": 0.15334400534629822, "min_ms": 0.15302400290966034, "p10_ms": 0.15321600437164307, "p90_ms": 0.15529599785804749}, "kind": "performance", "name": "v32", "repeat": 1, "shape": {"batch": 1, "fp32": false, "gate": null, "heads": 12, "lengths": null, "state_mode": "both", "tokens": 2048}}
{"case": 0, "eager": {"count": 60, "median_ms": 0.15425600111484528, "min_ms": 0.1539199948310852, "p10_ms": 0.15408000349998474, "p90_ms": 0.1544319987297058}, "graph": {"count": 60, "median_ms": 0.14931200444698334, "min_ms": 0.14892800152301788, "p10_ms": 0.14908799529075623, "p90_ms": 0.15123200416564941}, "kind": "performance", "name": "legacy16", "repeat": 1, "shape": {"batch": 1, "fp32": false, "gate": null, "heads": 12, "lengths": null, "state_mode": "both", "tokens": 2048}}
{"case": 0, "eager": {"count": 60, "median_ms": 0.20747199654579163, "min_ms": 0.2054080069065094, "p10_ms": 0.20640000700950623, "p90_ms": 0.20764799416065216}, "graph": {"count": 60, "median_ms": 0.20239999890327454, "min_ms": 0.20204800367355347, "p10_ms": 0.20233599841594696, "p90_ms": 0.20444799959659576}, "kind": "performance", "name": "legacy128", "repeat": 1, "shape": {"batch": 1, "fp32": false, "gate": null, "heads": 12, "lengths": null, "state_mode": "both", "tokens": 2048}}
{"case": 0, "eager": {"count": 60, "median_ms": 0.2075039967894554, "min_ms": 0.20550400018692017, "p10_ms": 0.20720000565052032, "p90_ms": 0.20768000185489655}, "graph": {"count": 60, "median_ms": 0.20239999890327454, "min_ms": 0.20137600600719452, "p10_ms": 0.2022079974412918, "p90_ms": 0.20255999267101288}, "kind": "performance", "name": "v128", "repeat": 1, "shape": {"batch": 1, "fp32": false, "gate": null, "heads": 12, "lengths": null, "state_mode": "both", "tokens": 2048}}
{"case": 0, "eager": {"count": 60, "median_ms": 0.1706240028142929, "min_ms": 0.1701119989156723, "p10_ms": 0.17046399414539337, "p90_ms": 0.17164799571037292}, "graph": {"count": 60, "median_ms": 0.16755199432373047, "min_ms": 0.16550399363040924, "p10_ms": 0.16556799411773682, "p90_ms": 0.16758400201797485}, "kind": "performance", "name": "v64", "repeat": 1, "shape": {"batch": 1, "fp32": false, "gate": null, "heads": 12, "lengths": null, "state_mode": "both", "tokens": 2048}}
{"case": 0, "eager": {"count": 60, "median_ms": 0.1276479959487915, "min_ms": 0.12665599584579468, "p10_ms": 0.12745599448680878, "p90_ms": 0.12780800461769104}, "graph": {"count": 60, "median_ms": 0.12251200154423714, "min_ms": 0.12217599898576736, "p10_ms": 0.12240000069141388, "p90_ms": 0.12272000312805176}, "kind": "performance", "name": "v16_prefetch4", "repeat": 1, "shape": {"batch": 1, "fp32": false, "gate": null, "heads": 12, "lengths": null, "state_mode": "both", "tokens": 2048}}
{"case": 0, "eager": {"count": 60, "median_ms": 0.1624639928340912, "min_ms": 0.16208000481128693, "p10_ms": 0.16223999857902527, "p90_ms": 0.1626559942960739}, "graph": {"count": 60, "median_ms": 0.15936000645160675, "min_ms": 0.15824000537395477, "p10_ms": 0.15916800498962402, "p90_ms": 0.15945599973201752}, "kind": "performance", "name": "v16_delayed_acquire", "repeat": 1, "shape": {"batch": 1, "fp32": false, "gate": null, "heads": 12, "lengths": null, "state_mode": "both", "tokens": 2048}}
{"case": 0, "eager": {"count": 60, "median_ms": 0.14399999380111694, "min_ms": 0.14294399321079254, "p10_ms": 0.1438400000333786, "p90_ms": 0.14416000247001648}, "graph": {"count": 60, "median_ms": 0.1409599930047989, "min_ms": 0.13894400000572205, "p10_ms": 0.14073599874973297, "p90_ms": 0.14099200069904327}, "kind": "performance", "name": "v16_prefetch2", "repeat": 1, "shape": {"batch": 1, "fp32": false, "gate": null, "heads": 12, "lengths": null, "state_mode": "both", "tokens": 2048}}
{"case": 0, "eager": {"count": 60, "median_ms": 0.20747199654579163, "min_ms": 0.20528000593185425, "p10_ms": 0.2056639939546585, "p90_ms": 0.20768000185489655}, "graph": {"count": 60, "median_ms": 0.20236800611019135, "min_ms": 0.20134399831295013, "p10_ms": 0.2022079974412918, "p90_ms": 0.20243200659751892}, "kind": "performance", "name": "v128", "repeat": 2, "shape": {"batch": 1, "fp32": false, "gate": null, "heads": 12, "lengths": null, "state_mode": "both", "tokens": 2048}}
{"case": 0, "eager": {"count": 60, "median_ms": 0.15836800634860992, "min_ms": 0.15724800527095795, "p10_ms": 0.1582079976797104, "p90_ms": 0.15852800011634827}, "graph": {"count": 60, "median_ms": 0.15329600125551224, "min_ms": 0.1531199961900711, "p10_ms": 0.15321600437164307, "p90_ms": 0.15532800555229187}, "kind": "performance", "name": "v32", "repeat": 2, "shape": {"batch": 1, "fp32": false, "gate": null, "heads": 12, "lengths": null, "state_mode": "both", "tokens": 2048}}
{"case": 0, "eager": {"count": 60, "median_ms": 0.1276160031557083, "min_ms": 0.12652799487113953, "p10_ms": 0.12742400169372559, "p90_ms": 0.12774400413036346}, "graph": {"count": 60, "median_ms": 0.12249600142240524, "min_ms": 0.12214399874210358, "p10_ms": 0.1223360002040863, "p90_ms": 0.1228799968957901}, "kind": "performance", "name": "v16_prefetch4", "repeat": 2, "shape": {"batch": 1, "fp32": false, "gate": null, "heads": 12, "lengths": null, "state_mode": "both", "tokens": 2048}}
{"case": 0, "eager": {"count": 60, "median_ms": 0.17068800330162048, "min_ms": 0.17004799842834473, "p10_ms": 0.17052799463272095, "p90_ms": 0.17164799571037292}, "graph": {"count": 60, "median_ms": 0.16755199432373047, "min_ms": 0.16543999314308167, "p10_ms": 0.16636799275875092, "p90_ms": 0.16761599481105804}, "kind": "performance", "name": "v64", "repeat": 2, "shape": {"batch": 1, "fp32": false, "gate": null, "heads": 12, "lengths": null, "state_mode": "both", "tokens": 2048}}
{"case": 0, "eager": {"count": 60, "median_ms": 0.162432000041008, "min_ms": 0.1621440052986145, "p10_ms": 0.16230399906635284, "p90_ms": 0.16262400150299072}, "graph": {"count": 60, "median_ms": 0.15936000645160675, "min_ms": 0.15839999914169312, "p10_ms": 0.15919999778270721, "p90_ms": 0.1595200002193451}, "kind": "performance", "name": "v16_delayed_acquire", "repeat": 2, "shape": {"batch": 1, "fp32": false, "gate": null, "heads": 12, "lengths": null, "state_mode": "both", "tokens": 2048}}
{"case": 0, "eager": {"count": 60, "median_ms": 0.14403200149536133, "min_ms": 0.14300799369812012, "p10_ms": 0.1438080072402954, "p90_ms": 0.14416000247001648}, "graph": {"count": 60, "median_ms": 0.14099200069904327, "min_ms": 0.13920000195503235, "p10_ms": 0.14076800644397736, "p90_ms": 0.14099200069904327}, "kind": "performance", "name": "v16_prefetch2", "repeat": 2, "shape": {"batch": 1, "fp32": false, "gate": null, "heads": 12, "lengths": null, "state_mode": "both", "tokens": 2048}}
{"case": 0, "eager": {"count": 60, "median_ms": 0.1563200056552887, "min_ms": 0.156031996011734, "p10_ms": 0.15612800419330597, "p90_ms": 0.15644800662994385}, "graph": {"count": 60, "median_ms": 0.15321600437164307, "min_ms": 0.15219199657440186, "p10_ms": 0.15305599570274353, "p90_ms": 0.15324799716472626}, "kind": "performance", "name": "v16_early_publish", "repeat": 2, "shape": {"batch": 1, "fp32": false, "gate": null, "heads": 12, "lengths": null, "state_mode": "both", "tokens": 2048}}
{"case": 0, "eager": {"count": 60, "median_ms": 0.2075039967894554, "min_ms": 0.20531199872493744, "p10_ms": 0.20640000700950623, "p90_ms": 0.20768000185489655}, "graph": {"count": 60, "median_ms": 0.2024639993906021, "min_ms": 0.20201599597930908, "p10_ms": 0.20236800611019135, "p90_ms": 0.20444799959659576}, "kind": "performance", "name": "legacy128", "repeat": 2, "shape": {"batch": 1, "fp32": false, "gate": null, "heads": 12, "lengths": null, "state_mode": "both", "tokens": 2048}}
{"case": 0, "eager": {"count": 60, "median_ms": 0.1398719996213913, "min_ms": 0.13887999951839447, "p10_ms": 0.13971200585365295, "p90_ms": 0.1401280015707016}, "graph": {"count": 60, "median_ms": 0.1348160058259964, "min_ms": 0.133760005235672, "p10_ms": 0.13462400436401367, "p90_ms": 0.13491199910640717}, "kind": "performance", "name": "v16_prefetch2_delayed", "repeat": 2, "shape": {"batch": 1, "fp32": false, "gate": null, "heads": 12, "lengths": null, "state_mode": "both", "tokens": 2048}}
{"case": 0, "eager": {"count": 60, "median_ms": 0.15430399775505066, "min_ms": 0.1536960005760193, "p10_ms": 0.15414400398731232, "p90_ms": 0.1544640064239502}, "graph": {"count": 60, "median_ms": 0.14976000040769577, "min_ms": 0.1488640010356903, "p10_ms": 0.14908799529075623, "p90_ms": 0.15123200416564941}, "kind": "performance", "name": "legacy16", "repeat": 2, "shape": {"batch": 1, "fp32": false, "gate": null, "heads": 12, "lengths": null, "state_mode": "both", "tokens": 2048}}
{"case": 0, "eager": {"count": 60, "median_ms": 0.15427200496196747, "min_ms": 0.15321600437164307, "p10_ms": 0.15411199629306793, "p90_ms": 0.1544319987297058}, "graph": {"count": 60, "median_ms": 0.15123200416564941, "min_ms": 0.1502079963684082, "p10_ms": 0.1509760022163391, "p90_ms": 0.1512639969587326}, "kind": "performance", "name": "v16", "repeat": 2, "shape": {"batch": 1, "fp32": false, "gate": null, "heads": 12, "lengths": null, "state_mode": "both", "tokens": 2048}}
{"case": 0, "kind": "shape_complete", "shape": {"batch": 1, "fp32": false, "gate": null, "heads": 12, "lengths": null, "state_mode": "both", "tokens": 2048}}
{"case": 1, "eager": {"count": 60, "median_ms": 0.22803199291229248, "min_ms": 0.22569599747657776, "p10_ms": 0.22598400712013245, "p90_ms": 0.2301120012998581}, "graph": {"count": 60, "median_ms": 0.22483199834823608, "min_ms": 0.2226559966802597, "p10_ms": 0.22291199862957, "p90_ms": 0.22495999932289124}, "kind": "performance", "name": "v16_early_publish", "repeat": 0, "shape": {"batch": 1, "fp32": false, "gate": null, "heads": 12, "lengths": null, "state_mode": "both", "tokens": 3072}}
{"case": 1, "eager": {"count": 60, "median_ms": 0.2503200024366379, "min_ms": 0.24751999974250793, "p10_ms": 0.24835200607776642, "p90_ms": 0.2523840069770813}, "graph": {"count": 60, "median_ms": 0.24542400240898132, "min_ms": 0.24508799612522125, "p10_ms": 0.2452480047941208, "p90_ms": 0.24646399915218353}, "kind": "performance", "name": "v64", "repeat": 0, "shape": {"batch": 1, "fp32": false, "gate": null, "heads": 12, "lengths": null, "state_mode": "both", "tokens": 3072}}
{"case": 1, "eager": {"count": 60, "median_ms": 0.3012160062789917, "min_ms": 0.29955199360847473, "p10_ms": 0.2996160089969635, "p90_ms": 0.3038400113582611}, "graph": {"count": 60, "median_ms": 0.29865598678588867, "min_ms": 0.2964800000190735, "p10_ms": 0.29766398668289185, "p90_ms": 0.29872000217437744}, "kind": "performance", "name": "legacy128", "repeat": 0, "shape": {"batch": 1, "fp32": false, "gate": null, "heads": 12, "lengths": null, "state_mode": "both", "tokens": 3072}}
{"case": 1, "eager": {"count": 60, "median_ms": 0.1849759966135025, "min_ms": 0.18268799781799316, "p10_ms": 0.18297599256038666, "p90_ms": 0.18704000115394592}, "graph": {"count": 60, "median_ms": 0.1799039989709854, "min_ms": 0.1796479970216751, "p10_ms": 0.17974400520324707, "p90_ms": 0.18086400628089905}, "kind": "performance", "name": "v16_prefetch4", "repeat": 0, "shape": {"batch": 1, "fp32": false, "gate": null, "heads": 12, "lengths": null, "state_mode": "both", "tokens": 3072}}
{"case": 1, "eager": {"count": 60, "median_ms": 0.2996799945831299, "min_ms": 0.2993600070476532, "p10_ms": 0.29951998591423035, "p90_ms": 0.3014400005340576}, "graph": {"count": 60, "median_ms": 0.29660800099372864, "min_ms": 0.29628801345825195, "p10_ms": 0.2964160144329071, "p90_ms": 0.29763200879096985}, "kind": "performance", "name": "v128", "repeat": 0, "shape": {"batch": 1, "fp32": false, "gate": null, "heads": 12, "lengths": null, "state_mode": "both", "tokens": 3072}}
{"case": 1, "eager": {"count": 60, "median_ms": 0.20148800313472748, "min_ms": 0.199072003364563, "p10_ms": 0.19948799908161163, "p90_ms": 0.2035199999809265}, "graph": {"count": 60, "median_ms": 0.19833600521087646, "min_ms": 0.19791999459266663, "p10_ms": 0.1982080042362213, "p90_ms": 0.19926400482654572}, "kind": "performance", "name": "v16_prefetch2_delayed", "repeat": 0, "shape": {"batch": 1, "fp32": false, "gate": null, "heads": 12, "lengths": null, "state_mode": "both", "tokens": 3072}}
{"case": 1, "eager": {"count": 60, "median_ms": 0.2362239956855774, "min_ms": 0.23391999304294586, "p10_ms": 0.23414400219917297, "p90_ms": 0.23824000358581543}, "graph": {"count": 60, "median_ms": 0.23311999440193176, "min_ms": 0.23286400735378265, "p10_ms": 0.2329919934272766, "p90_ms": 0.23401600122451782}, "kind": "performance", "name": "v16_delayed_acquire", "repeat": 0, "shape": {"batch": 1, "fp32": false, "gate": null, "heads": 12, "lengths": null, "state_mode": "both", "tokens": 3072}}
{"case": 1, "eager": {"count": 60, "median_ms": 0.2239679992198944, "min_ms": 0.22169600427150726, "p10_ms": 0.22188800573349, "p90_ms": 0.22598400712013245}, "graph": {"count": 60, "median_ms": 0.22084800153970718, "min_ms": 0.21872000396251678, "p10_ms": 0.2205120027065277, "p90_ms": 0.22086399793624878}, "kind": "performance", "name": "legacy16", "repeat": 0, "shape": {"batch": 1, "fp32": false, "gate": null, "heads": 12, "lengths": null, "state_mode": "both", "tokens": 3072}}
{"case": 1, "eager": {"count": 60, "median_ms": 0.20955199748277664, "min_ms": 0.2072959989309311, "p10_ms": 0.20748800039291382, "p90_ms": 0.21161599457263947}, "graph": {"count": 60, "median_ms": 0.20635200291872025, "min_ms": 0.2040639966726303, "p10_ms": 0.20444799959659576, "p90_ms": 0.20652799308300018}, "kind": "performance", "name": "v16_prefetch2", "repeat": 0, "shape": {"batch": 1, "fp32": false, "gate": null, "heads": 12, "lengths": null, "state_mode": "both", "tokens": 3072}}
{"case": 1, "eager": {"count": 60, "median_ms": 0.22390399873256683, "min_ms": 0.2215999960899353, "p10_ms": 0.22182400524616241, "p90_ms": 0.22592000663280487}, "graph": {"count": 60, "median_ms": 0.2226880043745041, "min_ms": 0.22057600319385529, "p10_ms": 0.2207999974489212, "p90_ms": 0.22291199862957}, "kind": "performance", "name": "v16", "repeat": 0, "shape": {"batch": 1, "fp32": false, "gate": null, "heads": 12, "lengths": null, "state_mode": "both", "tokens": 3072}}
{"case": 1, "eager": {"count": 60, "median_ms": 0.23004800081253052, "min_ms": 0.2280000001192093, "p10_ms": 0.22988800704479218, "p90_ms": 0.23203200101852417}, "graph": {"count": 60, "median_ms": 0.22697600722312927, "min_ms": 0.22495999932289124, "p10_ms": 0.2261119931936264, "p90_ms": 0.22707200050354004}, "kind": "performance", "name": "v32", "repeat": 0, "shape": {"batch": 1, "fp32": false, "gate": null, "heads": 12, "lengths": null, "state_mode": "both", "tokens": 3072}}
{"case": 1, "eager": {"count": 60, "median_ms": 0.22393600642681122, "min_ms": 0.2215999960899353, "p10_ms": 0.22182400524616241, "p90_ms": 0.2258560061454773}, "graph": {"count": 60, "median_ms": 0.22273600101470947, "min_ms": 0.22070400416851044, "p10_ms": 0.2208320051431656, "p90_ms": 0.2229440063238144}, "kind": "performance", "name": "v16", "repeat": 1, "shape": {"batch": 1, "fp32": false, "gate": null, "heads": 12, "lengths": null, "state_mode": "both", "tokens": 3072}}
{"case": 1, "eager": {"count": 60, "median_ms": 0.1849920004606247, "min_ms": 0.18275199830532074, "p10_ms": 0.18303999304771423, "p90_ms": 0.18704000115394592}, "graph": {"count": 60, "median_ms": 0.17987200617790222, "min_ms": 0.17958399653434753, "p10_ms": 0.17971199750900269, "p90_ms": 0.1807360053062439}, "kind": "performance", "name": "v16_prefetch4", "repeat": 1, "shape": {"batch": 1, "fp32": false, "gate": null, "heads": 12, "lengths": null, "state_mode": "both", "tokens": 3072}}
{"case": 1, "eager": {"count": 60, "median_ms": 0.2300799936056137, "min_ms": 0.2279359996318817, "p10_ms": 0.22995199263095856, "p90_ms": 0.2319359928369522}, "graph": {"count": 60, "median_ms": 0.22697600722312927, "min_ms": 0.2258239984512329, "p10_ms": 0.22672000527381897, "p90_ms": 0.22710399329662323}, "kind": "performance", "name": "v32", "repeat": 1, "shape": {"batch": 1, "fp32": false, "gate": null, "heads": 12, "lengths": null, "state_mode": "both", "tokens": 3072}}
{"case": 1, "eager": {"count": 60, "median_ms": 0.3006239980459213, "min_ms": 0.29923200607299805, "p10_ms": 0.2995840013027191, "p90_ms": 0.3035840094089508}, "graph": {"count": 60, "median_ms": 0.29865598678588867, "min_ms": 0.29763200879096985, "p10_ms": 0.297791987657547, "p90_ms": 0.29868799448013306}, "kind": "performance", "name": "legacy128", "repeat": 1, "shape": {"batch": 1, "fp32": false, "gate": null, "heads": 12, "lengths": null, "state_mode": "both", "tokens": 3072}}
{"case": 1, "eager": {"count": 60, "median_ms": 0.22804799675941467, "min_ms": 0.22592000663280487, "p10_ms": 0.22780799865722656, "p90_ms": 0.23004800081253052}, "graph": {"count": 60, "median_ms": 0.22489599883556366, "min_ms": 0.22275200486183167, "p10_ms": 0.22288000583648682, "p90_ms": 0.22495999932289124}, "kind": "performance", "name": "v16_early_publish", "repeat": 1, "shape": {"batch": 1, "fp32": false, "gate": null, "heads": 12, "lengths": null, "state_mode": "both", "tokens": 3072}}
{"case": 1, "eager": {"count": 60, "median_ms": 0.2362239956855774, "min_ms": 0.23395200073719025, "p10_ms": 0.23417599499225616, "p90_ms": 0.23824000358581543}, "graph": {"count": 60, "median_ms": 0.23308800160884857, "min_ms": 0.23289600014686584, "p10_ms": 0.23296000063419342, "p90_ms": 0.2341119945049286}, "kind": "performance", "name": "v16_delayed_acquire", "repeat": 1, "shape": {"batch": 1, "fp32": false, "gate": null, "heads": 12, "lengths": null, "state_mode": "both", "tokens": 3072}}
{"case": 1, "eager": {"count": 60, "median_ms": 0.20147199928760529, "min_ms": 0.1990080028772354, "p10_ms": 0.1993280053138733, "p90_ms": 0.20342400670051575}, "graph": {"count": 60, "median_ms": 0.19833600521087646, "min_ms": 0.19782400131225586, "p10_ms": 0.1982080042362213, "p90_ms": 0.19891199469566345}, "kind": "performance", "name": "v16_prefetch2_delayed", "repeat": 1, "shape": {"batch": 1, "fp32": false, "gate": null, "heads": 12, "lengths": null, "state_mode": "both", "tokens": 3072}}
{"case": 1, "eager": {"count": 60, "median_ms": 0.2996799945831299, "min_ms": 0.29926401376724243, "p10_ms": 0.29955199360847473, "p90_ms": 0.30134400725364685}, "graph": {"count": 60, "median_ms": 0.296640008687973, "min_ms": 0.2963840067386627, "p10_ms": 0.2964479923248291, "p90_ms": 0.29766398668289185}, "kind": "performance", "name": "v128", "repeat": 1, "shape": {"batch": 1, "fp32": false, "gate": null, "heads": 12, "lengths": null, "state_mode": "both", "tokens": 3072}}
{"case": 1, "eager": {"count": 60, "median_ms": 0.24854399263858795, "min_ms": 0.24633599817752838, "p10_ms": 0.2481600046157837, "p90_ms": 0.251583993434906}, "graph": {"count": 60, "median_ms": 0.24542400240898132, "min_ms": 0.24422399699687958, "p10_ms": 0.2452480047941208, "p90_ms": 0.24643200635910034}, "kind": "performance", "name": "v64", "repeat": 1, "shape": {"batch": 1, "fp32": false, "gate": null, "heads": 12, "lengths": null, "state_mode": "both", "tokens": 3072}}
{"case": 1, "eager": {"count": 60, "median_ms": 0.20955199748277664, "min_ms": 0.20531199872493744, "p10_ms": 0.20742399990558624, "p90_ms": 0.21161599457263947}, "graph": {"count": 60, "median_ms": 0.206447996199131, "min_ms": 0.204352006316185, "p10_ms": 0.20448000729084015, "p90_ms": 0.20652799308300018}, "kind": "performance", "name": "v16_prefetch2", "repeat": 1, "shape": {"batch": 1, "fp32": false, "gate": null, "heads": 12, "lengths": null, "state_mode": "both", "tokens": 3072}}
{"case": 1, "eager": {"count": 60, "median_ms": 0.2239679992198944, "min_ms": 0.22169600427150726, "p10_ms": 0.22172799706459045, "p90_ms": 0.22592000663280487}, "graph": {"count": 60, "median_ms": 0.2208320051431656, "min_ms": 0.2197120040655136, "p10_ms": 0.21990400552749634, "p90_ms": 0.22086399793624878}, "kind": "performance", "name": "legacy16", "repeat": 1, "shape": {"batch": 1, "fp32": false, "gate": null, "heads": 12, "lengths": null, "state_mode": "both", "tokens": 3072}}
{"case": 1, "eager": {"count": 60, "median_ms": 0.20956799387931824, "min_ms": 0.20553599298000336, "p10_ms": 0.207519993185997, "p90_ms": 0.21158400177955627}, "graph": {"count": 60, "median_ms": 0.20636799931526184, "min_ms": 0.20428800582885742, "p10_ms": 0.20444799959659576, "p90_ms": 0.20652799308300018}, "kind": "performance", "name": "v16_prefetch2", "repeat": 2, "shape": {"batch": 1, "fp32": false, "gate": null, "heads": 12, "lengths": null, "state_mode": "both", "tokens": 3072}}
{"case": 1, "eager": {"count": 60, "median_ms": 0.2998720109462738, "min_ms": 0.2994239926338196, "p10_ms": 0.2995840013027191, "p90_ms": 0.30188798904418945}, "graph": {"count": 60, "median_ms": 0.2986240088939667, "min_ms": 0.29660800099372864, "p10_ms": 0.29763200879096985, "p90_ms": 0.29868799448013306}, "kind": "performance", "name": "legacy128", "repeat": 2, "shape": {"batch": 1, "fp32": false, "gate": null, "heads": 12, "lengths": null, "state_mode": "both", "tokens": 3072}}
{"case": 1, "eager": {"count": 60, "median_ms": 0.22388800233602524, "min_ms": 0.2215999960899353, "p10_ms": 0.22179199755191803, "p90_ms": 0.22595199942588806}, "graph": {"count": 60, "median_ms": 0.22273600101470947, "min_ms": 0.22073599696159363, "p10_ms": 0.2207999974489212, "p90_ms": 0.22288000583648682}, "kind": "performance", "name": "v16", "repeat": 2, "shape": {"batch": 1, "fp32": false, "gate": null, "heads": 12, "lengths": null, "state_mode": "both", "tokens": 3072}}
{"case": 1, "eager": {"count": 60, "median_ms": 0.22393600642681122, "min_ms": 0.22172799706459045, "p10_ms": 0.2218559980392456, "p90_ms": 0.22595199942588806}, "graph": {"count": 60, "median_ms": 0.22086399793624878, "min_ms": 0.2197760045528412, "p10_ms": 0.22064000368118286, "p90_ms": 0.22086399793624878}, "kind": "performance", "name": "legacy16", "repeat": 2, "shape": {"batch": 1, "fp32": false, "gate": null, "heads": 12, "lengths": null, "state_mode": "both", "tokens": 3072}}
{"case": 1, "eager": {"count": 60, "median_ms": 0.2362079992890358, "min_ms": 0.2337920069694519, "p10_ms": 0.2341119945049286, "p90_ms": 0.23827199637889862}, "graph": {"count": 60, "median_ms": 0.23315200209617615, "min_ms": 0.23292799293994904, "p10_ms": 0.2329919934272766, "p90_ms": 0.23398399353027344}, "kind": "performance", "name": "v16_delayed_acquire", "repeat": 2, "shape": {"batch": 1, "fp32": false, "gate": null, "heads": 12, "lengths": null, "state_mode": "both", "tokens": 3072}}
{"case": 1, "eager": {"count": 60, "median_ms": 0.2996799945831299, "min_ms": 0.2985920011997223, "p10_ms": 0.29951998591423035, "p90_ms": 0.2998400032520294}, "graph": {"count": 60, "median_ms": 0.29660800099372864, "min_ms": 0.29635199904441833, "p10_ms": 0.2964479923248291, "p90_ms": 0.29766398668289185}, "kind": "performance", "name": "v128", "repeat": 2, "shape": {"batch": 1, "fp32": false, "gate": null, "heads": 12, "lengths": null, "state_mode": "both", "tokens": 3072}}
{"case": 1, "eager": {"count": 60, "median_ms": 0.2300639972090721, "min_ms": 0.22976000607013702, "p10_ms": 0.22998400032520294, "p90_ms": 0.23190400004386902}, "graph": {"count": 60, "median_ms": 0.2269439995288849, "min_ms": 0.22572800517082214, "p10_ms": 0.22646400332450867, "p90_ms": 0.22707200050354004}, "kind": "performance", "name": "v32", "repeat": 2, "shape": {"batch": 1, "fp32": false, "gate": null, "heads": 12, "lengths": null, "state_mode": "both", "tokens": 3072}}
{"case": 1, "eager": {"count": 60, "median_ms": 0.2014079988002777, "min_ms": 0.19913600385189056, "p10_ms": 0.19942399859428406, "p90_ms": 0.2035519927740097}, "graph": {"count": 60, "median_ms": 0.1982720047235489, "min_ms": 0.19804799556732178, "p10_ms": 0.19817599654197693, "p90_ms": 0.2001280039548874}, "kind": "performance", "name": "v16_prefetch2_delayed", "repeat": 2, "shape": {"batch": 1, "fp32": false, "gate": null, "heads": 12, "lengths": null, "state_mode": "both", "tokens": 3072}}
{"case": 1, "eager": {"count": 60, "median_ms": 0.22803199291229248, "min_ms": 0.22569599747657776, "p10_ms": 0.22764800488948822, "p90_ms": 0.2300799936056137}, "graph": {"count": 60, "median_ms": 0.2247999981045723, "min_ms": 0.22281600534915924, "p10_ms": 0.22288000583648682, "p90_ms": 0.22499200701713562}, "kind": "performance", "name": "v16_early_publish", "repeat": 2, "shape": {"batch": 1, "fp32": false, "gate": null, "heads": 12, "lengths": null, "state_mode": "both", "tokens": 3072}}
{"case": 1, "eager": {"count": 60, "median_ms": 0.2486559972167015, "min_ms": 0.24643200635910034, "p10_ms": 0.2483839988708496, "p90_ms": 0.25062400102615356}, "graph": {"count": 60, "median_ms": 0.24544000625610352, "min_ms": 0.24508799612522125, "p10_ms": 0.24527999758720398, "p90_ms": 0.24646399915218353}, "kind": "performance", "name": "v64", "repeat": 2, "shape": {"batch": 1, "fp32": false, "gate": null, "heads": 12, "lengths": null, "state_mode": "both", "tokens": 3072}}
{"case": 1, "eager": {"count": 60, "median_ms": 0.18502399325370789, "min_ms": 0.18086400628089905, "p10_ms": 0.18297599256038666, "p90_ms": 0.18700799345970154}, "graph": {"count": 60, "median_ms": 0.17987200617790222, "min_ms": 0.1796479970216751, "p10_ms": 0.17977599799633026, "p90_ms": 0.18016000092029572}, "kind": "performance", "name": "v16_prefetch4", "repeat": 2, "shape": {"batch": 1, "fp32": false, "gate": null, "heads": 12, "lengths": null, "state_mode": "both", "tokens": 3072}}
{"case": 1, "kind": "shape_complete", "shape": {"batch": 1, "fp32": false, "gate": null, "heads": 12, "lengths": null, "state_mode": "both", "tokens": 3072}}
{"case": 2, "eager": {"count": 60, "median_ms": 0.24009600281715393, "min_ms": 0.2380480021238327, "p10_ms": 0.23817600309848785, "p90_ms": 0.24054400622844696}, "graph": {"count": 60, "median_ms": 0.23721599578857422, "min_ms": 0.23615999519824982, "p10_ms": 0.2369920015335083, "p90_ms": 0.23740799725055695}, "kind": "performance", "name": "v16_prefetch4", "repeat": 0, "shape": {"batch": 1, "fp32": false, "gate": null, "heads": 12, "lengths": null, "state_mode": "both", "tokens": 4096}}
{"case": 2, "eager": {"count": 60, "median_ms": 0.3972799926996231, "min_ms": 0.3940480053424835, "p10_ms": 0.39583998918533325, "p90_ms": 0.3998720049858093}, "graph": {"count": 60, "median_ms": 0.3948799967765808, "min_ms": 0.39289599657058716, "p10_ms": 0.39392000436782837, "p90_ms": 0.39587199687957764}, "kind": "performance", "name": "v128", "repeat": 0, "shape": {"batch": 1, "fp32": false, "gate": null, "heads": 12, "lengths": null, "state_mode": "both", "tokens": 4096}}
{"case": 2, "eager": {"count": 60, "median_ms": 0.29367999732494354, "min_ms": 0.2932159900665283, "p10_ms": 0.2934400141239166, "p90_ms": 0.2956799864768982}, "graph": {"count": 60, "median_ms": 0.29049599170684814, "min_ms": 0.2894720137119293, "p10_ms": 0.290336012840271, "p90_ms": 0.29148799180984497}, "kind": "performance", "name": "v16", "repeat": 0, "shape": {"batch": 1, "fp32": false, "gate": null, "heads": 12, "lengths": null, "state_mode": "both", "tokens": 4096}}
{"case": 2, "eager": {"count": 60, "median_ms": 0.2977119982242584, "min_ms": 0.296671986579895, "p10_ms": 0.2975359857082367, "p90_ms": 0.29971200227737427}, "graph": {"count": 60, "median_ms": 0.2945280075073242, "min_ms": 0.29423999786376953, "p10_ms": 0.29443201422691345, "p90_ms": 0.29555198550224304}, "kind": "performance", "name": "v16_early_publish", "repeat": 0, "shape": {"batch": 1, "fp32": false, "gate": null, "heads": 12, "lengths": null, "state_mode": "both", "tokens": 4096}}
{"case": 2, "eager": {"count": 60, "median_ms": 0.3097600042819977, "min_ms": 0.3076159954071045, "p10_ms": 0.3078399896621704, "p90_ms": 0.31193599104881287}, "graph": {"count": 60, "median_ms": 0.3068160116672516, "min_ms": 0.3064959943294525, "p10_ms": 0.30665600299835205, "p90_ms": 0.3078719973564148}, "kind": "performance", "name": "v16_delayed_acquire", "repeat": 0, "shape": {"batch": 1, "fp32": false, "gate": null, "heads": 12, "lengths": null, "state_mode": "both", "tokens": 4096}}
{"case": 2, "eager": {"count": 60, "median_ms": 0.29363200068473816, "min_ms": 0.29311999678611755, "p10_ms": 0.2934400141239166, "p90_ms": 0.2956160008907318}, "graph": {"count": 60, "median_ms": 0.29046401381492615, "min_ms": 0.28944000601768494, "p10_ms": 0.2902719974517822, "p90_ms": 0.2913280129432678}, "kind": "performance", "name": "legacy16", "repeat": 0, "shape": {"batch": 1, "fp32": false, "gate": null, "heads": 12, "lengths": null, "state_mode": "both", "tokens": 4096}}
{"case": 2, "eager": {"count": 60, "median_ms": 0.2730239927768707, "min_ms": 0.2707839906215668, "p10_ms": 0.2709119915962219, "p90_ms": 0.27510398626327515}, "graph": {"count": 60, "median_ms": 0.26998400688171387, "min_ms": 0.2696959972381592, "p10_ms": 0.26982399821281433, "p90_ms": 0.2710080146789551}, "kind": "performance", "name": "v16_prefetch2", "repeat": 0, "shape": {"batch": 1, "fp32": false, "gate": null, "heads": 12, "lengths": null, "state_mode": "both", "tokens": 4096}}
{"case": 2, "eager": {"count": 60, "median_ms": 0.29977598786354065, "min_ms": 0.2994239926338196, "p10_ms": 0.29955199360847473, "p90_ms": 0.30182400345802307}, "graph": {"count": 60, "median_ms": 0.2985439896583557, "min_ms": 0.29635199904441833, "p10_ms": 0.29657599329948425, "p90_ms": 0.29868799448013306}, "kind": "performance", "name": "v32", "repeat": 0, "shape": {"batch": 1, "fp32": false, "gate": null, "heads": 12, "lengths": null, "state_mode": "both", "tokens": 4096}}
{"case": 2, "eager": {"count": 60, "median_ms": 0.3263680040836334, "min_ms": 0.32528001070022583, "p10_ms": 0.3261759877204895, "p90_ms": 0.32838401198387146}, "graph": {"count": 60, "median_ms": 0.32526400685310364, "min_ms": 0.3240959942340851, "p10_ms": 0.3250559866428375, "p90_ms": 0.32547199726104736}, "kind": "performance", "name": "v64", "repeat": 0, "shape": {"batch": 1, "fp32": false, "gate": null, "heads": 12, "lengths": null, "state_mode": "both", "tokens": 4096}}
{"case": 2, "eager": {"count": 60, "median_ms": 0.3978880047798157, "min_ms": 0.39577600359916687, "p10_ms": 0.395904004573822, "p90_ms": 0.3998720049858093}, "graph": {"count": 60, "median_ms": 0.3947039991617203, "min_ms": 0.39263999462127686, "p10_ms": 0.3928000032901764, "p90_ms": 0.3949440121650696}, "kind": "performance", "name": "legacy128", "repeat": 0, "shape": {"batch": 1, "fp32": false, "gate": null, "heads": 12, "lengths": null, "state_mode": "both", "tokens": 4096}}
{"case": 2, "eager": {"count": 60, "median_ms": 0.26291200518608093, "min_ms": 0.26256000995635986, "p10_ms": 0.262688010931015, "p90_ms": 0.2650560140609741}, "graph": {"count": 60, "median_ms": 0.26175999641418457, "min_ms": 0.260672003030777, "p10_ms": 0.26150399446487427, "p90_ms": 0.26185598969459534}, "kind": "performance", "name": "v16_prefetch2_delayed", "repeat": 0, "shape": {"batch": 1, "fp32": false, "gate": null, "heads": 12, "lengths": null, "state_mode": "both", "tokens": 4096}}
{"case": 2, "eager": {"count": 60, "median_ms": 0.2998720109462738, "min_ms": 0.2993920147418976, "p10_ms": 0.2995840013027191, "p90_ms": 0.30191999673843384}, "graph": {"count": 60, "median_ms": 0.2984960079193115, "min_ms": 0.29654398560523987, "p10_ms": 0.29660800099372864, "p90_ms": 0.29868799448013306}, "kind": "performance", "name": "v32", "repeat": 1, "shape": {"batch": 1, "fp32": false, "gate": null, "heads": 12, "lengths": null, "state_mode": "both", "tokens": 4096}}
{"case": 2, "eager": {"count": 60, "median_ms": 0.29366400837898254, "min_ms": 0.2932800054550171, "p10_ms": 0.2934400141239166, "p90_ms": 0.2957119941711426}, "graph": {"count": 60, "median_ms": 0.29049599170684814, "min_ms": 0.2903040051460266, "p10_ms": 0.290367990732193, "p90_ms": 0.29148799180984497}, "kind": "performance", "name": "v16", "repeat": 1, "shape": {"batch": 1, "fp32": false, "gate": null, "heads": 12, "lengths": null, "state_mode": "both", "tokens": 4096}}
{"case": 2, "eager": {"count": 60, "median_ms": 0.3263840079307556, "min_ms": 0.3259519934654236, "p10_ms": 0.3261440098285675, "p90_ms": 0.3282879889011383}, "graph": {"count": 60, "median_ms": 0.32528001070022583, "min_ms": 0.3242560029029846, "p10_ms": 0.3250559866428375, "p90_ms": 0.32630398869514465}, "kind": "performance", "name": "v64", "repeat": 1, "shape": {"batch": 1, "fp32": false, "gate": null, "heads": 12, "lengths": null, "state_mode": "both", "tokens": 4096}}
{"case": 2, "eager": {"count": 60, "median_ms": 0.30987200140953064, "min_ms": 0.3076159954071045, "p10_ms": 0.3078399896621704, "p90_ms": 0.31193599104881287}, "graph": {"count": 60, "median_ms": 0.3068479895591736, "min_ms": 0.3065280020236969, "p10_ms": 0.30671998858451843, "p90_ms": 0.3078399896621704}, "kind": "performance", "name": "v16_delayed_acquire", "repeat": 1, "shape": {"batch": 1, "fp32": false, "gate": null, "heads": 12, "lengths": null, "state_mode": "both", "tokens": 4096}}
{"case": 2, "eager": {"count": 60, "median_ms": 0.23838400095701218, "min_ms": 0.2380480021238327, "p10_ms": 0.23824000358581543, "p90_ms": 0.240447998046875}, "graph": {"count": 60, "median_ms": 0.2372480034828186, "min_ms": 0.23615999519824982, "p10_ms": 0.23705600202083588, "p90_ms": 0.23737600445747375}, "kind": "performance", "name": "v16_prefetch4", "repeat": 1, "shape": {"batch": 1, "fp32": false, "gate": null, "heads": 12, "lengths": null, "state_mode": "both", "tokens": 4096}}
{"case": 2, "eager": {"count": 60, "median_ms": 0.272816002368927, "min_ms": 0.2709119915962219, "p10_ms": 0.2710080146789551, "p90_ms": 0.27504000067710876}, "graph": {"count": 60, "median_ms": 0.27001601457595825, "min_ms": 0.26976001262664795, "p10_ms": 0.2698880136013031, "p90_ms": 0.27184000611305237}, "kind": "performance", "name": "v16_prefetch2", "repeat": 1, "shape": {"batch": 1, "fp32": false, "gate": null, "heads": 12, "lengths": null, "state_mode": "both", "tokens": 4096}}
{"case": 2, "eager": {"count": 60, "median_ms": 0.3978880047798157, "min_ms": 0.39398398995399475, "p10_ms": 0.39583998918533325, "p90_ms": 0.3999359905719757}, "graph": {"count": 60, "median_ms": 0.3948799967765808, "min_ms": 0.3935680091381073, "p10_ms": 0.3946239948272705, "p90_ms": 0.39580801129341125}, "kind": "performance", "name": "v128", "repeat": 1, "shape": {"batch": 1, "fp32": false, "gate": null, "heads": 12, "lengths": null, "state_mode": "both", "tokens": 4096}}
{"case": 2, "eager": {"count": 60, "median_ms": 0.39796799421310425, "min_ms": 0.39577600359916687, "p10_ms": 0.3959360122680664, "p90_ms": 0.4000000059604645}, "graph": {"count": 60, "median_ms": 0.3939040005207062, "min_ms": 0.3925119936466217, "p10_ms": 0.3928320109844208, "p90_ms": 0.3949440121650696}, "kind": "performance", "name": "legacy128", "repeat": 1, "shape": {"batch": 1, "fp32": false, "gate": null, "heads": 12, "lengths": null, "state_mode": "both", "tokens": 4096}}
{"case": 2, "eager": {"count": 60, "median_ms": 0.29769599437713623, "min_ms": 0.29660800099372864, "p10_ms": 0.2975359857082367, "p90_ms": 0.29971200227737427}, "graph": {"count": 60, "median_ms": 0.2945919930934906, "min_ms": 0.2943679988384247, "p10_ms": 0.29446399211883545, "p90_ms": 0.29548799991607666}, "kind": "performance", "name": "v16_early_publish", "repeat": 1, "shape": {"batch": 1, "fp32": false, "gate": null, "heads": 12, "lengths": null, "state_mode": "both", "tokens": 4096}}
{"case": 2, "eager": {"count": 60, "median_ms": 0.2629600018262863, "min_ms": 0.26259198784828186, "p10_ms": 0.262719988822937, "p90_ms": 0.2648319900035858}, "graph": {"count": 60, "median_ms": 0.26175999641418457, "min_ms": 0.2605760097503662, "p10_ms": 0.26156800985336304, "p90_ms": 0.2619839906692505}, "kind": "performance", "name": "v16_prefetch2_delayed", "repeat": 1, "shape": {"batch": 1, "fp32": false, "gate": null, "heads": 12, "lengths": null, "state_mode": "both", "tokens": 4096}}
{"case": 2, "eager": {"count": 60, "median_ms": 0.29369598627090454, "min_ms": 0.2932479977607727, "p10_ms": 0.29340800642967224, "p90_ms": 0.2956160008907318}, "graph": {"count": 60, "median_ms": 0.29043200612068176, "min_ms": 0.28940799832344055, "p10_ms": 0.29020801186561584, "p90_ms": 0.2906239926815033}, "kind": "performance", "name": "legacy16", "repeat": 1, "shape": {"batch": 1, "fp32": false, "gate": null, "heads": 12, "lengths": null, "state_mode": "both", "tokens": 4096}}
{"case": 2, "eager": {"count": 60, "median_ms": 0.3978880047798157, "min_ms": 0.39375999569892883, "p10_ms": 0.395904004573822, "p90_ms": 0.3998720049858093}, "graph": {"count": 60, "median_ms": 0.3949120044708252, "min_ms": 0.39375999569892883, "p10_ms": 0.39398398995399475, "p90_ms": 0.39510399103164673}, "kind": "performance", "name": "v128", "repeat": 2, "shape": {"batch": 1, "fp32": false, "gate": null, "heads": 12, "lengths": null, "state_mode": "both", "tokens": 4096}}
{"case": 2, "eager": {"count": 60, "median_ms": 0.39795199036598206, "min_ms": 0.39558398723602295, "p10_ms": 0.3959360122680664, "p90_ms": 0.4000000059604645}, "graph": {"count": 60, "median_ms": 0.3948320001363754, "min_ms": 0.3928000032901764, "p10_ms": 0.39289599657058716, "p90_ms": 0.39500799775123596}, "kind": "performance", "name": "legacy128", "repeat": 2, "shape": {"batch": 1, "fp32": false, "gate": null, "heads": 12, "lengths": null, "state_mode": "both", "tokens": 4096}}
{"case": 2, "eager": {"count": 60, "median_ms": 0.29364800453186035, "min_ms": 0.2929919958114624, "p10_ms": 0.2934719920158386, "p90_ms": 0.2956480085849762}, "graph": {"count": 60, "median_ms": 0.29049599170684814, "min_ms": 0.28944000601768494, "p10_ms": 0.290336012840271, "p90_ms": 0.29148799180984497}, "kind": "performance", "name": "legacy16", "repeat": 2, "shape": {"batch": 1, "fp32": false, "gate": null, "heads": 12, "lengths": null, "state_mode": "both", "tokens": 4096}}
{"case": 2, "eager": {"count": 60, "median_ms": 0.2977119982242584, "min_ms": 0.2972800135612488, "p10_ms": 0.2975040078163147, "p90_ms": 0.29974400997161865}, "graph": {"count": 60, "median_ms": 0.2945599853992462, "min_ms": 0.2942720055580139, "p10_ms": 0.29449599981307983, "p90_ms": 0.2955839931964874}, "kind": "performance", "name": "v16_early_publish", "repeat": 2, "shape": {"batch": 1, "fp32": false, "gate": null, "heads": 12, "lengths": null, "state_mode": "both", "tokens": 4096}}
{"case": 2, "eager": {"count": 60, "median_ms": 0.27296000719070435, "min_ms": 0.27081599831581116, "p10_ms": 0.2710080146789551, "p90_ms": 0.274944007396698}, "graph": {"count": 60, "median_ms": 0.2699519991874695, "min_ms": 0.2696959972381592, "p10_ms": 0.26982399821281433, "p90_ms": 0.2710080146789551}, "kind": "performance", "name": "v16_prefetch2", "repeat": 2, "shape": {"batch": 1, "fp32": false, "gate": null, "heads": 12, "lengths": null, "state_mode": "both", "tokens": 4096}}
{"case": 2, "eager": {"count": 60, "median_ms": 0.29367999732494354, "min_ms": 0.2933120131492615, "p10_ms": 0.293503999710083, "p90_ms": 0.2956160008907318}, "graph": {"count": 60, "median_ms": 0.29043200612068176, "min_ms": 0.2900159955024719, "p10_ms": 0.290336012840271, "p90_ms": 0.29148799180984497}, "kind": "performance", "name": "v16", "repeat": 2, "shape": {"batch": 1, "fp32": false, "gate": null, "heads": 12, "lengths": null, "state_mode": "both", "tokens": 4096}}
{"case": 2, "eager": {"count": 60, "median_ms": 0.26335999369621277, "min_ms": 0.26256000995635986, "p10_ms": 0.2627840042114258, "p90_ms": 0.2648639976978302}, "graph": {"count": 60, "median_ms": 0.26179200410842896, "min_ms": 0.26070401072502136, "p10_ms": 0.2613759934902191, "p90_ms": 0.26185598969459534}, "kind": "performance", "name": "v16_prefetch2_delayed", "repeat": 2, "shape": {"batch": 1, "fp32": false, "gate": null, "heads": 12, "lengths": null, "state_mode": "both", "tokens": 4096}}
{"case": 2, "eager": {"count": 60, "median_ms": 0.23998399823904037, "min_ms": 0.2380480021238327, "p10_ms": 0.23814399540424347, "p90_ms": 0.24035200476646423}, "graph": {"count": 60, "median_ms": 0.23718400299549103, "min_ms": 0.23612800240516663, "p10_ms": 0.2369920015335083, "p90_ms": 0.2372799962759018}, "kind": "performance", "name": "v16_prefetch4", "repeat": 2, "shape": {"batch": 1, "fp32": false, "gate": null, "heads": 12, "lengths": null, "state_mode": "both", "tokens": 4096}}
{"case": 2, "eager": {"count": 60, "median_ms": 0.3263680040836334, "min_ms": 0.32524800300598145, "p10_ms": 0.3261440098285675, "p90_ms": 0.3293119966983795}, "graph": {"count": 60, "median_ms": 0.3253119885921478, "min_ms": 0.32416000962257385, "p10_ms": 0.3251200020313263, "p90_ms": 0.32556799054145813}, "kind": "performance", "name": "v64", "repeat": 2, "shape": {"batch": 1, "fp32": false, "gate": null, "heads": 12, "lengths": null, "state_mode": "both", "tokens": 4096}}
{"case": 2, "eager": {"count": 60, "median_ms": 0.29974400997161865, "min_ms": 0.29948800802230835, "p10_ms": 0.2996160089969635, "p90_ms": 0.30182400345802307}, "graph": {"count": 60, "median_ms": 0.2985920011997223, "min_ms": 0.29654398560523987, "p10_ms": 0.296640008687973, "p90_ms": 0.29868799448013306}, "kind": "performance", "name": "v32", "repeat": 2, "shape": {"batch": 1, "fp32": false, "gate": null, "heads": 12, "lengths": null, "state_mode": "both", "tokens": 4096}}
{"case": 2, "eager": {"count": 60, "median_ms": 0.309904009103775, "min_ms": 0.3075520098209381, "p10_ms": 0.3078399896621704, "p90_ms": 0.3118720054626465}, "graph": {"count": 60, "median_ms": 0.3068479895591736, "min_ms": 0.3065919876098633, "p10_ms": 0.30668801069259644, "p90_ms": 0.30777600407600403}, "kind": "performance", "name": "v16_delayed_acquire", "repeat": 2, "shape": {"batch": 1, "fp32": false, "gate": null, "heads": 12, "lengths": null, "state_mode": "both", "tokens": 4096}}
{"case": 2, "kind": "shape_complete", "shape": {"batch": 1, "fp32": false, "gate": null, "heads": 12, "lengths": null, "state_mode": "both", "tokens": 4096}}
{"case": 3, "eager": {"count": 60, "median_ms": 0.43244799971580505, "min_ms": 0.43059200048446655, "p10_ms": 0.4306879937648773, "p90_ms": 0.43296000361442566}, "graph": {"count": 60, "median_ms": 0.4296799898147583, "min_ms": 0.4274879992008209, "p10_ms": 0.42771199345588684, "p90_ms": 0.42979198694229126}, "kind": "performance", "name": "legacy16", "repeat": 0, "shape": {"batch": 1, "fp32": false, "gate": null, "heads": 12, "lengths": null, "state_mode": "both", "tokens": 6144}}
{"case": 3, "eager": {"count": 60, "median_ms": 0.44121599197387695, "min_ms": 0.44070398807525635, "p10_ms": 0.4408639967441559, "p90_ms": 0.44495999813079834}, "graph": {"count": 60, "median_ms": 0.4399999976158142, "min_ms": 0.4395520091056824, "p10_ms": 0.4398399889469147, "p90_ms": 0.44095999002456665}, "kind": "performance", "name": "v32", "repeat": 0, "shape": {"batch": 1, "fp32": false, "gate": null, "heads": 12, "lengths": null, "state_mode": "both", "tokens": 6144}}
{"case": 3, "eager": {"count": 60, "median_ms": 0.438975989818573, "min_ms": 0.43670400977134705, "p10_ms": 0.4378879964351654, "p90_ms": 0.44099199771881104}, "graph": {"count": 60, "median_ms": 0.43590399622917175, "min_ms": 0.43568000197410583, "p10_ms": 0.435808002948761, "p90_ms": 0.4378879964351654}, "kind": "performance", "name": "v16_early_publish", "repeat": 0, "shape": {"batch": 1, "fp32": false, "gate": null, "heads": 12, "lengths": null, "state_mode": "both", "tokens": 6144}}
{"case": 3, "eager": {"count": 60, "median_ms": 0.58856001496315, "min_ms": 0.5863040089607239, "p10_ms": 0.5883200168609619, "p90_ms": 0.5904960036277771}, "graph": {"count": 60, "median_ms": 0.585536003112793, "min_ms": 0.584384024143219, "p10_ms": 0.585312008857727, "p90_ms": 0.5874239802360535}, "kind": "performance", "name": "v128", "repeat": 0, "shape": {"batch": 1, "fp32": false, "gate": null, "heads": 12, "lengths": null, "state_mode": "both", "tokens": 6144}}
{"case": 3, "eager": {"count": 60, "median_ms": 0.3489280045032501, "min_ms": 0.3468480110168457, "p10_ms": 0.3479999899864197, "p90_ms": 0.3509120047092438}, "graph": {"count": 60, "median_ms": 0.34590399265289307, "min_ms": 0.3455680012702942, "p10_ms": 0.3457599878311157, "p90_ms": 0.34784001111984253}, "kind": "performance", "name": "v16_prefetch4", "repeat": 0, "shape": {"batch": 1, "fp32": false, "gate": null, "heads": 12, "lengths": null, "state_mode": "both", "tokens": 6144}}
{"case": 3, "eager": {"count": 60, "median_ms": 0.5885120034217834, "min_ms": 0.5874239802360535, "p10_ms": 0.5882880091667175, "p90_ms": 0.5904960036277771}, "graph": {"count": 60, "median_ms": 0.5863360166549683, "min_ms": 0.584384024143219, "p10_ms": 0.5853440165519714, "p90_ms": 0.5874239802360535}, "kind": "performance", "name": "legacy128", "repeat": 0, "shape": {"batch": 1, "fp32": false, "gate": null, "heads": 12, "lengths": null, "state_mode": "both", "tokens": 6144}}
{"case": 3, "eager": {"count": 60, "median_ms": 0.3875199854373932, "min_ms": 0.38464000821113586, "p10_ms": 0.3856320083141327, "p90_ms": 0.38784000277519226}, "graph": {"count": 60, "median_ms": 0.3826240003108978, "min_ms": 0.381632000207901, "p10_ms": 0.3824959993362427, "p90_ms": 0.3845439851284027}, "kind": "performance", "name": "v16_prefetch2_delayed", "repeat": 0, "shape": {"batch": 1, "fp32": false, "gate": null, "heads": 12, "lengths": null, "state_mode": "both", "tokens": 6144}}
{"case": 3, "eager": {"count": 60, "median_ms": 0.40012800693511963, "min_ms": 0.39798399806022644, "p10_ms": 0.39817601442337036, "p90_ms": 0.40214401483535767}, "graph": {"count": 60, "median_ms": 0.39695999026298523, "min_ms": 0.3949440121650696, "p10_ms": 0.3959360122680664, "p90_ms": 0.3969919979572296}, "kind": "performance", "name": "v16_prefetch2", "repeat": 0, "shape": {"batch": 1, "fp32": false, "gate": null, "heads": 12, "lengths": null, "state_mode": "both", "tokens": 6144}}
{"case": 3, "eager": {"count": 60, "median_ms": 0.4554719924926758, "min_ms": 0.45423999428749084, "p10_ms": 0.4551680088043213, "p90_ms": 0.4574719965457916}, "graph": {"count": 60, "median_ms": 0.4541119933128357, "min_ms": 0.4521600008010864, "p10_ms": 0.4522559940814972, "p90_ms": 0.4543359875679016}, "kind": "performance", "name": "v16_delayed_acquire", "repeat": 0, "shape": {"batch": 1, "fp32": false, "gate": null, "heads": 12, "lengths": null, "state_mode": "both", "tokens": 6144}}
{"case": 3, "eager": {"count": 60, "median_ms": 0.43246400356292725, "min_ms": 0.43052801489830017, "p10_ms": 0.43065598607063293, "p90_ms": 0.43459200859069824}, "graph": {"count": 60, "median_ms": 0.42976000905036926, "min_ms": 0.42851200699806213, "p10_ms": 0.42928001284599304, "p90_ms": 0.4307200014591217}, "kind": "performance", "name": "v16", "repeat": 0, "shape": {"batch": 1, "fp32": false, "gate": null, "heads": 12, "lengths": null, "state_mode": "both", "tokens": 6144}}
{"case": 3, "eager": {"count": 60, "median_ms": 0.48182401061058044, "min_ms": 0.4795199930667877, "p10_ms": 0.4798719882965088, "p90_ms": 0.48390400409698486}, "graph": {"count": 60, "median_ms": 0.47887998819351196, "min_ms": 0.47779199481010437, "p10_ms": 0.4787200093269348, "p90_ms": 0.4799039959907532}, "kind": "performance", "name": "v64", "repeat": 0, "shape": {"batch": 1, "fp32": false, "gate": null, "heads": 12, "lengths": null, "state_mode": "both", "tokens": 6144}}
{"case": 3, "eager": {"count": 60, "median_ms": 0.4326080083847046, "min_ms": 0.430431991815567, "p10_ms": 0.4307200014591217, "p90_ms": 0.4329279959201813}, "graph": {"count": 60, "median_ms": 0.4297280013561249, "min_ms": 0.4274879992008209, "p10_ms": 0.42771199345588684, "p90_ms": 0.42976000905036926}, "kind": "performance", "name": "legacy16", "repeat": 1, "shape": {"batch": 1, "fp32": false, "gate": null, "heads": 12, "lengths": null, "state_mode": "both", "tokens": 6144}}
{"case": 3, "eager": {"count": 60, "median_ms": 0.44198401272296906, "min_ms": 0.4408000111579895, "p10_ms": 0.44095999002456665, "p90_ms": 0.44492799043655396}, "graph": {"count": 60, "median_ms": 0.4399679899215698, "min_ms": 0.43881601095199585, "p10_ms": 0.4398399889469147, "p90_ms": 0.44099199771881104}, "kind": "performance", "name": "v32", "repeat": 1, "shape": {"batch": 1, "fp32": false, "gate": null, "heads": 12, "lengths": null, "state_mode": "both", "tokens": 6144}}
{"case": 3, "eager": {"count": 60, "median_ms": 0.4326239973306656, "min_ms": 0.43052801489830017, "p10_ms": 0.4306879937648773, "p90_ms": 0.4339520037174225}, "graph": {"count": 60, "median_ms": 0.4297280013561249, "min_ms": 0.4286080002784729, "p10_ms": 0.42953601479530334, "p90_ms": 0.43065598607063293}, "kind": "performance", "name": "v16", "repeat": 1, "shape": {"batch": 1, "fp32": false, "gate": null, "heads": 12, "lengths": null, "state_mode": "both", "tokens": 6144}}
{"case": 3, "eager": {"count": 60, "median_ms": 0.438975989818573, "min_ms": 0.4368959963321686, "p10_ms": 0.4371519982814789, "p90_ms": 0.4410240054130554}, "graph": {"count": 60, "median_ms": 0.43590399622917175, "min_ms": 0.43568000197410583, "p10_ms": 0.4357759952545166, "p90_ms": 0.4379520118236542}, "kind": "performance", "name": "v16_early_publish", "repeat": 1, "shape": {"batch": 1, "fp32": false, "gate": null, "heads": 12, "lengths": null, "state_mode": "both", "tokens": 6144}}
{"case": 3, "eager": {"count": 60, "median_ms": 0.40007999539375305, "min_ms": 0.3978239893913269, "p10_ms": 0.39980798959732056, "p90_ms": 0.4021120071411133}, "graph": {"count": 60, "median_ms": 0.39692801237106323, "min_ms": 0.395904004573822, "p10_ms": 0.3959679901599884, "p90_ms": 0.39711999893188477}, "kind": "performance", "name": "v16_prefetch2", "repeat": 1, "shape": {"batch": 1, "fp32": false, "gate": null, "heads": 12, "lengths": null, "state_mode": "both", "tokens": 6144}}
{"case": 3, "eager": {"count": 60, "median_ms": 0.5889599919319153, "min_ms": 0.5874559879302979, "p10_ms": 0.5883200168609619, "p90_ms": 0.5906239748001099}, "graph": {"count": 60, "median_ms": 0.5864319801330566, "min_ms": 0.5852479934692383, "p10_ms": 0.5853760242462158, "p90_ms": 0.5874559879302979}, "kind": "performance", "name": "legacy128", "repeat": 1, "shape": {"batch": 1, "fp32": false, "gate": null, "heads": 12, "lengths": null, "state_mode": "both", "tokens": 6144}}
{"case": 3, "eager": {"count": 60, "median_ms": 0.3490239977836609, "min_ms": 0.34751999378204346, "p10_ms": 0.34863999485969543, "p90_ms": 0.3509120047092438}, "graph": {"count": 60, "median_ms": 0.34675198793411255, "min_ms": 0.3455680012702942, "p10_ms": 0.34569600224494934, "p90_ms": 0.34780800342559814}, "kind": "performance", "name": "v16_prefetch4", "repeat": 1, "shape": {"batch": 1, "fp32": false, "gate": null, "heads": 12, "lengths": null, "state_mode": "both", "tokens": 6144}}
{"case": 3, "eager": {"count": 60, "median_ms": 0.38625599443912506, "min_ms": 0.38550400733947754, "p10_ms": 0.38553598523139954, "p90_ms": 0.38787201046943665}, "graph": {"count": 60, "median_ms": 0.3826560080051422, "min_ms": 0.3815680146217346, "p10_ms": 0.3824959993362427, "p90_ms": 0.38367998600006104}, "kind": "performance", "name": "v16_prefetch2_delayed", "repeat": 1, "shape": {"batch": 1, "fp32": false, "gate": null, "heads": 12, "lengths": null, "state_mode": "both", "tokens": 6144}}
{"case": 3, "eager": {"count": 60, "median_ms": 0.4554399996995926, "min_ms": 0.4544000029563904, "p10_ms": 0.4551999866962433, "p90_ms": 0.45737600326538086}, "graph": {"count": 60, "median_ms": 0.45417600870132446, "min_ms": 0.4519360065460205, "p10_ms": 0.4522559940814972, "p90_ms": 0.4543359875679016}, "kind": "performance", "name": "v16_delayed_acquire", "repeat": 1, "shape": {"batch": 1, "fp32": false, "gate": null, "heads": 12, "lengths": null, "state_mode": "both", "tokens": 6144}}
{"case": 3, "eager": {"count": 60, "median_ms": 0.5884799957275391, "min_ms": 0.5874559879302979, "p10_ms": 0.5883839726448059, "p90_ms": 0.5905920267105103}, "graph": {"count": 60, "median_ms": 0.5864159762859344, "min_ms": 0.5851839780807495, "p10_ms": 0.5853440165519714, "p90_ms": 0.5874239802360535}, "kind": "performance", "name": "v128", "repeat": 1, "shape": {"batch": 1, "fp32": false, "gate": null, "heads": 12, "lengths": null, "state_mode": "both", "tokens": 6144}}
{"case": 3, "eager": {"count": 60, "median_ms": 0.48185598850250244, "min_ms": 0.47964799404144287, "p10_ms": 0.4798719882965088, "p90_ms": 0.4830400049686432}, "graph": {"count": 60, "median_ms": 0.47891199588775635, "min_ms": 0.47775998711586, "p10_ms": 0.4787519872188568, "p90_ms": 0.4800960123538971}, "kind": "performance", "name": "v64", "repeat": 1, "shape": {"batch": 1, "fp32": false, "gate": null, "heads": 12, "lengths": null, "state_mode": "both", "tokens": 6144}}
{"case": 3, "eager": {"count": 60, "median_ms": 0.5885920226573944, "min_ms": 0.5872319936752319, "p10_ms": 0.5882880091667175, "p90_ms": 0.5905280113220215}, "graph": {"count": 60, "median_ms": 0.5855680108070374, "min_ms": 0.5852159857749939, "p10_ms": 0.5852800011634827, "p90_ms": 0.5874559879302979}, "kind": "performance", "name": "v128", "repeat": 2, "shape": {"batch": 1, "fp32": false, "gate": null, "heads": 12, "lengths": null, "state_mode": "both", "tokens": 6144}}
{"case": 3, "eager": {"count": 60, "median_ms": 0.38577599823474884, "min_ms": 0.38438400626182556, "p10_ms": 0.3856320083141327, "p90_ms": 0.3877759873867035}, "graph": {"count": 60, "median_ms": 0.3826560080051422, "min_ms": 0.3824000060558319, "p10_ms": 0.3824959993362427, "p90_ms": 0.38464000821113586}, "kind": "performance", "name": "v16_prefetch2_delayed", "repeat": 2, "shape": {"batch": 1, "fp32": false, "gate": null, "heads": 12, "lengths": null, "state_mode": "both", "tokens": 6144}}
{"case": 3, "eager": {"count": 60, "median_ms": 0.4817599952220917, "min_ms": 0.47964799404144287, "p10_ms": 0.4798400104045868, "p90_ms": 0.4829759895801544}, "graph": {"count": 60, "median_ms": 0.47884801030158997, "min_ms": 0.47779199481010437, "p10_ms": 0.47868800163269043, "p90_ms": 0.4799039959907532}, "kind": "performance", "name": "v64", "repeat": 2, "shape": {"batch": 1, "fp32": false, "gate": null, "heads": 12, "lengths": null, "state_mode": "both", "tokens": 6144}}
{"case": 3, "eager": {"count": 60, "median_ms": 0.4570240080356598, "min_ms": 0.4541440010070801, "p10_ms": 0.4551680088043213, "p90_ms": 0.45743998885154724}, "graph": {"count": 60, "median_ms": 0.4540959894657135, "min_ms": 0.4520319998264313, "p10_ms": 0.4522239863872528, "p90_ms": 0.4543040096759796}, "kind": "performance", "name": "v16_delayed_acquire", "repeat": 2, "shape": {"batch": 1, "fp32": false, "gate": null, "heads": 12, "lengths": null, "state_mode": "both", "tokens": 6144}}
{"case": 3, "eager": {"count": 60, "median_ms": 0.438944011926651, "min_ms": 0.4368000030517578, "p10_ms": 0.4368639886379242, "p90_ms": 0.4410240054130554}, "graph": {"count": 60, "median_ms": 0.43585599958896637, "min_ms": 0.43561598658561707, "p10_ms": 0.4357120096683502, "p90_ms": 0.4368959963321686}, "kind": "performance", "name": "v16_early_publish", "repeat": 2, "shape": {"batch": 1, "fp32": false, "gate": null, "heads": 12, "lengths": null, "state_mode": "both", "tokens": 6144}}
{"case": 3, "eager": {"count": 60, "median_ms": 0.4326399862766266, "min_ms": 0.4304960072040558, "p10_ms": 0.4306879937648773, "p90_ms": 0.4347839951515198}, "graph": {"count": 60, "median_ms": 0.4296639859676361, "min_ms": 0.4275200068950653, "p10_ms": 0.42771199345588684, "p90_ms": 0.42976000905036926}, "kind": "performance", "name": "legacy16", "repeat": 2, "shape": {"batch": 1, "fp32": false, "gate": null, "heads": 12, "lengths": null, "state_mode": "both", "tokens": 6144}}
{"case": 3, "eager": {"count": 60, "median_ms": 0.3489600121974945, "min_ms": 0.3476479947566986, "p10_ms": 0.3485119938850403, "p90_ms": 0.35094401240348816}, "graph": {"count": 60, "median_ms": 0.3458079993724823, "min_ms": 0.3455039858818054, "p10_ms": 0.34563198685646057, "p90_ms": 0.34780800342559814}, "kind": "performance", "name": "v16_prefetch4", "repeat": 2, "shape": {"batch": 1, "fp32": false, "gate": null, "heads": 12, "lengths": null, "state_mode": "both", "tokens": 6144}}
{"case": 3, "eager": {"count": 60, "median_ms": 0.5884959995746613, "min_ms": 0.586463987827301, "p10_ms": 0.5882880091667175, "p90_ms": 0.5914239883422852}, "graph": {"count": 60, "median_ms": 0.5863839983940125, "min_ms": 0.5842239856719971, "p10_ms": 0.5853440165519714, "p90_ms": 0.5874559879302979}, "kind": "performance", "name": "legacy128", "repeat": 2, "shape": {"batch": 1, "fp32": false, "gate": null, "heads": 12, "lengths": null, "state_mode": "both", "tokens": 6144}}
{"case": 3, "eager": {"count": 60, "median_ms": 0.40009599924087524, "min_ms": 0.39795199036598206, "p10_ms": 0.3997119963169098, "p90_ms": 0.4020799994468689}, "graph": {"count": 60, "median_ms": 0.39691200852394104, "min_ms": 0.3949120044708252, "p10_ms": 0.395904004573822, "p90_ms": 0.397024005651474}, "kind": "performance", "name": "v16_prefetch2", "repeat": 2, "shape": {"batch": 1, "fp32": false, "gate": null, "heads": 12, "lengths": null, "state_mode": "both", "tokens": 6144}}
{"case": 3, "eager": {"count": 60, "median_ms": 0.43267199397087097, "min_ms": 0.43052801489830017, "p10_ms": 0.4306879937648773, "p90_ms": 0.4336960017681122}, "graph": {"count": 60, "median_ms": 0.4296959936618805, "min_ms": 0.4286719858646393, "p10_ms": 0.42956799268722534, "p90_ms": 0.4307200014591217}, "kind": "performance", "name": "v16", "repeat": 2, "shape": {"batch": 1, "fp32": false, "gate": null, "heads": 12, "lengths": null, "state_mode": "both", "tokens": 6144}}
{"case": 3, "eager": {"count": 60, "median_ms": 0.44284799695014954, "min_ms": 0.4407680034637451, "p10_ms": 0.44092801213264465, "p90_ms": 0.44460800290107727}, "graph": {"count": 60, "median_ms": 0.4399360120296478, "min_ms": 0.4389120042324066, "p10_ms": 0.4397439956665039, "p90_ms": 0.44095999002456665}, "kind": "performance", "name": "v32", "repeat": 2, "shape": {"batch": 1, "fp32": false, "gate": null, "heads": 12, "lengths": null, "state_mode": "both", "tokens": 6144}}
{"case": 3, "kind": "shape_complete", "shape": {"batch": 1, "fp32": false, "gate": null, "heads": 12, "lengths": null, "state_mode": "both", "tokens": 6144}}
{"case": 4, "eager": {"count": 60, "median_ms": 0.7790239751338959, "min_ms": 0.7786880135536194, "p10_ms": 0.7787839770317078, "p90_ms": 0.7819520235061646}, "graph": {"count": 60, "median_ms": 0.7768959999084473, "min_ms": 0.7756479978561401, "p10_ms": 0.7757760286331177, "p90_ms": 0.7779200077056885}, "kind": "performance", "name": "v128", "repeat": 0, "shape": {"batch": 1, "fp32": false, "gate": null, "heads": 12, "lengths": null, "state_mode": "both", "tokens": 8192}}
{"case": 4, "eager": {"count": 60, "median_ms": 0.6017440259456635, "min_ms": 0.5995200276374817, "p10_ms": 0.6006079912185669, "p90_ms": 0.6028479933738708}, "graph": {"count": 60, "median_ms": 0.5986399948596954, "min_ms": 0.5974079966545105, "p10_ms": 0.5976319909095764, "p90_ms": 0.5996479988098145}, "kind": "performance", "name": "v16_delayed_acquire", "repeat": 0, "shape": {"batch": 1, "fp32": false, "gate": null, "heads": 12, "lengths": null, "state_mode": "both", "tokens": 8192}}
{"case": 4, "eager": {"count": 60, "median_ms": 0.7789440155029297, "min_ms": 0.7764800190925598, "p10_ms": 0.7778880000114441, "p90_ms": 0.7809919714927673}, "graph": {"count": 60, "median_ms": 0.775871992111206, "min_ms": 0.7746880054473877, "p10_ms": 0.774944007396698, "p90_ms": 0.7778239846229553}, "kind": "performance", "name": "legacy128", "repeat": 0, "shape": {"batch": 1, "fp32": false, "gate": null, "heads": 12, "lengths": null, "state_mode": "both", "tokens": 8192}}
{"case": 4, "eager": {"count": 60, "median_ms": 0.5086399912834167, "min_ms": 0.5063679814338684, "p10_ms": 0.5075839757919312, "p90_ms": 0.5106239914894104}, "graph": {"count": 60, "median_ms": 0.5054720044136047, "min_ms": 0.5041919946670532, "p10_ms": 0.5044479966163635, "p90_ms": 0.506496012210846}, "kind": "performance", "name": "v16_prefetch2_delayed", "repeat": 0, "shape": {"batch": 1, "fp32": false, "gate": null, "heads": 12, "lengths": null, "state_mode": "both", "tokens": 8192}}
{"case": 4, "eager": {"count": 60, "median_ms": 0.6352959871292114, "min_ms": 0.6324800252914429, "p10_ms": 0.6334400177001953, "p90_ms": 0.6356800198554993}, "graph": {"count": 60, "median_ms": 0.6314560174942017, "min_ms": 0.6302400231361389, "p10_ms": 0.6304000020027161, "p90_ms": 0.6325119733810425}, "kind": "performance", "name": "v64", "repeat": 0, "shape": {"batch": 1, "fp32": false, "gate": null, "heads": 12, "lengths": null, "state_mode": "both", "tokens": 8192}}
{"case": 4, "eager": {"count": 60, "median_ms": 0.5829600095748901, "min_ms": 0.5819200277328491, "p10_ms": 0.5821760296821594, "p90_ms": 0.5845440030097961}, "graph": {"count": 60, "median_ms": 0.5813120007514954, "min_ms": 0.5799999833106995, "p10_ms": 0.5802879929542542, "p90_ms": 0.5823360085487366}, "kind": "performance", "name": "v32", "repeat": 0, "shape": {"batch": 1, "fp32": false, "gate": null, "heads": 12, "lengths": null, "state_mode": "both", "tokens": 8192}}
{"case": 4, "eager": {"count": 60, "median_ms": 0.5699680149555206, "min_ms": 0.5677760243415833, "p10_ms": 0.5679680109024048, "p90_ms": 0.5720319747924805}, "graph": {"count": 60, "median_ms": 0.566976010799408, "min_ms": 0.5660799741744995, "p10_ms": 0.5667840242385864, "p90_ms": 0.5680000185966492}, "kind": "performance", "name": "legacy16", "repeat": 0, "shape": {"batch": 1, "fp32": false, "gate": null, "heads": 12, "lengths": null, "state_mode": "both", "tokens": 8192}}
{"case": 4, "eager": {"count": 60, "median_ms": 0.5259679853916168, "min_ms": 0.5247359871864319, "p10_ms": 0.5249599814414978, "p90_ms": 0.5279679894447327}, "graph": {"count": 60, "median_ms": 0.523967981338501, "min_ms": 0.5228800177574158, "p10_ms": 0.5229439735412598, "p90_ms": 0.5247679948806763}, "kind": "performance", "name": "v16_prefetch2", "repeat": 0, "shape": {"batch": 1, "fp32": false, "gate": null, "heads": 12, "lengths": null, "state_mode": "both", "tokens": 8192}}
{"case": 4, "eager": {"count": 60, "median_ms": 0.5698239803314209, "min_ms": 0.5677120089530945, "p10_ms": 0.5679360032081604, "p90_ms": 0.5710399746894836}, "graph": {"count": 60, "median_ms": 0.566976010799408, "min_ms": 0.5663679838180542, "p10_ms": 0.5667840242385864, "p90_ms": 0.5680000185966492}, "kind": "performance", "name": "v16", "repeat": 0, "shape": {"batch": 1, "fp32": false, "gate": null, "heads": 12, "lengths": null, "state_mode": "both", "tokens": 8192}}
{"case": 4, "eager": {"count": 60, "median_ms": 0.45921599864959717, "min_ms": 0.45715200901031494, "p10_ms": 0.4572480022907257, "p90_ms": 0.45952001214027405}, "graph": {"count": 60, "median_ms": 0.4543359875679016, "min_ms": 0.4540160000324249, "p10_ms": 0.4543040096759796, "p90_ms": 0.45638400316238403}, "kind": "performance", "name": "v16_prefetch4", "repeat": 0, "shape": {"batch": 1, "fp32": false, "gate": null, "heads": 12, "lengths": null, "state_mode": "both", "tokens": 8192}}
{"case": 4, "eager": {"count": 60, "median_ms": 0.5781600177288055, "min_ms": 0.5759360194206238, "p10_ms": 0.5761600136756897, "p90_ms": 0.5800960063934326}, "graph": {"count": 60, "median_ms": 0.5751039981842041, "min_ms": 0.5739840269088745, "p10_ms": 0.5741119980812073, "p90_ms": 0.5752000212669373}, "kind": "performance", "name": "v16_early_publish", "repeat": 0, "shape": {"batch": 1, "fp32": false, "gate": null, "heads": 12, "lengths": null, "state_mode": "both", "tokens": 8192}}
{"case": 4, "eager": {"count": 60, "median_ms": 0.6009760200977325, "min_ms": 0.5995519757270813, "p10_ms": 0.6005759835243225, "p90_ms": 0.6028159856796265}, "graph": {"count": 60, "median_ms": 0.5986720025539398, "min_ms": 0.5975679755210876, "p10_ms": 0.5976319909095764, "p90_ms": 0.5997440218925476}, "kind": "performance", "name": "v16_delayed_acquire", "repeat": 1, "shape": {"batch": 1, "fp32": false, "gate": null, "heads": 12, "lengths": null, "state_mode": "both", "tokens": 8192}}
{"case": 4, "eager": {"count": 60, "median_ms": 0.6353600025177002, "min_ms": 0.6314560174942017, "p10_ms": 0.6335039734840393, "p90_ms": 0.637503981590271}, "graph": {"count": 60, "median_ms": 0.6323679983615875, "min_ms": 0.6294080018997192, "p10_ms": 0.6304000020027161, "p90_ms": 0.6325119733810425}, "kind": "performance", "name": "v64", "repeat": 1, "shape": {"batch": 1, "fp32": false, "gate": null, "heads": 12, "lengths": null, "state_mode": "both", "tokens": 8192}}
{"case": 4, "eager": {"count": 60, "median_ms": 0.45868800580501556, "min_ms": 0.4565120041370392, "p10_ms": 0.4573439955711365, "p90_ms": 0.45948800444602966}, "graph": {"count": 60, "median_ms": 0.45529600977897644, "min_ms": 0.4541440010070801, "p10_ms": 0.45423999428749084, "p90_ms": 0.45631998777389526}, "kind": "performance", "name": "v16_prefetch4", "repeat": 1, "shape": {"batch": 1, "fp32": false, "gate": null, "heads": 12, "lengths": null, "state_mode": "both", "tokens": 8192}}
{"case": 4, "eager": {"count": 60, "median_ms": 0.5833600163459778, "min_ms": 0.5821120142936707, "p10_ms": 0.5822719931602478, "p90_ms": 0.5852159857749939}, "graph": {"count": 60, "median_ms": 0.5812479853630066, "min_ms": 0.5802239775657654, "p10_ms": 0.5802559852600098, "p90_ms": 0.5815359950065613}, "kind": "performance", "name": "v32", "repeat": 1, "shape": {"batch": 1, "fp32": false, "gate": null, "heads": 12, "lengths": null, "state_mode": "both", "tokens": 8192}}
{"case": 4, "eager": {"count": 60, "median_ms": 0.7800640165805817, "min_ms": 0.7778559923171997, "p10_ms": 0.7788800001144409, "p90_ms": 0.7809600234031677}, "graph": {"count": 60, "median_ms": 0.7768639922142029, "min_ms": 0.7756800055503845, "p10_ms": 0.7758079767227173, "p90_ms": 0.7778880000114441}, "kind": "performance", "name": "v128", "repeat": 1, "shape": {"batch": 1, "fp32": false, "gate": null, "heads": 12, "lengths": null, "state_mode": "both", "tokens": 8192}}
{"case": 4, "eager": {"count": 60, "median_ms": 0.7791520059108734, "min_ms": 0.7763199806213379, "p10_ms": 0.7770559787750244, "p90_ms": 0.7811200022697449}, "graph": {"count": 60, "median_ms": 0.7766880095005035, "min_ms": 0.7747840285301208, "p10_ms": 0.7757120132446289, "p90_ms": 0.7778559923171997}, "kind": "performance", "name": "legacy128", "repeat": 1, "shape": {"batch": 1, "fp32": false, "gate": null, "heads": 12, "lengths": null, "state_mode": "both", "tokens": 8192}}
{"case": 4, "eager": {"count": 60, "median_ms": 0.5086559951305389, "min_ms": 0.5061759948730469, "p10_ms": 0.5067840218544006, "p90_ms": 0.510591983795166}, "graph": {"count": 60, "median_ms": 0.5055040121078491, "min_ms": 0.5042880177497864, "p10_ms": 0.5045120120048523, "p90_ms": 0.5059840083122253}, "kind": "performance", "name": "v16_prefetch2_delayed", "repeat": 1, "shape": {"batch": 1, "fp32": false, "gate": null, "heads": 12, "lengths": null, "state_mode": "both", "tokens": 8192}}
{"case": 4, "eager": {"count": 60, "median_ms": 0.526671975851059, "min_ms": 0.5247679948806763, "p10_ms": 0.5249279737472534, "p90_ms": 0.5278720259666443}, "graph": {"count": 60, "median_ms": 0.523904025554657, "min_ms": 0.5226879715919495, "p10_ms": 0.5229120254516602, "p90_ms": 0.5241600275039673}, "kind": "performance", "name": "v16_prefetch2", "repeat": 1, "shape": {"batch": 1, "fp32": false, "gate": null, "heads": 12, "lengths": null, "state_mode": "both", "tokens": 8192}}
{"case": 4, "eager": {"count": 60, "median_ms": 0.5699840188026428, "min_ms": 0.5675839781761169, "p10_ms": 0.5679680109024048, "p90_ms": 0.5720639824867249}, "graph": {"count": 60, "median_ms": 0.566976010799408, "min_ms": 0.5659199953079224, "p10_ms": 0.5667840242385864, "p90_ms": 0.5680000185966492}, "kind": "performance", "name": "legacy16", "repeat": 1, "shape": {"batch": 1, "fp32": false, "gate": null, "heads": 12, "lengths": null, "state_mode": "both", "tokens": 8192}}
{"case": 4, "eager": {"count": 60, "median_ms": 0.5699520111083984, "min_ms": 0.5670080184936523, "p10_ms": 0.5678079724311829, "p90_ms": 0.5720959901809692}, "graph": {"count": 60, "median_ms": 0.566976010799408, "min_ms": 0.5657920241355896, "p10_ms": 0.566815972328186, "p90_ms": 0.5680000185966492}, "kind": "performance", "name": "v16", "repeat": 1, "shape": {"batch": 1, "fp32": false, "gate": null, "heads": 12, "lengths": null, "state_mode": "both", "tokens": 8192}}
{"case": 4, "eager": {"count": 60, "median_ms": 0.5782240033149719, "min_ms": 0.5759360194206238, "p10_ms": 0.5761280059814453, "p90_ms": 0.5802879929542542}, "graph": {"count": 60, "median_ms": 0.5751680135726929, "min_ms": 0.5740479826927185, "p10_ms": 0.5741440057754517, "p90_ms": 0.5759040117263794}, "kind": "performance", "name": "v16_early_publish", "repeat": 1, "shape": {"batch": 1, "fp32": false, "gate": null, "heads": 12, "lengths": null, "state_mode": "both", "tokens": 8192}}
{"case": 4, "eager": {"count": 60, "median_ms": 0.5832799971103668, "min_ms": 0.5819839835166931, "p10_ms": 0.582207977771759, "p90_ms": 0.5845119953155518}, "graph": {"count": 60, "median_ms": 0.5812479853630066, "min_ms": 0.5799999833106995, "p10_ms": 0.5802239775657654, "p90_ms": 0.582207977771759}, "kind": "performance", "name": "v32", "repeat": 2, "shape": {"batch": 1, "fp32": false, "gate": null, "heads": 12, "lengths": null, "state_mode": "both", "tokens": 8192}}
{"case": 4, "eager": {"count": 60, "median_ms": 0.5255680084228516, "min_ms": 0.5238720178604126, "p10_ms": 0.5248640179634094, "p90_ms": 0.5279359817504883}, "graph": {"count": 60, "median_ms": 0.5239359736442566, "min_ms": 0.522816002368927, "p10_ms": 0.5229439735412598, "p90_ms": 0.5239999890327454}, "kind": "performance", "name": "v16_prefetch2", "repeat": 2, "shape": {"batch": 1, "fp32": false, "gate": null, "heads": 12, "lengths": null, "state_mode": "both", "tokens": 8192}}
{"case": 4, "eager": {"count": 60, "median_ms": 0.779343992471695, "min_ms": 0.7767360210418701, "p10_ms": 0.7786880135536194, "p90_ms": 0.7811520099639893}, "graph": {"count": 60, "median_ms": 0.7763359844684601, "min_ms": 0.7747840285301208, "p10_ms": 0.7757760286331177, "p90_ms": 0.7779200077056885}, "kind": "performance", "name": "legacy128", "repeat": 2, "shape": {"batch": 1, "fp32": false, "gate": null, "heads": 12, "lengths": null, "state_mode": "both", "tokens": 8192}}
{"case": 4, "eager": {"count": 60, "median_ms": 0.5781760215759277, "min_ms": 0.5759360194206238, "p10_ms": 0.5761280059814453, "p90_ms": 0.5802559852600098}, "graph": {"count": 60, "median_ms": 0.5751039981842041, "min_ms": 0.5739520192146301, "p10_ms": 0.5740799903869629, "p90_ms": 0.5752959847450256}, "kind": "performance", "name": "v16_early_publish", "repeat": 2, "shape": {"batch": 1, "fp32": false, "gate": null, "heads": 12, "lengths": null, "state_mode": "both", "tokens": 8192}}
{"case": 4, "eager": {"count": 60, "median_ms": 0.45926401019096375, "min_ms": 0.45712000131607056, "p10_ms": 0.4573119878768921, "p90_ms": 0.45955199003219604}, "graph": {"count": 60, "median_ms": 0.45524799823760986, "min_ms": 0.4540160000324249, "p10_ms": 0.45420798659324646, "p90_ms": 0.45638400316238403}, "kind": "performance", "name": "v16_prefetch4", "repeat": 2, "shape": {"batch": 1, "fp32": false, "gate": null, "heads": 12, "lengths": null, "state_mode": "both", "tokens": 8192}}
{"case": 4, "eager": {"count": 60, "median_ms": 0.7807520031929016, "min_ms": 0.7780159711837769, "p10_ms": 0.7788479924201965, "p90_ms": 0.7811200022697449}, "graph": {"count": 60, "median_ms": 0.7768959999084473, "min_ms": 0.7756159901618958, "p10_ms": 0.7758079767227173, "p90_ms": 0.7779200077056885}, "kind": "performance", "name": "v128", "repeat": 2, "shape": {"batch": 1, "fp32": false, "gate": null, "heads": 12, "lengths": null, "state_mode": "both", "tokens": 8192}}
{"case": 4, "eager": {"count": 60, "median_ms": 0.5699840188026428, "min_ms": 0.5677120089530945, "p10_ms": 0.5679680109024048, "p90_ms": 0.5717759728431702}, "graph": {"count": 60, "median_ms": 0.566976010799408, "min_ms": 0.5666880011558533, "p10_ms": 0.5668479800224304, "p90_ms": 0.5680320262908936}, "kind": "performance", "name": "legacy16", "repeat": 2, "shape": {"batch": 1, "fp32": false, "gate": null, "heads": 12, "lengths": null, "state_mode": "both", "tokens": 8192}}
{"case": 4, "eager": {"count": 60, "median_ms": 0.6352799832820892, "min_ms": 0.6315199732780457, "p10_ms": 0.6334080100059509, "p90_ms": 0.635807991027832}, "graph": {"count": 60, "median_ms": 0.6314560174942017, "min_ms": 0.6301440000534058, "p10_ms": 0.6304000020027161, "p90_ms": 0.6325119733810425}, "kind": "performance", "name": "v64", "repeat": 2, "shape": {"batch": 1, "fp32": false, "gate": null, "heads": 12, "lengths": null, "state_mode": "both", "tokens": 8192}}
{"case": 4, "eager": {"count": 60, "median_ms": 0.5086239874362946, "min_ms": 0.5063999891281128, "p10_ms": 0.5065600275993347, "p90_ms": 0.5105599761009216}, "graph": {"count": 60, "median_ms": 0.5055040121078491, "min_ms": 0.504256010055542, "p10_ms": 0.5045120120048523, "p90_ms": 0.5056959986686707}, "kind": "performance", "name": "v16_prefetch2_delayed", "repeat": 2, "shape": {"batch": 1, "fp32": false, "gate": null, "heads": 12, "lengths": null, "state_mode": "both", "tokens": 8192}}
{"case": 4, "eager": {"count": 60, "median_ms": 0.5699520111083984, "min_ms": 0.5669440031051636, "p10_ms": 0.5679360032081604, "p90_ms": 0.5720319747924805}, "graph": {"count": 60, "median_ms": 0.566976010799408, "min_ms": 0.5659520030021667, "p10_ms": 0.5667840242385864, "p90_ms": 0.5680000185966492}, "kind": "performance", "name": "v16", "repeat": 2, "shape": {"batch": 1, "fp32": false, "gate": null, "heads": 12, "lengths": null, "state_mode": "both", "tokens": 8192}}
{"case": 4, "eager": {"count": 60, "median_ms": 0.6016480028629303, "min_ms": 0.5996800065040588, "p10_ms": 0.6005759835243225, "p90_ms": 0.6028479933738708}, "graph": {"count": 60, "median_ms": 0.5986559987068176, "min_ms": 0.5974400043487549, "p10_ms": 0.5975679755210876, "p90_ms": 0.5996800065040588}, "kind": "performance", "name": "v16_delayed_acquire", "repeat": 2, "shape": {"batch": 1, "fp32": false, "gate": null, "heads": 12, "lengths": null, "state_mode": "both", "tokens": 8192}}
{"case": 4, "kind": "shape_complete", "shape": {"batch": 1, "fp32": false, "gate": null, "heads": 12, "lengths": null, "state_mode": "both", "tokens": 8192}}
{"case": 5, "eager": {"count": 60, "median_ms": 1.2473120093345642, "min_ms": 1.244704008102417, "p10_ms": 1.2457280158996582, "p90_ms": 1.2490240335464478}, "graph": {"count": 60, "median_ms": 1.2442559599876404, "min_ms": 1.242751955986023, "p10_ms": 1.2428159713745117, "p90_ms": 1.2458879947662354}, "kind": "performance", "name": "v64", "repeat": 0, "shape": {"batch": 1, "fp32": false, "gate": null, "heads": 12, "lengths": null, "state_mode": "both", "tokens": 16384}}
{"case": 5, "eager": {"count": 60, "median_ms": 1.1354239583015442, "min_ms": 1.1330560445785522, "p10_ms": 1.1333119869232178, "p90_ms": 1.1373440027236938}, "graph": {"count": 60, "median_ms": 1.1330400109291077, "min_ms": 1.1310399770736694, "p10_ms": 1.1320960521697998, "p90_ms": 1.133247971534729}, "kind": "performance", "name": "v16_early_publish", "repeat": 0, "shape": {"batch": 1, "fp32": false, "gate": null, "heads": 12, "lengths": null, "state_mode": "both", "tokens": 16384}}
{"case": 5, "eager": {"count": 60, "median_ms": 1.5367680191993713, "min_ms": 1.533568024635315, "p10_ms": 1.534559965133667, "p90_ms": 1.5396480560302734}, "graph": {"count": 60, "median_ms": 1.5346239805221558, "min_ms": 1.5315519571304321, "p10_ms": 1.5335040092468262, "p90_ms": 1.5366400480270386}, "kind": "performance", "name": "v128", "repeat": 0, "shape": {"batch": 1, "fp32": false, "gate": null, "heads": 12, "lengths": null, "state_mode": "both", "tokens": 16384}}
{"case": 5, "eager": {"count": 60, "median_ms": 1.119088053703308, "min_ms": 1.1167999505996704, "p10_ms": 1.1178239583969116, "p90_ms": 1.1219840049743652}, "graph": {"count": 60, "median_ms": 1.1177440285682678, "min_ms": 1.1158080101013184, "p10_ms": 1.1167360544204712, "p90_ms": 1.1187200546264648}, "kind": "performance", "name": "v16", "repeat": 0, "shape": {"batch": 1, "fp32": false, "gate": null, "heads": 12, "lengths": null, "state_mode": "both", "tokens": 16384}}
{"case": 5, "eager": {"count": 60, "median_ms": 0.8957440257072449, "min_ms": 0.8933759927749634, "p10_ms": 0.8935999870300293, "p90_ms": 0.8977599740028381}, "graph": {"count": 60, "median_ms": 0.8925759792327881, "min_ms": 0.8913599848747253, "p10_ms": 0.8923519849777222, "p90_ms": 0.8936640024185181}, "kind": "performance", "name": "v16_prefetch4", "repeat": 0, "shape": {"batch": 1, "fp32": false, "gate": null, "heads": 12, "lengths": null, "state_mode": "both", "tokens": 16384}}
{"case": 5, "eager": {"count": 60, "median_ms": 1.1191360354423523, "min_ms": 1.1166399717330933, "p10_ms": 1.1177599430084229, "p90_ms": 1.1210880279541016}, "graph": {"count": 60, "median_ms": 1.1168639659881592, "min_ms": 1.1157439947128296, "p10_ms": 1.1166080236434937, "p90_ms": 1.1178879737854004}, "kind": "performance", "name": "legacy16", "repeat": 0, "shape": {"batch": 1, "fp32": false, "gate": null, "heads": 12, "lengths": null, "state_mode": "both", "tokens": 16384}}
{"case": 5, "eager": {"count": 60, "median_ms": 0.9959679841995239, "min_ms": 0.9928640127182007, "p10_ms": 0.9939200282096863, "p90_ms": 0.9978560209274292}, "graph": {"count": 60, "median_ms": 0.9929280281066895, "min_ms": 0.9917439818382263, "p10_ms": 0.9919040203094482, "p90_ms": 0.9949439764022827}, "kind": "performance", "name": "v16_prefetch2_delayed", "repeat": 0, "shape": {"batch": 1, "fp32": false, "gate": null, "heads": 12, "lengths": null, "state_mode": "both", "tokens": 16384}}
{"case": 5, "eager": {"count": 60, "median_ms": 1.1821759939193726, "min_ms": 1.1799360513687134, "p10_ms": 1.1803200244903564, "p90_ms": 1.1843199729919434}, "graph": {"count": 60, "median_ms": 1.1793279647827148, "min_ms": 1.1781439781188965, "p10_ms": 1.1783039569854736, "p90_ms": 1.180351972579956}, "kind": "performance", "name": "v16_delayed_acquire", "repeat": 0, "shape": {"batch": 1, "fp32": false, "gate": null, "heads": 12, "lengths": null, "state_mode": "both", "tokens": 16384}}
{"case": 5, "eager": {"count": 60, "median_ms": 1.536687970161438, "min_ms": 1.5334399938583374, "p10_ms": 1.5346239805221558, "p90_ms": 1.540671944618225}, "graph": {"count": 60, "median_ms": 1.5345920324325562, "min_ms": 1.5324480533599854, "p10_ms": 1.533568024635315, "p90_ms": 1.5366079807281494}, "kind": "performance", "name": "legacy128", "repeat": 0, "shape": {"batch": 1, "fp32": false, "gate": null, "heads": 12, "lengths": null, "state_mode": "both", "tokens": 16384}}
{"case": 5, "eager": {"count": 60, "median_ms": 1.146496057510376, "min_ms": 1.1435840129852295, "p10_ms": 1.1446399688720703, "p90_ms": 1.1486079692840576}, "graph": {"count": 60, "median_ms": 1.1434720158576965, "min_ms": 1.142367959022522, "p10_ms": 1.1424640417099, "p90_ms": 1.144544005393982}, "kind": "performance", "name": "v32", "repeat": 0, "shape": {"batch": 1, "fp32": false, "gate": null, "heads": 12, "lengths": null, "state_mode": "both", "tokens": 16384}}
{"case": 5, "eager": {"count": 60, "median_ms": 1.0306560397148132, "min_ms": 1.0276800394058228, "p10_ms": 1.0286719799041748, "p90_ms": 1.0320639610290527}, "graph": {"count": 60, "median_ms": 1.0285919904708862, "min_ms": 1.0266879796981812, "p10_ms": 1.0275839567184448, "p90_ms": 1.0289280414581299}, "kind": "performance", "name": "v16_prefetch2", "repeat": 0, "shape": {"batch": 1, "fp32": false, "gate": null, "heads": 12, "lengths": null, "state_mode": "both", "tokens": 16384}}
{"case": 5, "eager": {"count": 60, "median_ms": 1.181376039981842, "min_ms": 1.179103970527649, "p10_ms": 1.1802879571914673, "p90_ms": 1.1840319633483887}, "graph": {"count": 60, "median_ms": 1.179311990737915, "min_ms": 1.1781760454177856, "p10_ms": 1.1782399415969849, "p90_ms": 1.1804159879684448}, "kind": "performance", "name": "v16_delayed_acquire", "repeat": 1, "shape": {"batch": 1, "fp32": false, "gate": null, "heads": 12, "lengths": null, "state_mode": "both", "tokens": 16384}}
{"case": 5, "eager": {"count": 60, "median_ms": 1.1353920102119446, "min_ms": 1.1330879926681519, "p10_ms": 1.133247971534729, "p90_ms": 1.1373759508132935}, "graph": {"count": 60, "median_ms": 1.1322239637374878, "min_ms": 1.1310399770736694, "p10_ms": 1.131168007850647, "p90_ms": 1.133247971534729}, "kind": "performance", "name": "v16_early_publish", "repeat": 1, "shape": {"batch": 1, "fp32": false, "gate": null, "heads": 12, "lengths": null, "state_mode": "both", "tokens": 16384}}
{"case": 5, "eager": {"count": 60, "median_ms": 0.9959519803524017, "min_ms": 0.9929280281066895, "p10_ms": 0.9940159916877747, "p90_ms": 0.9970560073852539}, "graph": {"count": 60, "median_ms": 0.9939200282096863, "min_ms": 0.9919040203094482, "p10_ms": 0.9928960204124451, "p90_ms": 0.9950079917907715}, "kind": "performance", "name": "v16_prefetch2_delayed", "repeat": 1, "shape": {"batch": 1, "fp32": false, "gate": null, "heads": 12, "lengths": null, "state_mode": "both", "tokens": 16384}}
{"case": 5, "eager": {"count": 60, "median_ms": 1.5368000268936157, "min_ms": 1.5333119630813599, "p10_ms": 1.5344959497451782, "p90_ms": 1.540671944618225}, "graph": {"count": 60, "median_ms": 1.5345920324325562, "min_ms": 1.5326080322265625, "p10_ms": 1.5335359573364258, "p90_ms": 1.5366400480270386}, "kind": "performance", "name": "v128", "repeat": 1, "shape": {"batch": 1, "fp32": false, "gate": null, "heads": 12, "lengths": null, "state_mode": "both", "tokens": 16384}}
{"case": 5, "eager": {"count": 60, "median_ms": 0.8956480026245117, "min_ms": 0.8933759927749634, "p10_ms": 0.8935679793357849, "p90_ms": 0.8977919816970825}, "graph": {"count": 60, "median_ms": 0.8925759792327881, "min_ms": 0.8915200233459473, "p10_ms": 0.8915839791297913, "p90_ms": 0.8936319947242737}, "kind": "performance", "name": "v16_prefetch4", "repeat": 1, "shape": {"batch": 1, "fp32": false, "gate": null, "heads": 12, "lengths": null, "state_mode": "both", "tokens": 16384}}
{"case": 5, "eager": {"count": 60, "median_ms": 1.1197279691696167, "min_ms": 1.116927981376648, "p10_ms": 1.1178239583969116, "p90_ms": 1.1220159530639648}, "graph": {"count": 60, "median_ms": 1.1168639659881592, "min_ms": 1.1157439947128296, "p10_ms": 1.1159679889678955, "p90_ms": 1.1178879737854004}, "kind": "performance", "name": "v16", "repeat": 1, "shape": {"batch": 1, "fp32": false, "gate": null, "heads": 12, "lengths": null, "state_mode": "both", "tokens": 16384}}
{"case": 5, "eager": {"count": 60, "median_ms": 1.1465599536895752, "min_ms": 1.1443840265274048, "p10_ms": 1.1446080207824707, "p90_ms": 1.149407982826233}, "graph": {"count": 60, "median_ms": 1.1434240341186523, "min_ms": 1.1423360109329224, "p10_ms": 1.1424319744110107, "p90_ms": 1.1444799900054932}, "kind": "performance", "name": "v32", "repeat": 1, "shape": {"batch": 1, "fp32": false, "gate": null, "heads": 12, "lengths": null, "state_mode": "both", "tokens": 16384}}
{"case": 5, "eager": {"count": 60, "median_ms": 1.119871973991394, "min_ms": 1.1166720390319824, "p10_ms": 1.1178560256958008, "p90_ms": 1.1217279434204102}, "graph": {"count": 60, "median_ms": 1.1168639659881592, "min_ms": 1.1156799793243408, "p10_ms": 1.1160639524459839, "p90_ms": 1.1178879737854004}, "kind": "performance", "name": "legacy16", "repeat": 1, "shape": {"batch": 1, "fp32": false, "gate": null, "heads": 12, "lengths": null, "state_mode": "both", "tokens": 16384}}
{"case": 5, "eager": {"count": 60, "median_ms": 1.5367039442062378, "min_ms": 1.5335999727249146, "p10_ms": 1.5346239805221558, "p90_ms": 1.5406080484390259}, "graph": {"count": 60, "median_ms": 1.534656047821045, "min_ms": 1.5323840379714966, "p10_ms": 1.533568024635315, "p90_ms": 1.5366719961166382}, "kind": "performance", "name": "legacy128", "repeat": 1, "shape": {"batch": 1, "fp32": false, "gate": null, "heads": 12, "lengths": null, "state_mode": "both", "tokens": 16384}}
{"case": 5, "eager": {"count": 60, "median_ms": 1.0307199954986572, "min_ms": 1.0280319452285767, "p10_ms": 1.0287359952926636, "p90_ms": 1.0319679975509644}, "graph": {"count": 60, "median_ms": 1.0277760028839111, "min_ms": 1.0266239643096924, "p10_ms": 1.027519941329956, "p90_ms": 1.0297600030899048}, "kind": "performance", "name": "v16_prefetch2", "repeat": 1, "shape": {"batch": 1, "fp32": false, "gate": null, "heads": 12, "lengths": null, "state_mode": "both", "tokens": 16384}}
{"case": 5, "eager": {"count": 60, "median_ms": 1.2477440237998962, "min_ms": 1.2436480522155762, "p10_ms": 1.2457599639892578, "p90_ms": 1.2499200105667114}, "graph": {"count": 60, "median_ms": 1.2438719868659973, "min_ms": 1.2426879405975342, "p10_ms": 1.2435840368270874, "p90_ms": 1.2458879947662354}, "kind": "performance", "name": "v64", "repeat": 1, "shape": {"batch": 1, "fp32": false, "gate": null, "heads": 12, "lengths": null, "state_mode": "both", "tokens": 16384}}
{"case": 5, "eager": {"count": 60, "median_ms": 1.1822400093078613, "min_ms": 1.1801279783248901, "p10_ms": 1.1802239418029785, "p90_ms": 1.183616042137146}, "graph": {"count": 60, "median_ms": 1.1793599724769592, "min_ms": 1.1781439781188965, "p10_ms": 1.1790720224380493, "p90_ms": 1.1803840398788452}, "kind": "performance", "name": "v16_delayed_acquire", "repeat": 2, "shape": {"batch": 1, "fp32": false, "gate": null, "heads": 12, "lengths": null, "state_mode": "both", "tokens": 16384}}
{"case": 5, "eager": {"count": 60, "median_ms": 1.118880033493042, "min_ms": 1.116703987121582, "p10_ms": 1.1176960468292236, "p90_ms": 1.1210240125656128}, "graph": {"count": 60, "median_ms": 1.1168639659881592, "min_ms": 1.114848017692566, "p10_ms": 1.115839958190918, "p90_ms": 1.1178879737854004}, "kind": "performance", "name": "legacy16", "repeat": 2, "shape": {"batch": 1, "fp32": false, "gate": null, "heads": 12, "lengths": null, "state_mode": "both", "tokens": 16384}}
{"case": 5, "eager": {"count": 60, "median_ms": 1.5367839932441711, "min_ms": 1.5335040092468262, "p10_ms": 1.5346239805221558, "p90_ms": 1.538815975189209}, "graph": {"count": 60, "median_ms": 1.5345920324325562, "min_ms": 1.532480001449585, "p10_ms": 1.5326080322265625, "p90_ms": 1.5367039442062378}, "kind": "performance", "name": "legacy128", "repeat": 2, "shape": {"batch": 1, "fp32": false, "gate": null, "heads": 12, "lengths": null, "state_mode": "both", "tokens": 16384}}
{"case": 5, "eager": {"count": 60, "median_ms": 0.9958400130271912, "min_ms": 0.9928960204124451, "p10_ms": 0.9939200282096863, "p90_ms": 0.9981759786605835}, "graph": {"count": 60, "median_ms": 0.9937759935855865, "min_ms": 0.9917439818382263, "p10_ms": 0.9927039742469788, "p90_ms": 0.9949759840965271}, "kind": "performance", "name": "v16_prefetch2_delayed", "repeat": 2, "shape": {"batch": 1, "fp32": false, "gate": null, "heads": 12, "lengths": null, "state_mode": "both", "tokens": 16384}}
{"case": 5, "eager": {"count": 60, "median_ms": 1.5366719961166382, "min_ms": 1.5335999727249146, "p10_ms": 1.5346239805221558, "p90_ms": 1.538815975189209}, "graph": {"count": 60, "median_ms": 1.534656047821045, "min_ms": 1.5323519706726074, "p10_ms": 1.533568024635315, "p90_ms": 1.5366400480270386}, "kind": "performance", "name": "v128", "repeat": 2, "shape": {"batch": 1, "fp32": false, "gate": null, "heads": 12, "lengths": null, "state_mode": "both", "tokens": 16384}}
{"case": 5, "eager": {"count": 60, "median_ms": 1.1469919681549072, "min_ms": 1.144320011138916, "p10_ms": 1.1446720361709595, "p90_ms": 1.1486400365829468}, "graph": {"count": 60, "median_ms": 1.143455982208252, "min_ms": 1.1423360109329224, "p10_ms": 1.1424640417099, "p90_ms": 1.1445120573043823}, "kind": "performance", "name": "v32", "repeat": 2, "shape": {"batch": 1, "fp32": false, "gate": null, "heads": 12, "lengths": null, "state_mode": "both", "tokens": 16384}}
{"case": 5, "eager": {"count": 60, "median_ms": 1.1197759509086609, "min_ms": 1.1166080236434937, "p10_ms": 1.1178239583969116, "p90_ms": 1.1219520568847656}, "graph": {"count": 60, "median_ms": 1.1169120073318481, "min_ms": 1.1148159503936768, "p10_ms": 1.116703987121582, "p90_ms": 1.1179200410842896}, "kind": "performance", "name": "v16", "repeat": 2, "shape": {"batch": 1, "fp32": false, "gate": null, "heads": 12, "lengths": null, "state_mode": "both", "tokens": 16384}}
{"case": 5, "eager": {"count": 60, "median_ms": 0.8956800103187561, "min_ms": 0.8933759927749634, "p10_ms": 0.8935999870300293, "p90_ms": 0.898688018321991}, "graph": {"count": 60, "median_ms": 0.8925759792327881, "min_ms": 0.8914560079574585, "p10_ms": 0.8915200233459473, "p90_ms": 0.8935999870300293}, "kind": "performance", "name": "v16_prefetch4", "repeat": 2, "shape": {"batch": 1, "fp32": false, "gate": null, "heads": 12, "lengths": null, "state_mode": "both", "tokens": 16384}}
{"case": 5, "eager": {"count": 60, "median_ms": 1.2473280429840088, "min_ms": 1.2446719408035278, "p10_ms": 1.245695948600769, "p90_ms": 1.2500159740447998}, "graph": {"count": 60, "median_ms": 1.2447680234909058, "min_ms": 1.2426879405975342, "p10_ms": 1.2436480522155762, "p90_ms": 1.2458560466766357}, "kind": "performance", "name": "v64", "repeat": 2, "shape": {"batch": 1, "fp32": false, "gate": null, "heads": 12, "lengths": null, "state_mode": "both", "tokens": 16384}}
{"case": 5, "eager": {"count": 60, "median_ms": 1.1352959871292114, "min_ms": 1.1331520080566406, "p10_ms": 1.1341439485549927, "p90_ms": 1.137503981590271}, "graph": {"count": 60, "median_ms": 1.1322399973869324, "min_ms": 1.1309759616851807, "p10_ms": 1.1311999559402466, "p90_ms": 1.133247971534729}, "kind": "performance", "name": "v16_early_publish", "repeat": 2, "shape": {"batch": 1, "fp32": false, "gate": null, "heads": 12, "lengths": null, "state_mode": "both", "tokens": 16384}}
{"case": 5, "eager": {"count": 60, "median_ms": 1.0309280157089233, "min_ms": 1.0275839567184448, "p10_ms": 1.0287679433822632, "p90_ms": 1.0328960418701172}, "graph": {"count": 60, "median_ms": 1.0282400250434875, "min_ms": 1.0266879796981812, "p10_ms": 1.0275839567184448, "p90_ms": 1.028831958770752}, "kind": "performance", "name": "v16_prefetch2", "repeat": 2, "shape": {"batch": 1, "fp32": false, "gate": null, "heads": 12, "lengths": null, "state_mode": "both", "tokens": 16384}}
{"case": 5, "kind": "shape_complete", "shape": {"batch": 1, "fp32": false, "gate": null, "heads": 12, "lengths": null, "state_mode": "both", "tokens": 16384}}
{"case": 6, "eager": {"count": 60, "median_ms": 0.8157439827919006, "min_ms": 0.812608003616333, "p10_ms": 0.813696026802063, "p90_ms": 0.8177919983863831}, "graph": {"count": 60, "median_ms": 0.8127679824829102, "min_ms": 0.811456024646759, "p10_ms": 0.8125439882278442, "p90_ms": 0.8147519826889038}, "kind": "performance", "name": "legacy128", "repeat": 0, "shape": {"batch": 1, "fp32": false, "gate": null, "heads": 24, "lengths": null, "state_mode": "both", "tokens": 8192}}
{"case": 6, "eager": {"count": 60, "median_ms": 0.6437119841575623, "min_ms": 0.6416320204734802, "p10_ms": 0.6417919993400574, "p90_ms": 0.6458240151405334}, "graph": {"count": 60, "median_ms": 0.6406720280647278, "min_ms": 0.6396480202674866, "p10_ms": 0.6404479742050171, "p90_ms": 0.6425920128822327}, "kind": "performance", "name": "legacy16", "repeat": 0, "shape": {"batch": 1, "fp32": false, "gate": null, "heads": 24, "lengths": null, "state_mode": "both", "tokens": 8192}}
{"case": 6, "eager": {"count": 60, "median_ms": 0.6785280108451843, "min_ms": 0.6763200163841248, "p10_ms": 0.6766080260276794, "p90_ms": 0.6806399822235107}, "graph": {"count": 60, "median_ms": 0.6754879951477051, "min_ms": 0.6744959950447083, "p10_ms": 0.6753280162811279, "p90_ms": 0.6765440106391907}, "kind": "performance", "name": "v16_delayed_acquire", "repeat": 0, "shape": {"batch": 1, "fp32": false, "gate": null, "heads": 24, "lengths": null, "state_mode": "both", "tokens": 8192}}
{"case": 6, "eager": {"count": 60, "median_ms": 0.6437119841575623, "min_ms": 0.6408640146255493, "p10_ms": 0.6417919993400574, "p90_ms": 0.6458240151405334}, "graph": {"count": 60, "median_ms": 0.6406400203704834, "min_ms": 0.6384320259094238, "p10_ms": 0.639680027961731, "p90_ms": 0.6415039896965027}, "kind": "performance", "name": "v16", "repeat": 0, "shape": {"batch": 1, "fp32": false, "gate": null, "heads": 24, "lengths": null, "state_mode": "both", "tokens": 8192}}
{"case": 6, "eager": {"count": 60, "median_ms": 0.6410880088806152, "min_ms": 0.62745600938797, "p10_ms": 0.6313920021057129, "p90_ms": 0.6477439999580383}, "graph": {"count": 60, "median_ms": 0.6406400203704834, "min_ms": 0.6261119842529297, "p10_ms": 0.6304640173912048, "p90_ms": 0.6436160206794739}, "kind": "performance", "name": "v16_prefetch4", "repeat": 0, "shape": {"batch": 1, "fp32": false, "gate": null, "heads": 24, "lengths": null, "state_mode": "both", "tokens": 8192}}
{"case": 6, "eager": {"count": 60, "median_ms": 0.6683200001716614, "min_ms": 0.6661760210990906, "p10_ms": 0.666271984577179, "p90_ms": 0.6704639792442322}, "graph": {"count": 60, "median_ms": 0.6652160286903381, "min_ms": 0.6642240285873413, "p10_ms": 0.6643199920654297, "p90_ms": 0.666271984577179}, "kind": "performance", "name": "v64", "repeat": 0, "shape": {"batch": 1, "fp32": false, "gate": null, "heads": 24, "lengths": null, "state_mode": "both", "tokens": 8192}}
{"case": 6, "eager": {"count": 60, "median_ms": 0.6519039869308472, "min_ms": 0.6498240232467651, "p10_ms": 0.6499840021133423, "p90_ms": 0.6539520025253296}, "graph": {"count": 60, "median_ms": 0.6488959789276123, "min_ms": 0.6478719711303711, "p10_ms": 0.6487360000610352, "p90_ms": 0.6499199867248535}, "kind": "performance", "name": "v16_early_publish", "repeat": 0, "shape": {"batch": 1, "fp32": false, "gate": null, "heads": 24, "lengths": null, "state_mode": "both", "tokens": 8192}}
{"case": 6, "eager": {"count": 60, "median_ms": 0.6191679835319519, "min_ms": 0.6170560121536255, "p10_ms": 0.6172159910202026, "p90_ms": 0.6213120222091675}, "graph": {"count": 60, "median_ms": 0.616096019744873, "min_ms": 0.6151040196418762, "p10_ms": 0.6158720254898071, "p90_ms": 0.6170880198478699}, "kind": "performance", "name": "v32", "repeat": 0, "shape": {"batch": 1, "fp32": false, "gate": null, "heads": 24, "lengths": null, "state_mode": "both", "tokens": 8192}}
{"case": 6, "eager": {"count": 60, "median_ms": 0.8176000118255615, "min_ms": 0.8135679960250854, "p10_ms": 0.8147839903831482, "p90_ms": 0.8198080062866211}, "graph": {"count": 60, "median_ms": 0.813696026802063, "min_ms": 0.8116480112075806, "p10_ms": 0.812608003616333, "p90_ms": 0.8147839903831482}, "kind": "performance", "name": "v128", "repeat": 0, "shape": {"batch": 1, "fp32": false, "gate": null, "heads": 24, "lengths": null, "state_mode": "both", "tokens": 8192}}
{"case": 6, "eager": {"count": 60, "median_ms": 0.6274880170822144, "min_ms": 0.6232960224151611, "p10_ms": 0.6252480149269104, "p90_ms": 0.6314560174942017}, "graph": {"count": 60, "median_ms": 0.6242560148239136, "min_ms": 0.6219199895858765, "p10_ms": 0.6222400069236755, "p90_ms": 0.6253439784049988}, "kind": "performance", "name": "v16_prefetch2_delayed", "repeat": 0, "shape": {"batch": 1, "fp32": false, "gate": null, "heads": 24, "lengths": null, "state_mode": "both", "tokens": 8192}}
{"case": 6, "eager": {"count": 60, "median_ms": 0.6293279826641083, "min_ms": 0.6253119707107544, "p10_ms": 0.6272000074386597, "p90_ms": 0.631488025188446}, "graph": {"count": 60, "median_ms": 0.6263359785079956, "min_ms": 0.6242560148239136, "p10_ms": 0.6252800226211548, "p90_ms": 0.628383994102478}, "kind": "performance", "name": "v16_prefetch2", "repeat": 0, "shape": {"batch": 1, "fp32": false, "gate": null, "heads": 24, "lengths": null, "state_mode": "both", "tokens": 8192}}
{"case": 6, "eager": {"count": 60, "median_ms": 0.6438080072402954, "min_ms": 0.6415039896965027, "p10_ms": 0.6418560147285461, "p90_ms": 0.6458240151405334}, "graph": {"count": 60, "median_ms": 0.6406400203704834, "min_ms": 0.638592004776001, "p10_ms": 0.6396160125732422, "p90_ms": 0.6407999992370605}, "kind": "performance", "name": "v16", "repeat": 1, "shape": {"batch": 1, "fp32": false, "gate": null, "heads": 24, "lengths": null, "state_mode": "both", "tokens": 8192}}
{"case": 6, "eager": {"count": 60, "median_ms": 0.6785440146923065, "min_ms": 0.6764479875564575, "p10_ms": 0.6765440106391907, "p90_ms": 0.6806079745292664}, "graph": {"count": 60, "median_ms": 0.6755200028419495, "min_ms": 0.6740800142288208, "p10_ms": 0.6753280162811279, "p90_ms": 0.6773759722709656}, "kind": "performance", "name": "v16_delayed_acquire", "repeat": 1, "shape": {"batch": 1, "fp32": false, "gate": null, "heads": 24, "lengths": null, "state_mode": "both", "tokens": 8192}}
{"case": 6, "eager": {"count": 60, "median_ms": 0.6191679835319519, "min_ms": 0.6170240044593811, "p10_ms": 0.6171519756317139, "p90_ms": 0.6212800145149231}, "graph": {"count": 60, "median_ms": 0.616096019744873, "min_ms": 0.6150400042533875, "p10_ms": 0.6159679889678955, "p90_ms": 0.6171200275421143}, "kind": "performance", "name": "v32", "repeat": 1, "shape": {"batch": 1, "fp32": false, "gate": null, "heads": 24, "lengths": null, "state_mode": "both", "tokens": 8192}}
{"case": 6, "eager": {"count": 60, "median_ms": 0.6406079828739166, "min_ms": 0.6293439865112305, "p10_ms": 0.6316159963607788, "p90_ms": 0.6456959843635559}, "graph": {"count": 60, "median_ms": 0.637584000825882, "min_ms": 0.6271679997444153, "p10_ms": 0.628383994102478, "p90_ms": 0.6427519917488098}, "kind": "performance", "name": "v16_prefetch4", "repeat": 1, "shape": {"batch": 1, "fp32": false, "gate": null, "heads": 24, "lengths": null, "state_mode": "both", "tokens": 8192}}
{"case": 6, "eager": {"count": 60, "median_ms": 0.6293759942054749, "min_ms": 0.6252480149269104, "p10_ms": 0.627232015132904, "p90_ms": 0.6324480175971985}, "graph": {"count": 60, "median_ms": 0.6263039708137512, "min_ms": 0.6240320205688477, "p10_ms": 0.6252800226211548, "p90_ms": 0.6276159882545471}, "kind": "performance", "name": "v16_prefetch2", "repeat": 1, "shape": {"batch": 1, "fp32": false, "gate": null, "heads": 24, "lengths": null, "state_mode": "both", "tokens": 8192}}
{"case": 6, "eager": {"count": 60, "median_ms": 0.6446720063686371, "min_ms": 0.6417279839515686, "p10_ms": 0.6435840129852295, "p90_ms": 0.6467840075492859}, "graph": {"count": 60, "median_ms": 0.6408320069313049, "min_ms": 0.6401600241661072, "p10_ms": 0.6405119895935059, "p90_ms": 0.642687976360321}, "kind": "performance", "name": "legacy16", "repeat": 1, "shape": {"batch": 1, "fp32": false, "gate": null, "heads": 24, "lengths": null, "state_mode": "both", "tokens": 8192}}
{"case": 6, "eager": {"count": 60, "median_ms": 0.6519840061664581, "min_ms": 0.6498559713363647, "p10_ms": 0.6517120003700256, "p90_ms": 0.6540160179138184}, "graph": {"count": 60, "median_ms": 0.6497440040111542, "min_ms": 0.6485440135002136, "p10_ms": 0.6488000154495239, "p90_ms": 0.6509119868278503}, "kind": "performance", "name": "v16_early_publish", "repeat": 1, "shape": {"batch": 1, "fp32": false, "gate": null, "heads": 24, "lengths": null, "state_mode": "both", "tokens": 8192}}
{"case": 6, "eager": {"count": 60, "median_ms": 0.815775990486145, "min_ms": 0.811680018901825, "p10_ms": 0.813696026802063, "p90_ms": 0.8179200291633606}, "graph": {"count": 60, "median_ms": 0.8136000037193298, "min_ms": 0.8116480112075806, "p10_ms": 0.8125119805335999, "p90_ms": 0.8147519826889038}, "kind": "performance", "name": "legacy128", "repeat": 1, "shape": {"batch": 1, "fp32": false, "gate": null, "heads": 24, "lengths": null, "state_mode": "both", "tokens": 8192}}
{"case": 6, "eager": {"count": 60, "median_ms": 0.6273599863052368, "min_ms": 0.6252800226211548, "p10_ms": 0.6253759860992432, "p90_ms": 0.6295040249824524}, "graph": {"count": 60, "median_ms": 0.6242560148239136, "min_ms": 0.6217600107192993, "p10_ms": 0.6222720146179199, "p90_ms": 0.6263359785079956}, "kind": "performance", "name": "v16_prefetch2_delayed", "repeat": 1, "shape": {"batch": 1, "fp32": false, "gate": null, "heads": 24, "lengths": null, "state_mode": "both", "tokens": 8192}}
{"case": 6, "eager": {"count": 60, "median_ms": 0.8165760040283203, "min_ms": 0.8136640191078186, "p10_ms": 0.8147199749946594, "p90_ms": 0.8179519772529602}, "graph": {"count": 60, "median_ms": 0.8132479786872864, "min_ms": 0.8116480112075806, "p10_ms": 0.8125439882278442, "p90_ms": 0.8147199749946594}, "kind": "performance", "name": "v128", "repeat": 1, "shape": {"batch": 1, "fp32": false, "gate": null, "heads": 24, "lengths": null, "state_mode": "both", "tokens": 8192}}
{"case": 6, "eager": {"count": 60, "median_ms": 0.6683360040187836, "min_ms": 0.666208028793335, "p10_ms": 0.6663039922714233, "p90_ms": 0.6704319715499878}, "graph": {"count": 60, "median_ms": 0.6652160286903381, "min_ms": 0.664031982421875, "p10_ms": 0.6643199920654297, "p90_ms": 0.6663039922714233}, "kind": "performance", "name": "v64", "repeat": 1, "shape": {"batch": 1, "fp32": false, "gate": null, "heads": 24, "lengths": null, "state_mode": "both", "tokens": 8192}}
{"case": 6, "eager": {"count": 60, "median_ms": 0.6683200001716614, "min_ms": 0.666047990322113, "p10_ms": 0.6674240231513977, "p90_ms": 0.6703360080718994}, "graph": {"count": 60, "median_ms": 0.6652160286903381, "min_ms": 0.663424015045166, "p10_ms": 0.6642240285873413, "p90_ms": 0.666271984577179}, "kind": "performance", "name": "v64", "repeat": 2, "shape": {"batch": 1, "fp32": false, "gate": null, "heads": 24, "lengths": null, "state_mode": "both", "tokens": 8192}}
{"case": 6, "eager": {"count": 60, "median_ms": 0.6293759942054749, "min_ms": 0.6253439784049988, "p10_ms": 0.6273279786109924, "p90_ms": 0.6314240097999573}, "graph": {"count": 60, "median_ms": 0.6263359785079956, "min_ms": 0.6242560148239136, "p10_ms": 0.6252800226211548, "p90_ms": 0.6295040249824524}, "kind": "performance", "name": "v16_prefetch2", "repeat": 2, "shape": {"batch": 1, "fp32": false, "gate": null, "heads": 24, "lengths": null, "state_mode": "both", "tokens": 8192}}
{"case": 6, "eager": {"count": 60, "median_ms": 0.6436959803104401, "min_ms": 0.6415359973907471, "p10_ms": 0.6417279839515686, "p90_ms": 0.6458240151405334}, "graph": {"count": 60, "median_ms": 0.6406400203704834, "min_ms": 0.6384320259094238, "p10_ms": 0.6396160125732422, "p90_ms": 0.6416959762573242}, "kind": "performance", "name": "v16", "repeat": 2, "shape": {"batch": 1, "fp32": false, "gate": null, "heads": 24, "lengths": null, "state_mode": "both", "tokens": 8192}}
{"case": 6, "eager": {"count": 60, "median_ms": 0.6191679835319519, "min_ms": 0.6171200275421143, "p10_ms": 0.6172800064086914, "p90_ms": 0.6211839914321899}, "graph": {"count": 60, "median_ms": 0.616096019744873, "min_ms": 0.6150400042533875, "p10_ms": 0.6158720254898071, "p90_ms": 0.6171200275421143}, "kind": "performance", "name": "v32", "repeat": 2, "shape": {"batch": 1, "fp32": false, "gate": null, "heads": 24, "lengths": null, "state_mode": "both", "tokens": 8192}}
{"case": 6, "eager": {"count": 60, "median_ms": 0.6784960031509399, "min_ms": 0.6764159798622131, "p10_ms": 0.6766080260276794, "p90_ms": 0.6805760264396667}, "graph": {"count": 60, "median_ms": 0.6755200028419495, "min_ms": 0.6743360161781311, "p10_ms": 0.6753280162811279, "p90_ms": 0.6775040030479431}, "kind": "performance", "name": "v16_delayed_acquire", "repeat": 2, "shape": {"batch": 1, "fp32": false, "gate": null, "heads": 24, "lengths": null, "state_mode": "both", "tokens": 8192}}
{"case": 6, "eager": {"count": 60, "median_ms": 0.8177599906921387, "min_ms": 0.8135679960250854, "p10_ms": 0.8147839903831482, "p90_ms": 0.8199040293693542}, "graph": {"count": 60, "median_ms": 0.8131999969482422, "min_ms": 0.811680018901825, "p10_ms": 0.8126720190048218, "p90_ms": 0.8147199749946594}, "kind": "performance", "name": "v128", "repeat": 2, "shape": {"batch": 1, "fp32": false, "gate": null, "heads": 24, "lengths": null, "state_mode": "both", "tokens": 8192}}
{"case": 6, "eager": {"count": 60, "median_ms": 0.6273439824581146, "min_ms": 0.6242240071296692, "p10_ms": 0.6253119707107544, "p90_ms": 0.6304960250854492}, "graph": {"count": 60, "median_ms": 0.624127984046936, "min_ms": 0.6222079992294312, "p10_ms": 0.6222720146179199, "p90_ms": 0.6252800226211548}, "kind": "performance", "name": "v16_prefetch2_delayed", "repeat": 2, "shape": {"batch": 1, "fp32": false, "gate": null, "heads": 24, "lengths": null, "state_mode": "both", "tokens": 8192}}
{"case": 6, "eager": {"count": 60, "median_ms": 0.6437439918518066, "min_ms": 0.6416000127792358, "p10_ms": 0.6417279839515686, "p90_ms": 0.6457920074462891}, "graph": {"count": 60, "median_ms": 0.6406720280647278, "min_ms": 0.6394879817962646, "p10_ms": 0.6404799818992615, "p90_ms": 0.6418240070343018}, "kind": "performance", "name": "legacy16", "repeat": 2, "shape": {"batch": 1, "fp32": false, "gate": null, "heads": 24, "lengths": null, "state_mode": "both", "tokens": 8192}}
{"case": 6, "eager": {"count": 60, "median_ms": 0.8156960010528564, "min_ms": 0.8126400113105774, "p10_ms": 0.813696026802063, "p90_ms": 0.8177919983863831}, "graph": {"count": 60, "median_ms": 0.8128640055656433, "min_ms": 0.8116480112075806, "p10_ms": 0.8125119805335999, "p90_ms": 0.8145920038223267}, "kind": "performance", "name": "legacy128", "repeat": 2, "shape": {"batch": 1, "fp32": false, "gate": null, "heads": 24, "lengths": null, "state_mode": "both", "tokens": 8192}}
{"case": 6, "eager": {"count": 60, "median_ms": 0.6417439877986908, "min_ms": 0.6272640228271484, "p10_ms": 0.6314240097999573, "p90_ms": 0.6477760076522827}, "graph": {"count": 60, "median_ms": 0.6391680240631104, "min_ms": 0.6272640228271484, "p10_ms": 0.6294080018997192, "p90_ms": 0.6427199840545654}, "kind": "performance", "name": "v16_prefetch4", "repeat": 2, "shape": {"batch": 1, "fp32": false, "gate": null, "heads": 24, "lengths": null, "state_mode": "both", "tokens": 8192}}
{"case": 6, "eager": {"count": 60, "median_ms": 0.6520320177078247, "min_ms": 0.6497920155525208, "p10_ms": 0.6517120003700256, "p90_ms": 0.6540160179138184}, "graph": {"count": 60, "median_ms": 0.6489279866218567, "min_ms": 0.6478080153465271, "p10_ms": 0.6487680077552795, "p90_ms": 0.6509119868278503}, "kind": "performance", "name": "v16_early_publish", "repeat": 2, "shape": {"batch": 1, "fp32": false, "gate": null, "heads": 24, "lengths": null, "state_mode": "both", "tokens": 8192}}
{"case": 6, "kind": "shape_complete", "shape": {"batch": 1, "fp32": false, "gate": null, "heads": 24, "lengths": null, "state_mode": "both", "tokens": 8192}}
{"case": 7, "eager": {"count": 60, "median_ms": 0.9683680236339569, "min_ms": 0.9633600115776062, "p10_ms": 0.9672319889068604, "p90_ms": 0.9705280065536499}, "graph": {"count": 60, "median_ms": 0.963263988494873, "min_ms": 0.9591360092163086, "p10_ms": 0.9622079730033875, "p90_ms": 0.9652799963951111}, "kind": "performance", "name": "legacy16", "repeat": 0, "shape": {"batch": 1, "fp32": false, "gate": null, "heads": 48, "lengths": null, "state_mode": "both", "tokens": 8192}}
{"case": 7, "eager": {"count": 60, "median_ms": 0.7379199862480164, "min_ms": 0.7338560223579407, "p10_ms": 0.7358400225639343, "p90_ms": 0.7381439805030823}, "graph": {"count": 60, "median_ms": 0.7326560020446777, "min_ms": 0.730783998966217, "p10_ms": 0.7308160066604614, "p90_ms": 0.7328640222549438}, "kind": "performance", "name": "v64", "repeat": 0, "shape": {"batch": 1, "fp32": false, "gate": null, "heads": 48, "lengths": null, "state_mode": "both", "tokens": 8192}}
{"case": 7, "eager": {"count": 60, "median_ms": 0.7667039930820465, "min_ms": 0.7644479870796204, "p10_ms": 0.7663999795913696, "p90_ms": 0.7687039971351624}, "graph": {"count": 60, "median_ms": 0.7625600099563599, "min_ms": 0.7610560059547424, "p10_ms": 0.7613760232925415, "p90_ms": 0.7637119889259338}, "kind": "performance", "name": "v32", "repeat": 0, "shape": {"batch": 1, "fp32": false, "gate": null, "heads": 48, "lengths": null, "state_mode": "both", "tokens": 8192}}
{"case": 7, "eager": {"count": 60, "median_ms": 0.9928480088710785, "min_ms": 0.9876480102539062, "p10_ms": 0.9908159971237183, "p90_ms": 0.9958080053329468}, "graph": {"count": 60, "median_ms": 0.988864004611969, "min_ms": 0.985759973526001, "p10_ms": 0.9867839813232422, "p90_ms": 0.9918720126152039}, "kind": "performance", "name": "v16_prefetch4", "repeat": 0, "shape": {"batch": 1, "fp32": false, "gate": null, "heads": 48, "lengths": null, "state_mode": "both", "tokens": 8192}}
{"case": 7, "eager": {"count": 60, "median_ms": 0.8874239921569824, "min_ms": 0.8844159841537476, "p10_ms": 0.8854079842567444, "p90_ms": 0.8884479999542236}, "graph": {"count": 60, "median_ms": 0.8825919926166534, "min_ms": 0.8812159895896912, "p10_ms": 0.882207989692688, "p90_ms": 0.8843839764595032}, "kind": "performance", "name": "v128", "repeat": 0, "shape": {"batch": 1, "fp32": false, "gate": null, "heads": 48, "lengths": null, "state_mode": "both", "tokens": 8192}}
{"case": 7, "eager": {"count": 60, "median_ms": 0.9642559885978699, "min_ms": 0.9612159729003906, "p10_ms": 0.9631040096282959, "p90_ms": 0.9673920273780823}, "graph": {"count": 60, "median_ms": 0.9595839977264404, "min_ms": 0.9571200013160706, "p10_ms": 0.9581120014190674, "p90_ms": 0.9622399806976318}, "kind": "performance", "name": "v16_delayed_acquire", "repeat": 0, "shape": {"batch": 1, "fp32": false, "gate": null, "heads": 48, "lengths": null, "state_mode": "both", "tokens": 8192}}
{"case": 7, "eager": {"count": 60, "median_ms": 0.9837280213832855, "min_ms": 0.9775679707527161, "p10_ms": 0.9795200228691101, "p90_ms": 0.9917439818382263}, "graph": {"count": 60, "median_ms": 0.9805919826030731, "min_ms": 0.9703360199928284, "p10_ms": 0.9744960069656372, "p90_ms": 0.9868159890174866}, "kind": "performance", "name": "v16_prefetch2", "repeat": 0, "shape": {"batch": 1, "fp32": false, "gate": null, "heads": 48, "lengths": null, "state_mode": "both", "tokens": 8192}}
{"case": 7, "eager": {"count": 60, "median_ms": 0.9754720032215118, "min_ms": 0.9693440198898315, "p10_ms": 0.9716160297393799, "p90_ms": 0.9797120094299316}, "graph": {"count": 60, "median_ms": 0.9704639911651611, "min_ms": 0.9651200175285339, "p10_ms": 0.9663040041923523, "p90_ms": 0.9745280146598816}, "kind": "performance", "name": "v16_prefetch2_delayed", "repeat": 0, "shape": {"batch": 1, "fp32": false, "gate": null, "heads": 48, "lengths": null, "state_mode": "both", "tokens": 8192}}
{"case": 7, "eager": {"count": 60, "median_ms": 0.9692800045013428, "min_ms": 0.9662719964981079, "p10_ms": 0.9673600196838379, "p90_ms": 0.9715520143508911}, "graph": {"count": 60, "median_ms": 0.9652639925479889, "min_ms": 0.9609599709510803, "p10_ms": 0.9621440172195435, "p90_ms": 0.9672960042953491}, "kind": "performance", "name": "v16", "repeat": 0, "shape": {"batch": 1, "fp32": false, "gate": null, "heads": 48, "lengths": null, "state_mode": "both", "tokens": 8192}}
{"case": 7, "eager": {"count": 60, "median_ms": 0.9816640019416809, "min_ms": 0.9785280227661133, "p10_ms": 0.9797760248184204, "p90_ms": 0.9837440252304077}, "graph": {"count": 60, "median_ms": 0.977647989988327, "min_ms": 0.9743679761886597, "p10_ms": 0.9765120148658752, "p90_ms": 0.9795839786529541}, "kind": "performance", "name": "v16_early_publish", "repeat": 0, "shape": {"batch": 1, "fp32": false, "gate": null, "heads": 48, "lengths": null, "state_mode": "both", "tokens": 8192}}
{"case": 7, "eager": {"count": 60, "median_ms": 0.8874239921569824, "min_ms": 0.883296012878418, "p10_ms": 0.8853759765625, "p90_ms": 0.8882560133934021}, "graph": {"count": 60, "median_ms": 0.8823040127754211, "min_ms": 0.8802559971809387, "p10_ms": 0.8812800049781799, "p90_ms": 0.8833919763565063}, "kind": "performance", "name": "legacy128", "repeat": 0, "shape": {"batch": 1, "fp32": false, "gate": null, "heads": 48, "lengths": null, "state_mode": "both", "tokens": 8192}}
{"case": 7, "eager": {"count": 60, "median_ms": 0.9691199958324432, "min_ms": 0.9652479887008667, "p10_ms": 0.9664639830589294, "p90_ms": 0.9706240296363831}, "graph": {"count": 60, "median_ms": 0.9641279876232147, "min_ms": 0.9611200094223022, "p10_ms": 0.9621760249137878, "p90_ms": 0.9662719964981079}, "kind": "performance", "name": "legacy16", "repeat": 1, "shape": {"batch": 1, "fp32": false, "gate": null, "heads": 48, "lengths": null, "state_mode": "both", "tokens": 8192}}
{"case": 7, "eager": {"count": 60, "median_ms": 0.9862079918384552, "min_ms": 0.9744960069656372, "p10_ms": 0.9805759787559509, "p90_ms": 0.9918720126152039}, "graph": {"count": 60, "median_ms": 0.982591986656189, "min_ms": 0.9722239971160889, "p10_ms": 0.9765120148658752, "p90_ms": 0.987775981426239}, "kind": "performance", "name": "v16_prefetch2", "repeat": 1, "shape": {"batch": 1, "fp32": false, "gate": null, "heads": 48, "lengths": null, "state_mode": "both", "tokens": 8192}}
{"case": 7, "eager": {"count": 60, "median_ms": 0.7360000014305115, "min_ms": 0.7337599992752075, "p10_ms": 0.7357119917869568, "p90_ms": 0.7379840016365051}, "graph": {"count": 60, "median_ms": 0.7326879799365997, "min_ms": 0.7297919988632202, "p10_ms": 0.730783998966217, "p90_ms": 0.7328640222549438}, "kind": "performance", "name": "v64", "repeat": 1, "shape": {"batch": 1, "fp32": false, "gate": null, "heads": 48, "lengths": null, "state_mode": "both", "tokens": 8192}}
{"case": 7, "eager": {"count": 60, "median_ms": 0.9693760275840759, "min_ms": 0.9632319808006287, "p10_ms": 0.9673280119895935, "p90_ms": 0.972383975982666}, "graph": {"count": 60, "median_ms": 0.9642719924449921, "min_ms": 0.9599999785423279, "p10_ms": 0.9621760249137878, "p90_ms": 0.9672960042953491}, "kind": "performance", "name": "v16", "repeat": 1, "shape": {"batch": 1, "fp32": false, "gate": null, "heads": 48, "lengths": null, "state_mode": "both", "tokens": 8192}}
{"case": 7, "eager": {"count": 60, "median_ms": 0.8865440189838409, "min_ms": 0.8831999897956848, "p10_ms": 0.8844799995422363, "p90_ms": 0.88755202293396}, "graph": {"count": 60, "median_ms": 0.8832480013370514, "min_ms": 0.8812479972839355, "p10_ms": 0.8821439743041992, "p90_ms": 0.8843839764595032}, "kind": "performance", "name": "v128", "repeat": 1, "shape": {"batch": 1, "fp32": false, "gate": null, "heads": 48, "lengths": null, "state_mode": "both", "tokens": 8192}}
{"case": 7, "eager": {"count": 60, "median_ms": 0.9647360146045685, "min_ms": 0.9608960151672363, "p10_ms": 0.9631999731063843, "p90_ms": 0.9672639966011047}, "graph": {"count": 60, "median_ms": 0.9601120054721832, "min_ms": 0.9579520225524902, "p10_ms": 0.9589440226554871, "p90_ms": 0.9632319808006287}, "kind": "performance", "name": "v16_delayed_acquire", "repeat": 1, "shape": {"batch": 1, "fp32": false, "gate": null, "heads": 48, "lengths": null, "state_mode": "both", "tokens": 8192}}
{"case": 7, "eager": {"count": 60, "median_ms": 0.9734239876270294, "min_ms": 0.9682559967041016, "p10_ms": 0.9695680141448975, "p90_ms": 0.9776639938354492}, "graph": {"count": 60, "median_ms": 0.9724799990653992, "min_ms": 0.9650560021400452, "p10_ms": 0.9681280255317688, "p90_ms": 0.9755520224571228}, "kind": "performance", "name": "v16_prefetch2_delayed", "repeat": 1, "shape": {"batch": 1, "fp32": false, "gate": null, "heads": 48, "lengths": null, "state_mode": "both", "tokens": 8192}}
{"case": 7, "eager": {"count": 60, "median_ms": 0.9817120134830475, "min_ms": 0.9755520224571228, "p10_ms": 0.9795839786529541, "p90_ms": 0.9837759733200073}, "graph": {"count": 60, "median_ms": 0.9775679707527161, "min_ms": 0.9744639992713928, "p10_ms": 0.9765120148658752, "p90_ms": 0.9795839786529541}, "kind": "performance", "name": "v16_early_publish", "repeat": 1, "shape": {"batch": 1, "fp32": false, "gate": null, "heads": 48, "lengths": null, "state_mode": "both", "tokens": 8192}}
{"case": 7, "eager": {"count": 60, "median_ms": 0.7666559815406799, "min_ms": 0.7644799947738647, "p10_ms": 0.764735996723175, "p90_ms": 0.768671989440918}, "graph": {"count": 60, "median_ms": 0.7624959945678711, "min_ms": 0.7604479789733887, "p10_ms": 0.7614719867706299, "p90_ms": 0.7635520100593567}, "kind": "performance", "name": "v32", "repeat": 1, "shape": {"batch": 1, "fp32": false, "gate": null, "heads": 48, "lengths": null, "state_mode": "both", "tokens": 8192}}
{"case": 7, "eager": {"count": 60, "median_ms": 0.9928800165653229, "min_ms": 0.988864004611969, "p10_ms": 0.9907199740409851, "p90_ms": 0.9960319995880127}, "graph": {"count": 60, "median_ms": 0.9888319969177246, "min_ms": 0.985759973526001, "p10_ms": 0.9867519736289978, "p90_ms": 0.9918720126152039}, "kind": "performance", "name": "v16_prefetch4", "repeat": 1, "shape": {"batch": 1, "fp32": false, "gate": null, "heads": 48, "lengths": null, "state_mode": "both", "tokens": 8192}}
{"case": 7, "eager": {"count": 60, "median_ms": 0.887391984462738, "min_ms": 0.8850880265235901, "p10_ms": 0.8863040208816528, "p90_ms": 0.8883519768714905}, "graph": {"count": 60, "median_ms": 0.8823040127754211, "min_ms": 0.8802880048751831, "p10_ms": 0.8811839818954468, "p90_ms": 0.8833280205726624}, "kind": "performance", "name": "legacy128", "repeat": 1, "shape": {"batch": 1, "fp32": false, "gate": null, "heads": 48, "lengths": null, "state_mode": "both", "tokens": 8192}}
{"case": 7, "eager": {"count": 60, "median_ms": 0.9817280173301697, "min_ms": 0.9764800071716309, "p10_ms": 0.9795519709587097, "p90_ms": 0.9837120175361633}, "graph": {"count": 60, "median_ms": 0.9785599708557129, "min_ms": 0.974399983882904, "p10_ms": 0.9765759706497192, "p90_ms": 0.9806079864501953}, "kind": "performance", "name": "v16_early_publish", "repeat": 2, "shape": {"batch": 1, "fp32": false, "gate": null, "heads": 48, "lengths": null, "state_mode": "both", "tokens": 8192}}
{"case": 7, "eager": {"count": 60, "median_ms": 0.9923679828643799, "min_ms": 0.9896640181541443, "p10_ms": 0.9907519817352295, "p90_ms": 0.9959679841995239}, "graph": {"count": 60, "median_ms": 0.989791989326477, "min_ms": 0.9846400022506714, "p10_ms": 0.9867519736289978, "p90_ms": 0.9926080107688904}, "kind": "performance", "name": "v16_prefetch4", "repeat": 2, "shape": {"batch": 1, "fp32": false, "gate": null, "heads": 48, "lengths": null, "state_mode": "both", "tokens": 8192}}
{"case": 7, "eager": {"count": 60, "median_ms": 0.975631982088089, "min_ms": 0.969215989112854, "p10_ms": 0.9713280200958252, "p90_ms": 0.9796479940414429}, "graph": {"count": 60, "median_ms": 0.9713919758796692, "min_ms": 0.9631999731063843, "p10_ms": 0.9662399888038635, "p90_ms": 0.97462397813797}, "kind": "performance", "name": "v16_prefetch2_delayed", "repeat": 2, "shape": {"batch": 1, "fp32": false, "gate": null, "heads": 48, "lengths": null, "state_mode": "both", "tokens": 8192}}
{"case": 7, "eager": {"count": 60, "median_ms": 0.737744003534317, "min_ms": 0.7338879704475403, "p10_ms": 0.7357760071754456, "p90_ms": 0.7381119728088379}, "graph": {"count": 60, "median_ms": 0.7327039837837219, "min_ms": 0.7306879758834839, "p10_ms": 0.7310400009155273, "p90_ms": 0.7329919934272766}, "kind": "performance", "name": "v64", "repeat": 2, "shape": {"batch": 1, "fp32": false, "gate": null, "heads": 48, "lengths": null, "state_mode": "both", "tokens": 8192}}
{"case": 7, "eager": {"count": 60, "median_ms": 0.9866720139980316, "min_ms": 0.9784319996833801, "p10_ms": 0.982591986656189, "p90_ms": 0.9927999973297119}, "graph": {"count": 60, "median_ms": 0.9816800057888031, "min_ms": 0.9745280146598816, "p10_ms": 0.9765120148658752, "p90_ms": 0.9864320158958435}, "kind": "performance", "name": "v16_prefetch2", "repeat": 2, "shape": {"batch": 1, "fp32": false, "gate": null, "heads": 48, "lengths": null, "state_mode": "both", "tokens": 8192}}
{"case": 7, "eager": {"count": 60, "median_ms": 0.9694399833679199, "min_ms": 0.9662399888038635, "p10_ms": 0.9673600196838379, "p90_ms": 0.9722239971160889}, "graph": {"count": 60, "median_ms": 0.9642399847507477, "min_ms": 0.9619839787483215, "p10_ms": 0.9630720019340515, "p90_ms": 0.9672960042953491}, "kind": "performance", "name": "v16", "repeat": 2, "shape": {"batch": 1, "fp32": false, "gate": null, "heads": 48, "lengths": null, "state_mode": "both", "tokens": 8192}}
{"case": 7, "eager": {"count": 60, "median_ms": 0.9647200107574463, "min_ms": 0.9621760249137878, "p10_ms": 0.9631040096282959, "p90_ms": 0.9672639966011047}, "graph": {"count": 60, "median_ms": 0.9601280093193054, "min_ms": 0.9579520225524902, "p10_ms": 0.9582399725914001, "p90_ms": 0.9631999731063843}, "kind": "performance", "name": "v16_delayed_acquire", "repeat": 2, "shape": {"batch": 1, "fp32": false, "gate": null, "heads": 48, "lengths": null, "state_mode": "both", "tokens": 8192}}
{"case": 7, "eager": {"count": 60, "median_ms": 0.9683040082454681, "min_ms": 0.9641600251197815, "p10_ms": 0.9662399888038635, "p90_ms": 0.9714239835739136}, "graph": {"count": 60, "median_ms": 0.9632319808006287, "min_ms": 0.9601600170135498, "p10_ms": 0.9620800018310547, "p90_ms": 0.9660800099372864}, "kind": "performance", "name": "legacy16", "repeat": 2, "shape": {"batch": 1, "fp32": false, "gate": null, "heads": 48, "lengths": null, "state_mode": "both", "tokens": 8192}}
{"case": 7, "eager": {"count": 60, "median_ms": 0.887328028678894, "min_ms": 0.8842880129814148, "p10_ms": 0.8853759765625, "p90_ms": 0.8878080248832703}, "graph": {"count": 60, "median_ms": 0.8823040127754211, "min_ms": 0.8802559971809387, "p10_ms": 0.8812800049781799, "p90_ms": 0.8834239840507507}, "kind": "performance", "name": "legacy128", "repeat": 2, "shape": {"batch": 1, "fp32": false, "gate": null, "heads": 48, "lengths": null, "state_mode": "both", "tokens": 8192}}
{"case": 7, "eager": {"count": 60, "median_ms": 0.8873759806156158, "min_ms": 0.8852480053901672, "p10_ms": 0.8854079842567444, "p90_ms": 0.8884159922599792}, "graph": {"count": 60, "median_ms": 0.8823520243167877, "min_ms": 0.8810880184173584, "p10_ms": 0.8820800185203552, "p90_ms": 0.8843839764595032}, "kind": "performance", "name": "v128", "repeat": 2, "shape": {"batch": 1, "fp32": false, "gate": null, "heads": 48, "lengths": null, "state_mode": "both", "tokens": 8192}}
{"case": 7, "eager": {"count": 60, "median_ms": 0.7666559815406799, "min_ms": 0.764352023601532, "p10_ms": 0.7645760178565979, "p90_ms": 0.768671989440918}, "graph": {"count": 60, "median_ms": 0.7625600099563599, "min_ms": 0.7604159712791443, "p10_ms": 0.7614719867706299, "p90_ms": 0.7639039754867554}, "kind": "performance", "name": "v32", "repeat": 2, "shape": {"batch": 1, "fp32": false, "gate": null, "heads": 48, "lengths": null, "state_mode": "both", "tokens": 8192}}
{"case": 7, "kind": "shape_complete", "shape": {"batch": 1, "fp32": false, "gate": null, "heads": 48, "lengths": null, "state_mode": "both", "tokens": 8192}}
{"case": 8, "eager": {"count": 60, "median_ms": 2.2800960540771484, "min_ms": 2.2779200077056885, "p10_ms": 2.279871940612793, "p90_ms": 2.2823359966278076}, "graph": {"count": 60, "median_ms": 2.277951955795288, "min_ms": 2.275871992111206, "p10_ms": 2.275968074798584, "p90_ms": 2.2782719135284424}, "kind": "performance", "name": "legacy16", "repeat": 0, "shape": {"batch": 1, "fp32": false, "gate": null, "heads": 96, "lengths": null, "state_mode": "both", "tokens": 8192}}
{"case": 8, "eager": {"count": 60, "median_ms": 2.280128002166748, "min_ms": 2.277888059616089, "p10_ms": 2.2790720462799072, "p90_ms": 2.2822399139404297}, "graph": {"count": 60, "median_ms": 2.277440071105957, "min_ms": 2.275775909423828, "p10_ms": 2.2759358882904053, "p90_ms": 2.2780799865722656}, "kind": "performance", "name": "v16", "repeat": 0, "shape": {"batch": 1, "fp32": false, "gate": null, "heads": 96, "lengths": null, "state_mode": "both", "tokens": 8192}}
{"case": 8, "eager": {"count": 60, "median_ms": 1.0225919485092163, "min_ms": 1.0195200443267822, "p10_ms": 1.020576000213623, "p90_ms": 1.0252480506896973}, "graph": {"count": 60, "median_ms": 1.0203839540481567, "min_ms": 1.0183039903640747, "p10_ms": 1.0193920135498047, "p90_ms": 1.021567940711975}, "kind": "performance", "name": "v128", "repeat": 0, "shape": {"batch": 1, "fp32": false, "gate": null, "heads": 96, "lengths": null, "state_mode": "both", "tokens": 8192}}
{"case": 8, "eager": {"count": 60, "median_ms": 1.1496319770812988, "min_ms": 1.145535945892334, "p10_ms": 1.1476160287857056, "p90_ms": 1.153663992881775}, "graph": {"count": 60, "median_ms": 1.1465599536895752, "min_ms": 1.1432640552520752, "p10_ms": 1.1454399824142456, "p90_ms": 1.1496000289916992}, "kind": "performance", "name": "v32", "repeat": 0, "shape": {"batch": 1, "fp32": false, "gate": null, "heads": 96, "lengths": null, "state_mode": "both", "tokens": 8192}}
{"case": 8, "eager": {"count": 60, "median_ms": 2.292479991912842, "min_ms": 2.2901439666748047, "p10_ms": 2.2904000282287598, "p90_ms": 2.296447992324829}, "graph": {"count": 60, "median_ms": 2.2902560234069824, "min_ms": 2.2871038913726807, "p10_ms": 2.2881920337677, "p90_ms": 2.292543888092041}, "kind": "performance", "name": "v16_prefetch2", "repeat": 0, "shape": {"batch": 1, "fp32": false, "gate": null, "heads": 96, "lengths": null, "state_mode": "both", "tokens": 8192}}
{"case": 8, "eager": {"count": 60, "median_ms": 2.289471983909607, "min_ms": 2.2860798835754395, "p10_ms": 2.288032054901123, "p90_ms": 2.292383909225464}, "graph": {"count": 60, "median_ms": 2.2882239818573, "min_ms": 2.2840640544891357, "p10_ms": 2.2861759662628174, "p90_ms": 2.2903358936309814}, "kind": "performance", "name": "v16_early_publish", "repeat": 0, "shape": {"batch": 1, "fp32": false, "gate": null, "heads": 96, "lengths": null, "state_mode": "both", "tokens": 8192}}
{"case": 8, "eager": {"count": 60, "median_ms": 2.2856639623641968, "min_ms": 2.281888008117676, "p10_ms": 2.282144069671631, "p90_ms": 2.2883200645446777}, "graph": {"count": 60, "median_ms": 2.282144069671631, "min_ms": 2.277888059616089, "p10_ms": 2.280064105987549, "p90_ms": 2.2862401008605957}, "kind": "performance", "name": "v16_prefetch4", "repeat": 0, "shape": {"batch": 1, "fp32": false, "gate": null, "heads": 96, "lengths": null, "state_mode": "both", "tokens": 8192}}
{"case": 8, "eager": {"count": 60, "median_ms": 1.0215200185775757, "min_ms": 1.0195200443267822, "p10_ms": 1.0205440521240234, "p90_ms": 1.0247360467910767}, "graph": {"count": 60, "median_ms": 1.0195200443267822, "min_ms": 1.0183039903640747, "p10_ms": 1.018496036529541, "p90_ms": 1.020576000213623}, "kind": "performance", "name": "legacy128", "repeat": 0, "shape": {"batch": 1, "fp32": false, "gate": null, "heads": 96, "lengths": null, "state_mode": "both", "tokens": 8192}}
{"case": 8, "eager": {"count": 60, "median_ms": 2.316960096359253, "min_ms": 2.314784049987793, "p10_ms": 2.3160319328308105, "p90_ms": 2.3190081119537354}, "graph": {"count": 60, "median_ms": 2.3129279613494873, "min_ms": 2.3126399517059326, "p10_ms": 2.3127999305725098, "p90_ms": 2.31494402885437}, "kind": "performance", "name": "v16_delayed_acquire", "repeat": 0, "shape": {"batch": 1, "fp32": false, "gate": null, "heads": 96, "lengths": null, "state_mode": "both", "tokens": 8192}}
{"case": 8, "eager": {"count": 60, "median_ms": 2.278159976005554, "min_ms": 2.2767999172210693, "p10_ms": 2.2779200077056885, "p90_ms": 2.2819840908050537}, "graph": {"count": 60, "median_ms": 2.2771040201187134, "min_ms": 2.275808095932007, "p10_ms": 2.275968074798584, "p90_ms": 2.2780799865722656}, "kind": "performance", "name": "v16_prefetch2_delayed", "repeat": 0, "shape": {"batch": 1, "fp32": false, "gate": null, "heads": 96, "lengths": null, "state_mode": "both", "tokens": 8192}}
{"case": 8, "eager": {"count": 60, "median_ms": 1.0185920000076294, "min_ms": 1.016543984413147, "p10_ms": 1.0174720287322998, "p90_ms": 1.0215040445327759}, "graph": {"count": 60, "median_ms": 1.0164799690246582, "min_ms": 1.015231966972351, "p10_ms": 1.0153919458389282, "p90_ms": 1.0175039768218994}, "kind": "performance", "name": "v64", "repeat": 0, "shape": {"batch": 1, "fp32": false, "gate": null, "heads": 96, "lengths": null, "state_mode": "both", "tokens": 8192}}
{"case": 8, "eager": {"count": 60, "median_ms": 2.2893439531326294, "min_ms": 2.2862720489501953, "p10_ms": 2.288127899169922, "p90_ms": 2.293407917022705}, "graph": {"count": 60, "median_ms": 2.288111925125122, "min_ms": 2.2841598987579346, "p10_ms": 2.2860798835754395, "p90_ms": 2.2964799404144287}, "kind": "performance", "name": "v16_early_publish", "repeat": 1, "shape": {"batch": 1, "fp32": false, "gate": null, "heads": 96, "lengths": null, "state_mode": "both", "tokens": 8192}}
{"case": 8, "eager": {"count": 60, "median_ms": 2.2851680517196655, "min_ms": 2.281951904296875, "p10_ms": 2.282144069671631, "p90_ms": 2.2883200645446777}, "graph": {"count": 60, "median_ms": 2.2841598987579346, "min_ms": 2.279871940612793, "p10_ms": 2.280064105987549, "p90_ms": 2.2862401008605957}, "kind": "performance", "name": "v16_prefetch4", "repeat": 1, "shape": {"batch": 1, "fp32": false, "gate": null, "heads": 96, "lengths": null, "state_mode": "both", "tokens": 8192}}
{"case": 8, "eager": {"count": 60, "median_ms": 1.1505759954452515, "min_ms": 1.1472959518432617, "p10_ms": 1.148319959640503, "p90_ms": 1.1536320447921753}, "graph": {"count": 60, "median_ms": 1.1465599536895752, "min_ms": 1.142240047454834, "p10_ms": 1.1446399688720703, "p90_ms": 1.1487360000610352}, "kind": "performance", "name": "v32", "repeat": 1, "shape": {"batch": 1, "fp32": false, "gate": null, "heads": 96, "lengths": null, "state_mode": "both", "tokens": 8192}}
{"case": 8, "eager": {"count": 60, "median_ms": 2.2801120281219482, "min_ms": 2.278048038482666, "p10_ms": 2.2790720462799072, "p90_ms": 2.280384063720703}, "graph": {"count": 60, "median_ms": 2.2769120931625366, "min_ms": 2.275775909423828, "p10_ms": 2.2759358882904053, "p90_ms": 2.278048038482666}, "kind": "performance", "name": "v16", "repeat": 1, "shape": {"batch": 1, "fp32": false, "gate": null, "heads": 96, "lengths": null, "state_mode": "both", "tokens": 8192}}
{"case": 8, "eager": {"count": 60, "median_ms": 2.316960096359253, "min_ms": 2.3147521018981934, "p10_ms": 2.316767930984497, "p90_ms": 2.3190081119537354}, "graph": {"count": 60, "median_ms": 2.3129119873046875, "min_ms": 2.3126718997955322, "p10_ms": 2.3127360343933105, "p90_ms": 2.3149120807647705}, "kind": "performance", "name": "v16_delayed_acquire", "repeat": 1, "shape": {"batch": 1, "fp32": false, "gate": null, "heads": 96, "lengths": null, "state_mode": "both", "tokens": 8192}}
{"case": 8, "eager": {"count": 60, "median_ms": 2.278143882751465, "min_ms": 2.276992082595825, "p10_ms": 2.2779200077056885, "p90_ms": 2.2819840908050537}, "graph": {"count": 60, "median_ms": 2.2761600017547607, "min_ms": 2.275775909423828, "p10_ms": 2.275871992111206, "p90_ms": 2.278048038482666}, "kind": "performance", "name": "v16_prefetch2_delayed", "repeat": 1, "shape": {"batch": 1, "fp32": false, "gate": null, "heads": 96, "lengths": null, "state_mode": "both", "tokens": 8192}}
{"case": 8, "eager": {"count": 60, "median_ms": 2.2800960540771484, "min_ms": 2.27891206741333, "p10_ms": 2.2799038887023926, "p90_ms": 2.2822399139404297}, "graph": {"count": 60, "median_ms": 2.277888059616089, "min_ms": 2.2757439613342285, "p10_ms": 2.275968074798584, "p90_ms": 2.278143882751465}, "kind": "performance", "name": "legacy16", "repeat": 1, "shape": {"batch": 1, "fp32": false, "gate": null, "heads": 96, "lengths": null, "state_mode": "both", "tokens": 8192}}
{"case": 8, "eager": {"count": 60, "median_ms": 1.022592008113861, "min_ms": 1.0204479694366455, "p10_ms": 1.0206719636917114, "p90_ms": 1.0245120525360107}, "graph": {"count": 60, "median_ms": 1.0203839540481567, "min_ms": 1.0184639692306519, "p10_ms": 1.0193599462509155, "p90_ms": 1.021567940711975}, "kind": "performance", "name": "v128", "repeat": 1, "shape": {"batch": 1, "fp32": false, "gate": null, "heads": 96, "lengths": null, "state_mode": "both", "tokens": 8192}}
{"case": 8, "eager": {"count": 60, "median_ms": 2.2924000024795532, "min_ms": 2.2892799377441406, "p10_ms": 2.29036808013916, "p90_ms": 2.2954559326171875}, "graph": {"count": 60, "median_ms": 2.2903358936309814, "min_ms": 2.286112070083618, "p10_ms": 2.288127899169922, "p90_ms": 2.2924160957336426}, "kind": "performance", "name": "v16_prefetch2", "repeat": 1, "shape": {"batch": 1, "fp32": false, "gate": null, "heads": 96, "lengths": null, "state_mode": "both", "tokens": 8192}}
{"case": 8, "eager": {"count": 60, "median_ms": 1.0185920000076294, "min_ms": 1.016543984413147, "p10_ms": 1.0175360441207886, "p90_ms": 1.0204479694366455}, "graph": {"count": 60, "median_ms": 1.0164960026741028, "min_ms": 1.0152640342712402, "p10_ms": 1.015455961227417, "p90_ms": 1.0184639692306519}, "kind": "performance", "name": "v64", "repeat": 1, "shape": {"batch": 1, "fp32": false, "gate": null, "heads": 96, "lengths": null, "state_mode": "both", "tokens": 8192}}
{"case": 8, "eager": {"count": 60, "median_ms": 1.021615982055664, "min_ms": 1.0203200578689575, "p10_ms": 1.0205119848251343, "p90_ms": 1.0234559774398804}, "graph": {"count": 60, "median_ms": 1.0195519924163818, "min_ms": 1.0183680057525635, "p10_ms": 1.018496036529541, "p90_ms": 1.020576000213623}, "kind": "performance", "name": "legacy128", "repeat": 1, "shape": {"batch": 1, "fp32": false, "gate": null, "heads": 96, "lengths": null, "state_mode": "both", "tokens": 8192}}
{"case": 8, "eager": {"count": 60, "median_ms": 2.3169760704040527, "min_ms": 2.314784049987793, "p10_ms": 2.3167359828948975, "p90_ms": 2.3189120292663574}, "graph": {"count": 60, "median_ms": 2.3128960132598877, "min_ms": 2.3118081092834473, "p10_ms": 2.3127999305725098, "p90_ms": 2.3149120807647705}, "kind": "performance", "name": "v16_delayed_acquire", "repeat": 2, "shape": {"batch": 1, "fp32": false, "gate": null, "heads": 96, "lengths": null, "state_mode": "both", "tokens": 8192}}
{"case": 8, "eager": {"count": 60, "median_ms": 2.2856959104537964, "min_ms": 2.2819199562072754, "p10_ms": 2.282111883163452, "p90_ms": 2.288288116455078}, "graph": {"count": 60, "median_ms": 2.2821600437164307, "min_ms": 2.2792320251464844, "p10_ms": 2.280064105987549, "p90_ms": 2.2862401008605957}, "kind": "performance", "name": "v16_prefetch4", "repeat": 2, "shape": {"batch": 1, "fp32": false, "gate": null, "heads": 96, "lengths": null, "state_mode": "both", "tokens": 8192}}
{"case": 8, "eager": {"count": 60, "median_ms": 2.2801599502563477, "min_ms": 2.2778239250183105, "p10_ms": 2.2799360752105713, "p90_ms": 2.282975912094116}, "graph": {"count": 60, "median_ms": 2.2779040336608887, "min_ms": 2.275775909423828, "p10_ms": 2.275968074798584, "p90_ms": 2.2781119346618652}, "kind": "performance", "name": "legacy16", "repeat": 2, "shape": {"batch": 1, "fp32": false, "gate": null, "heads": 96, "lengths": null, "state_mode": "both", "tokens": 8192}}
{"case": 8, "eager": {"count": 60, "median_ms": 2.279439926147461, "min_ms": 2.2778239250183105, "p10_ms": 2.2779839038848877, "p90_ms": 2.282144069671631}, "graph": {"count": 60, "median_ms": 2.2769439220428467, "min_ms": 2.275775909423828, "p10_ms": 2.275871992111206, "p90_ms": 2.2780799865722656}, "kind": "performance", "name": "v16_prefetch2_delayed", "repeat": 2, "shape": {"batch": 1, "fp32": false, "gate": null, "heads": 96, "lengths": null, "state_mode": "both", "tokens": 8192}}
{"case": 8, "eager": {"count": 60, "median_ms": 2.2891680002212524, "min_ms": 2.286207914352417, "p10_ms": 2.2881600856781006, "p90_ms": 2.2944319248199463}, "graph": {"count": 60, "median_ms": 2.2880799770355225, "min_ms": 2.2840960025787354, "p10_ms": 2.286112070083618, "p90_ms": 2.2901439666748047}, "kind": "performance", "name": "v16_early_publish", "repeat": 2, "shape": {"batch": 1, "fp32": false, "gate": null, "heads": 96, "lengths": null, "state_mode": "both", "tokens": 8192}}
{"case": 8, "eager": {"count": 60, "median_ms": 1.0215519666671753, "min_ms": 1.0195519924163818, "p10_ms": 1.0204479694366455, "p90_ms": 1.0245440006256104}, "graph": {"count": 60, "median_ms": 1.0195200443267822, "min_ms": 1.018399953842163, "p10_ms": 1.0185279846191406, "p90_ms": 1.020576000213623}, "kind": "performance", "name": "legacy128", "repeat": 2, "shape": {"batch": 1, "fp32": false, "gate": null, "heads": 96, "lengths": null, "state_mode": "both", "tokens": 8192}}
{"case": 8, "eager": {"count": 60, "median_ms": 2.292448043823242, "min_ms": 2.2899839878082275, "p10_ms": 2.2903358936309814, "p90_ms": 2.2974400520324707}, "graph": {"count": 60, "median_ms": 2.2898240089416504, "min_ms": 2.286207914352417, "p10_ms": 2.2881600856781006, "p90_ms": 2.2923519611358643}, "kind": "performance", "name": "v16_prefetch2", "repeat": 2, "shape": {"batch": 1, "fp32": false, "gate": null, "heads": 96, "lengths": null, "state_mode": "both", "tokens": 8192}}
{"case": 8, "eager": {"count": 60, "median_ms": 1.1505120396614075, "min_ms": 1.146496057510376, "p10_ms": 1.147744059562683, "p90_ms": 1.1527040004730225}, "graph": {"count": 60, "median_ms": 1.1473599672317505, "min_ms": 1.1442559957504272, "p10_ms": 1.1453759670257568, "p90_ms": 1.14956796169281}, "kind": "performance", "name": "v32", "repeat": 2, "shape": {"batch": 1, "fp32": false, "gate": null, "heads": 96, "lengths": null, "state_mode": "both", "tokens": 8192}}
{"case": 8, "eager": {"count": 60, "median_ms": 1.0225919485092163, "min_ms": 1.0205119848251343, "p10_ms": 1.0206079483032227, "p90_ms": 1.02457594871521}, "graph": {"count": 60, "median_ms": 1.0195519924163818, "min_ms": 1.0183680057525635, "p10_ms": 1.0185600519180298, "p90_ms": 1.020576000213623}, "kind": "performance", "name": "v128", "repeat": 2, "shape": {"batch": 1, "fp32": false, "gate": null, "heads": 96, "lengths": null, "state_mode": "both", "tokens": 8192}}
{"case": 8, "eager": {"count": 60, "median_ms": 1.0185760259628296, "min_ms": 1.0172159671783447, "p10_ms": 1.0176000595092773, "p90_ms": 1.0214719772338867}, "graph": {"count": 60, "median_ms": 1.017359972000122, "min_ms": 1.0153599977493286, "p10_ms": 1.0162880420684814, "p90_ms": 1.018496036529541}, "kind": "performance", "name": "v64", "repeat": 2, "shape": {"batch": 1, "fp32": false, "gate": null, "heads": 96, "lengths": null, "state_mode": "both", "tokens": 8192}}
{"case": 8, "eager": {"count": 60, "median_ms": 2.28003191947937, "min_ms": 2.277888059616089, "p10_ms": 2.278048038482666, "p90_ms": 2.2820160388946533}, "graph": {"count": 60, "median_ms": 2.275968074798584, "min_ms": 2.2739200592041016, "p10_ms": 2.275775909423828, "p90_ms": 2.2780160903930664}, "kind": "performance", "name": "v16", "repeat": 2, "shape": {"batch": 1, "fp32": false, "gate": null, "heads": 96, "lengths": null, "state_mode": "both", "tokens": 8192}}
{"case": 8, "kind": "shape_complete", "shape": {"batch": 1, "fp32": false, "gate": null, "heads": 96, "lengths": null, "state_mode": "both", "tokens": 8192}}
{"case": 9, "eager": {"count": 60, "median_ms": 0.6436480283737183, "min_ms": 0.6407999992370605, "p10_ms": 0.6416000127792358, "p90_ms": 0.6457279920578003}, "graph": {"count": 60, "median_ms": 0.6406400203704834, "min_ms": 0.6394559741020203, "p10_ms": 0.6404479742050171, "p90_ms": 0.6416640281677246}, "kind": "performance", "name": "v16", "repeat": 0, "shape": {"batch": 2, "fp32": false, "gate": null, "heads": 12, "lengths": null, "state_mode": "both", "tokens": 8192}}
{"case": 9, "eager": {"count": 60, "median_ms": 0.6273279786109924, "min_ms": 0.6252480149269104, "p10_ms": 0.6252800226211548, "p90_ms": 0.6293439865112305}, "graph": {"count": 60, "median_ms": 0.6241599917411804, "min_ms": 0.6219840049743652, "p10_ms": 0.6222079992294312, "p90_ms": 0.6251839995384216}, "kind": "performance", "name": "v16_prefetch2_delayed", "repeat": 0, "shape": {"batch": 2, "fp32": false, "gate": null, "heads": 12, "lengths": null, "state_mode": "both", "tokens": 8192}}
{"case": 9, "eager": {"count": 60, "median_ms": 0.6191679835319519, "min_ms": 0.6169599890708923, "p10_ms": 0.6170880198478699, "p90_ms": 0.6212480068206787}, "graph": {"count": 60, "median_ms": 0.6160640120506287, "min_ms": 0.6148800253868103, "p10_ms": 0.6150720119476318, "p90_ms": 0.6170880198478699}, "kind": "performance", "name": "v32", "repeat": 0, "shape": {"batch": 2, "fp32": false, "gate": null, "heads": 12, "lengths": null, "state_mode": "both", "tokens": 8192}}
{"case": 9, "eager": {"count": 60, "median_ms": 0.6397599875926971, "min_ms": 0.6312320232391357, "p10_ms": 0.6334720253944397, "p90_ms": 0.6456000208854675}, "graph": {"count": 60, "median_ms": 0.6395040154457092, "min_ms": 0.6273279786109924, "p10_ms": 0.628607988357544, "p90_ms": 0.6427199840545654}, "kind": "performance", "name": "v16_prefetch4", "repeat": 0, "shape": {"batch": 2, "fp32": false, "gate": null, "heads": 12, "lengths": null, "state_mode": "both", "tokens": 8192}}
{"case": 9, "eager": {"count": 60, "median_ms": 0.651887983083725, "min_ms": 0.6496639847755432, "p10_ms": 0.6498559713363647, "p90_ms": 0.6541439890861511}, "graph": {"count": 60, "median_ms": 0.6488479971885681, "min_ms": 0.6476160287857056, "p10_ms": 0.6485440135002136, "p90_ms": 0.6498879790306091}, "kind": "performance", "name": "v16_early_publish", "repeat": 0, "shape": {"batch": 2, "fp32": false, "gate": null, "heads": 12, "lengths": null, "state_mode": "both", "tokens": 8192}}
{"case": 9, "eager": {"count": 60, "median_ms": 0.6436799764633179, "min_ms": 0.6414080262184143, "p10_ms": 0.6415680050849915, "p90_ms": 0.6458240151405334}, "graph": {"count": 60, "median_ms": 0.6406400203704834, "min_ms": 0.6396160125732422, "p10_ms": 0.6399679780006409, "p90_ms": 0.6425920128822327}, "kind": "performance", "name": "legacy16", "repeat": 0, "shape": {"batch": 2, "fp32": false, "gate": null, "heads": 12, "lengths": null, "state_mode": "both", "tokens": 8192}}
{"case": 9, "eager": {"count": 60, "median_ms": 0.8157279789447784, "min_ms": 0.8127359747886658, "p10_ms": 0.813696026802063, "p90_ms": 0.8178560137748718}, "graph": {"count": 60, "median_ms": 0.812720000743866, "min_ms": 0.8106240034103394, "p10_ms": 0.8116160035133362, "p90_ms": 0.8145599961280823}, "kind": "performance", "name": "v128", "repeat": 0, "shape": {"batch": 2, "fp32": false, "gate": null, "heads": 12, "lengths": null, "state_mode": "both", "tokens": 8192}}
{"case": 9, "eager": {"count": 60, "median_ms": 0.668287992477417, "min_ms": 0.6660159826278687, "p10_ms": 0.666271984577179, "p90_ms": 0.6702719926834106}, "graph": {"count": 60, "median_ms": 0.6652160286903381, "min_ms": 0.6631680130958557, "p10_ms": 0.6642240285873413, "p90_ms": 0.6662399768829346}, "kind": "performance", "name": "v64", "repeat": 0, "shape": {"batch": 2, "fp32": false, "gate": null, "heads": 12, "lengths": null, "state_mode": "both", "tokens": 8192}}
{"case": 9, "eager": {"count": 60, "median_ms": 0.6784960031509399, "min_ms": 0.6762880086898804, "p10_ms": 0.6764799952507019, "p90_ms": 0.6805760264396667}, "graph": {"count": 60, "median_ms": 0.6755039989948273, "min_ms": 0.6743360161781311, "p10_ms": 0.6753280162811279, "p90_ms": 0.6765760183334351}, "kind": "performance", "name": "v16_delayed_acquire", "repeat": 0, "shape": {"batch": 2, "fp32": false, "gate": null, "heads": 12, "lengths": null, "state_mode": "both", "tokens": 8192}}
{"case": 9, "eager": {"count": 60, "median_ms": 0.6293119788169861, "min_ms": 0.625216007232666, "p10_ms": 0.6261119842529297, "p90_ms": 0.6315839886665344}, "graph": {"count": 60, "median_ms": 0.6257439851760864, "min_ms": 0.6240959763526917, "p10_ms": 0.6241599917411804, "p90_ms": 0.6274240016937256}, "kind": "performance", "name": "v16_prefetch2", "repeat": 0, "shape": {"batch": 2, "fp32": false, "gate": null, "heads": 12, "lengths": null, "state_mode": "both", "tokens": 8192}}
{"case": 9, "eager": {"count": 60, "median_ms": 0.8177599906921387, "min_ms": 0.8149440288543701, "p10_ms": 0.8157439827919006, "p90_ms": 0.8197759985923767}, "graph": {"count": 60, "median_ms": 0.8157279789447784, "min_ms": 0.813696026802063, "p10_ms": 0.814624011516571, "p90_ms": 0.816864013671875}, "kind": "performance", "name": "legacy128", "repeat": 0, "shape": {"batch": 2, "fp32": false, "gate": null, "heads": 12, "lengths": null, "state_mode": "both", "tokens": 8192}}
{"case": 9, "eager": {"count": 60, "median_ms": 0.6436000168323517, "min_ms": 0.6396160125732422, "p10_ms": 0.6415680050849915, "p90_ms": 0.6457920074462891}, "graph": {"count": 60, "median_ms": 0.6407039761543274, "min_ms": 0.6394240260124207, "p10_ms": 0.639680027961731, "p90_ms": 0.6425279974937439}, "kind": "performance", "name": "v16", "repeat": 1, "shape": {"batch": 2, "fp32": false, "gate": null, "heads": 12, "lengths": null, "state_mode": "both", "tokens": 8192}}
{"case": 9, "eager": {"count": 60, "median_ms": 0.6784639954566956, "min_ms": 0.6763520240783691, "p10_ms": 0.6765120029449463, "p90_ms": 0.6805760264396667}, "graph": {"count": 60, "median_ms": 0.6755200028419495, "min_ms": 0.6743680238723755, "p10_ms": 0.6753280162811279, "p90_ms": 0.6775040030479431}, "kind": "performance", "name": "v16_delayed_acquire", "repeat": 1, "shape": {"batch": 2, "fp32": false, "gate": null, "heads": 12, "lengths": null, "state_mode": "both", "tokens": 8192}}
{"case": 9, "eager": {"count": 60, "median_ms": 0.6682559847831726, "min_ms": 0.6660799980163574, "p10_ms": 0.6662399768829346, "p90_ms": 0.6704000234603882}, "graph": {"count": 60, "median_ms": 0.6652160286903381, "min_ms": 0.6632000207901001, "p10_ms": 0.6641920208930969, "p90_ms": 0.6662399768829346}, "kind": "performance", "name": "v64", "repeat": 1, "shape": {"batch": 2, "fp32": false, "gate": null, "heads": 12, "lengths": null, "state_mode": "both", "tokens": 8192}}
{"case": 9, "eager": {"count": 60, "median_ms": 0.6416000127792358, "min_ms": 0.6291840076446533, "p10_ms": 0.6333439946174622, "p90_ms": 0.6451519727706909}, "graph": {"count": 60, "median_ms": 0.6376000046730042, "min_ms": 0.6282240152359009, "p10_ms": 0.6284160017967224, "p90_ms": 0.642687976360321}, "kind": "performance", "name": "v16_prefetch4", "repeat": 1, "shape": {"batch": 2, "fp32": false, "gate": null, "heads": 12, "lengths": null, "state_mode": "both", "tokens": 8192}}
{"case": 9, "eager": {"count": 60, "median_ms": 0.627295970916748, "min_ms": 0.6233279705047607, "p10_ms": 0.625216007232666, "p90_ms": 0.629472017288208}, "graph": {"count": 60, "median_ms": 0.624288022518158, "min_ms": 0.622048020362854, "p10_ms": 0.6222079992294312, "p90_ms": 0.6262080073356628}, "kind": "performance", "name": "v16_prefetch2_delayed", "repeat": 1, "shape": {"batch": 2, "fp32": false, "gate": null, "heads": 12, "lengths": null, "state_mode": "both", "tokens": 8192}}
{"case": 9, "eager": {"count": 60, "median_ms": 0.8156640231609344, "min_ms": 0.8127999901771545, "p10_ms": 0.8137279748916626, "p90_ms": 0.8177279829978943}, "graph": {"count": 60, "median_ms": 0.8126720190048218, "min_ms": 0.8105599880218506, "p10_ms": 0.811680018901825, "p90_ms": 0.813696026802063}, "kind": "performance", "name": "v128", "repeat": 1, "shape": {"batch": 2, "fp32": false, "gate": null, "heads": 12, "lengths": null, "state_mode": "both", "tokens": 8192}}
{"case": 9, "eager": {"count": 60, "median_ms": 0.6287040114402771, "min_ms": 0.6251199841499329, "p10_ms": 0.6271359920501709, "p90_ms": 0.6334400177001953}, "graph": {"count": 60, "median_ms": 0.6253119707107544, "min_ms": 0.6232640147209167, "p10_ms": 0.624288022518158, "p90_ms": 0.6282240152359009}, "kind": "performance", "name": "v16_prefetch2", "repeat": 1, "shape": {"batch": 2, "fp32": false, "gate": null, "heads": 12, "lengths": null, "state_mode": "both", "tokens": 8192}}
{"case": 9, "eager": {"count": 60, "median_ms": 0.6436480283737183, "min_ms": 0.6406720280647278, "p10_ms": 0.6416640281677246, "p90_ms": 0.6457599997520447}, "graph": {"count": 60, "median_ms": 0.6406720280647278, "min_ms": 0.6396160125732422, "p10_ms": 0.6404799818992615, "p90_ms": 0.6427199840545654}, "kind": "performance", "name": "legacy16", "repeat": 1, "shape": {"batch": 2, "fp32": false, "gate": null, "heads": 12, "lengths": null, "state_mode": "both", "tokens": 8192}}
{"case": 9, "eager": {"count": 60, "median_ms": 0.8175039887428284, "min_ms": 0.8147519826889038, "p10_ms": 0.8156800270080566, "p90_ms": 0.8197119832038879}, "graph": {"count": 60, "median_ms": 0.8157439827919006, "min_ms": 0.813696026802063, "p10_ms": 0.8147199749946594, "p90_ms": 0.8167999982833862}, "kind": "performance", "name": "legacy128", "repeat": 1, "shape": {"batch": 2, "fp32": false, "gate": null, "heads": 12, "lengths": null, "state_mode": "both", "tokens": 8192}}
{"case": 9, "eager": {"count": 60, "median_ms": 0.6191999912261963, "min_ms": 0.6169599890708923, "p10_ms": 0.6170880198478699, "p90_ms": 0.6212800145149231}, "graph": {"count": 60, "median_ms": 0.616096019744873, "min_ms": 0.6150079965591431, "p10_ms": 0.6151040196418762, "p90_ms": 0.6169919967651367}, "kind": "performance", "name": "v32", "repeat": 1, "shape": {"batch": 2, "fp32": false, "gate": null, "heads": 12, "lengths": null, "state_mode": "both", "tokens": 8192}}
{"case": 9, "eager": {"count": 60, "median_ms": 0.651887983083725, "min_ms": 0.649728000164032, "p10_ms": 0.6498559713363647, "p90_ms": 0.6539520025253296}, "graph": {"count": 60, "median_ms": 0.6488959789276123, "min_ms": 0.6478080153465271, "p10_ms": 0.6487039923667908, "p90_ms": 0.650879979133606}, "kind": "performance", "name": "v16_early_publish", "repeat": 1, "shape": {"batch": 2, "fp32": false, "gate": null, "heads": 12, "lengths": null, "state_mode": "both", "tokens": 8192}}
{"case": 9, "eager": {"count": 60, "median_ms": 0.8156960010528564, "min_ms": 0.8127679824829102, "p10_ms": 0.813696026802063, "p90_ms": 0.8177919983863831}, "graph": {"count": 60, "median_ms": 0.8126240074634552, "min_ms": 0.8105599880218506, "p10_ms": 0.8114879727363586, "p90_ms": 0.8137279748916626}, "kind": "performance", "name": "v128", "repeat": 2, "shape": {"batch": 2, "fp32": false, "gate": null, "heads": 12, "lengths": null, "state_mode": "both", "tokens": 8192}}
{"case": 9, "eager": {"count": 60, "median_ms": 0.6191679835319519, "min_ms": 0.6169919967651367, "p10_ms": 0.6171839833259583, "p90_ms": 0.6212480068206787}, "graph": {"count": 60, "median_ms": 0.6160640120506287, "min_ms": 0.6149119734764099, "p10_ms": 0.6150400042533875, "p90_ms": 0.6170560121536255}, "kind": "performance", "name": "v32", "repeat": 2, "shape": {"batch": 2, "fp32": false, "gate": null, "heads": 12, "lengths": null, "state_mode": "both", "tokens": 8192}}
{"case": 9, "eager": {"count": 60, "median_ms": 0.627295970916748, "min_ms": 0.6231679916381836, "p10_ms": 0.6252480149269104, "p90_ms": 0.629472017288208}, "graph": {"count": 60, "median_ms": 0.6242240071296692, "min_ms": 0.6220160126686096, "p10_ms": 0.6222400069236755, "p90_ms": 0.6263359785079956}, "kind": "performance", "name": "v16_prefetch2_delayed", "repeat": 2, "shape": {"batch": 2, "fp32": false, "gate": null, "heads": 12, "lengths": null, "state_mode": "both", "tokens": 8192}}
{"case": 9, "eager": {"count": 60, "median_ms": 0.6518399715423584, "min_ms": 0.649728000164032, "p10_ms": 0.6498240232467651, "p90_ms": 0.653984010219574}, "graph": {"count": 60, "median_ms": 0.6488799750804901, "min_ms": 0.6478080153465271, "p10_ms": 0.6486719846725464, "p90_ms": 0.6509119868278503}, "kind": "performance", "name": "v16_early_publish", "repeat": 2, "shape": {"batch": 2, "fp32": false, "gate": null, "heads": 12, "lengths": null, "state_mode": "both", "tokens": 8192}}
{"case": 9, "eager": {"count": 60, "median_ms": 0.6436640024185181, "min_ms": 0.6415039896965027, "p10_ms": 0.6416959762573242, "p90_ms": 0.6457920074462891}, "graph": {"count": 60, "median_ms": 0.6406560242176056, "min_ms": 0.6395519971847534, "p10_ms": 0.6404479742050171, "p90_ms": 0.6425279974937439}, "kind": "performance", "name": "v16", "repeat": 2, "shape": {"batch": 2, "fp32": false, "gate": null, "heads": 12, "lengths": null, "state_mode": "both", "tokens": 8192}}
{"case": 9, "eager": {"count": 60, "median_ms": 0.6292000114917755, "min_ms": 0.6251199841499329, "p10_ms": 0.6271359920501709, "p90_ms": 0.63155198097229}, "graph": {"count": 60, "median_ms": 0.625216007232666, "min_ms": 0.623199999332428, "p10_ms": 0.6242560148239136, "p90_ms": 0.62636798620224}, "kind": "performance", "name": "v16_prefetch2", "repeat": 2, "shape": {"batch": 2, "fp32": false, "gate": null, "heads": 12, "lengths": null, "state_mode": "both", "tokens": 8192}}
{"case": 9, "eager": {"count": 60, "median_ms": 0.6415199935436249, "min_ms": 0.6312639713287354, "p10_ms": 0.6334080100059509, "p90_ms": 0.6457599997520447}, "graph": {"count": 60, "median_ms": 0.6384320259094238, "min_ms": 0.6282240152359009, "p10_ms": 0.6292799711227417, "p90_ms": 0.6427199840545654}, "kind": "performance", "name": "v16_prefetch4", "repeat": 2, "shape": {"batch": 2, "fp32": false, "gate": null, "heads": 12, "lengths": null, "state_mode": "both", "tokens": 8192}}
{"case": 9, "eager": {"count": 60, "median_ms": 0.8176800012588501, "min_ms": 0.814848005771637, "p10_ms": 0.815775990486145, "p90_ms": 0.8198720216751099}, "graph": {"count": 60, "median_ms": 0.8157119750976562, "min_ms": 0.8136640191078186, "p10_ms": 0.8146880269050598, "p90_ms": 0.8168320059776306}, "kind": "performance", "name": "legacy128", "repeat": 2, "shape": {"batch": 2, "fp32": false, "gate": null, "heads": 12, "lengths": null, "state_mode": "both", "tokens": 8192}}
{"case": 9, "eager": {"count": 60, "median_ms": 0.6436479985713959, "min_ms": 0.6414080262184143, "p10_ms": 0.6416320204734802, "p90_ms": 0.6457599997520447}, "graph": {"count": 60, "median_ms": 0.6407039761543274, "min_ms": 0.6385599970817566, "p10_ms": 0.6402879953384399, "p90_ms": 0.6426560282707214}, "kind": "performance", "name": "legacy16", "repeat": 2, "shape": {"batch": 2, "fp32": false, "gate": null, "heads": 12, "lengths": null, "state_mode": "both", "tokens": 8192}}
{"case": 9, "eager": {"count": 60, "median_ms": 0.6683039963245392, "min_ms": 0.6658239960670471, "p10_ms": 0.666271984577179, "p90_ms": 0.6704000234603882}, "graph": {"count": 60, "median_ms": 0.6652160286903381, "min_ms": 0.6631680130958557, "p10_ms": 0.6641920208930969, "p90_ms": 0.666271984577179}, "kind": "performance", "name": "v64", "repeat": 2, "shape": {"batch": 2, "fp32": false, "gate": null, "heads": 12, "lengths": null, "state_mode": "both", "tokens": 8192}}
{"case": 9, "eager": {"count": 60, "median_ms": 0.6785120069980621, "min_ms": 0.6763520240783691, "p10_ms": 0.6764799952507019, "p90_ms": 0.6805760264396667}, "graph": {"count": 60, "median_ms": 0.6754559874534607, "min_ms": 0.6742720007896423, "p10_ms": 0.6746559739112854, "p90_ms": 0.6774719953536987}, "kind": "performance", "name": "v16_delayed_acquire", "repeat": 2, "shape": {"batch": 2, "fp32": false, "gate": null, "heads": 12, "lengths": null, "state_mode": "both", "tokens": 8192}}
{"case": 9, "kind": "shape_complete", "shape": {"batch": 2, "fp32": false, "gate": null, "heads": 12, "lengths": null, "state_mode": "both", "tokens": 8192}}
{"case": 10, "eager": {"count": 60, "median_ms": 0.9671519994735718, "min_ms": 0.9631360173225403, "p10_ms": 0.9650560021400452, "p90_ms": 0.9683200120925903}, "graph": {"count": 60, "median_ms": 0.9621760249137878, "min_ms": 0.9580159783363342, "p10_ms": 0.960096001625061, "p90_ms": 0.9642879962921143}, "kind": "performance", "name": "v16", "repeat": 0, "shape": {"batch": 4, "fp32": false, "gate": null, "heads": 12, "lengths": null, "state_mode": "both", "tokens": 8192}}
{"case": 10, "eager": {"count": 60, "median_ms": 0.9664160013198853, "min_ms": 0.9631040096282959, "p10_ms": 0.9642239809036255, "p90_ms": 0.9692800045013428}, "graph": {"count": 60, "median_ms": 0.9623199999332428, "min_ms": 0.9601280093193054, "p10_ms": 0.961184024810791, "p90_ms": 0.9652799963951111}, "kind": "performance", "name": "legacy16", "repeat": 0, "shape": {"batch": 4, "fp32": false, "gate": null, "heads": 12, "lengths": null, "state_mode": "both", "tokens": 8192}}
{"case": 10, "eager": {"count": 60, "median_ms": 0.8855040073394775, "min_ms": 0.8811839818954468, "p10_ms": 0.8832319974899292, "p90_ms": 0.8874559998512268}, "graph": {"count": 60, "median_ms": 0.8812960088253021, "min_ms": 0.8800960183143616, "p10_ms": 0.8802559971809387, "p90_ms": 0.8823040127754211}, "kind": "performance", "name": "v128", "repeat": 0, "shape": {"batch": 4, "fp32": false, "gate": null, "heads": 12, "lengths": null, "state_mode": "both", "tokens": 8192}}
{"case": 10, "eager": {"count": 60, "median_ms": 0.8871519863605499, "min_ms": 0.8823360204696655, "p10_ms": 0.8851839900016785, "p90_ms": 0.8884159922599792}, "graph": {"count": 60, "median_ms": 0.8823040127754211, "min_ms": 0.8802239894866943, "p10_ms": 0.8802880048751831, "p90_ms": 0.8833280205726624}, "kind": "performance", "name": "legacy128", "repeat": 0, "shape": {"batch": 4, "fp32": false, "gate": null, "heads": 12, "lengths": null, "state_mode": "both", "tokens": 8192}}
{"case": 10, "eager": {"count": 60, "median_ms": 0.7666239738464355, "min_ms": 0.7643839716911316, "p10_ms": 0.7646719813346863, "p90_ms": 0.768671989440918}, "graph": {"count": 60, "median_ms": 0.7625280022621155, "min_ms": 0.7613440155982971, "p10_ms": 0.7614719867706299, "p90_ms": 0.7635840177536011}, "kind": "performance", "name": "v32", "repeat": 0, "shape": {"batch": 4, "fp32": false, "gate": null, "heads": 12, "lengths": null, "state_mode": "both", "tokens": 8192}}
{"case": 10, "eager": {"count": 60, "median_ms": 0.9744159877300262, "min_ms": 0.9653440117835999, "p10_ms": 0.9703680276870728, "p90_ms": 0.9775360226631165}, "graph": {"count": 60, "median_ms": 0.9704319834709167, "min_ms": 0.9619839787483215, "p10_ms": 0.9663040041923523, "p90_ms": 0.9743040204048157}, "kind": "performance", "name": "v16_prefetch2_delayed", "repeat": 0, "shape": {"batch": 4, "fp32": false, "gate": null, "heads": 12, "lengths": null, "state_mode": "both", "tokens": 8192}}
{"case": 10, "eager": {"count": 60, "median_ms": 0.9819200038909912, "min_ms": 0.9776960015296936, "p10_ms": 0.9793279767036438, "p90_ms": 0.9837440252304077}, "graph": {"count": 60, "median_ms": 0.9775200188159943, "min_ms": 0.9732800126075745, "p10_ms": 0.9755200147628784, "p90_ms": 0.9785599708557129}, "kind": "performance", "name": "v16_early_publish", "repeat": 0, "shape": {"batch": 4, "fp32": false, "gate": null, "heads": 12, "lengths": null, "state_mode": "both", "tokens": 8192}}
{"case": 10, "eager": {"count": 60, "median_ms": 0.9644160270690918, "min_ms": 0.9601280093193054, "p10_ms": 0.9621760249137878, "p90_ms": 0.9663040041923523}, "graph": {"count": 60, "median_ms": 0.9601600170135498, "min_ms": 0.9580479860305786, "p10_ms": 0.959007978439331, "p90_ms": 0.9622399806976318}, "kind": "performance", "name": "v16_delayed_acquire", "repeat": 0, "shape": {"batch": 4, "fp32": false, "gate": null, "heads": 12, "lengths": null, "state_mode": "both", "tokens": 8192}}
{"case": 10, "eager": {"count": 60, "median_ms": 0.9933440089225769, "min_ms": 0.9887359738349915, "p10_ms": 0.9899200201034546, "p90_ms": 0.9970239996910095}, "graph": {"count": 60, "median_ms": 0.9898239970207214, "min_ms": 0.9857280254364014, "p10_ms": 0.9876480102539062, "p90_ms": 0.9919360280036926}, "kind": "performance", "name": "v16_prefetch4", "repeat": 0, "shape": {"batch": 4, "fp32": false, "gate": null, "heads": 12, "lengths": null, "state_mode": "both", "tokens": 8192}}
{"case": 10, "eager": {"count": 60, "median_ms": 0.7364479899406433, "min_ms": 0.7317119836807251, "p10_ms": 0.7338240146636963, "p90_ms": 0.7380480170249939}, "graph": {"count": 60, "median_ms": 0.7317599952220917, "min_ms": 0.7306240200996399, "p10_ms": 0.7307519912719727, "p90_ms": 0.7328320145606995}, "kind": "performance", "name": "v64", "repeat": 0, "shape": {"batch": 4, "fp32": false, "gate": null, "heads": 12, "lengths": null, "state_mode": "both", "tokens": 8192}}
{"case": 10, "eager": {"count": 60, "median_ms": 0.987744003534317, "min_ms": 0.9704639911651611, "p10_ms": 0.9796159863471985, "p90_ms": 0.9909120202064514}, "graph": {"count": 60, "median_ms": 0.985615998506546, "min_ms": 0.9733440279960632, "p10_ms": 0.9774720072746277, "p90_ms": 0.987775981426239}, "kind": "performance", "name": "v16_prefetch2", "repeat": 0, "shape": {"batch": 4, "fp32": false, "gate": null, "heads": 12, "lengths": null, "state_mode": "both", "tokens": 8192}}
{"case": 10, "eager": {"count": 60, "median_ms": 0.9640800058841705, "min_ms": 0.9609919786453247, "p10_ms": 0.9621760249137878, "p90_ms": 0.9672319889068604}, "graph": {"count": 60, "median_ms": 0.960096001625061, "min_ms": 0.9578559994697571, "p10_ms": 0.958079993724823, "p90_ms": 0.9621440172195435}, "kind": "performance", "name": "v16_delayed_acquire", "repeat": 1, "shape": {"batch": 4, "fp32": false, "gate": null, "heads": 12, "lengths": null, "state_mode": "both", "tokens": 8192}}
{"case": 10, "eager": {"count": 60, "median_ms": 0.9872480034828186, "min_ms": 0.9775360226631165, "p10_ms": 0.9816319942474365, "p90_ms": 0.992031991481781}, "graph": {"count": 60, "median_ms": 0.9836960136890411, "min_ms": 0.9724159836769104, "p10_ms": 0.9773439764976501, "p90_ms": 0.987775981426239}, "kind": "performance", "name": "v16_prefetch2", "repeat": 1, "shape": {"batch": 4, "fp32": false, "gate": null, "heads": 12, "lengths": null, "state_mode": "both", "tokens": 8192}}
{"case": 10, "eager": {"count": 60, "median_ms": 0.8853919804096222, "min_ms": 0.8813120126724243, "p10_ms": 0.8835200071334839, "p90_ms": 0.8874559998512268}, "graph": {"count": 60, "median_ms": 0.8813120126724243, "min_ms": 0.879967987537384, "p10_ms": 0.8802559971809387, "p90_ms": 0.8823360204696655}, "kind": "performance", "name": "v128", "repeat": 1, "shape": {"batch": 4, "fp32": false, "gate": null, "heads": 12, "lengths": null, "state_mode": "both", "tokens": 8192}}
{"case": 10, "eager": {"count": 60, "median_ms": 0.7671200037002563, "min_ms": 0.7645440101623535, "p10_ms": 0.7662400007247925, "p90_ms": 0.7688320279121399}, "graph": {"count": 60, "median_ms": 0.7626080214977264, "min_ms": 0.7611200213432312, "p10_ms": 0.7614079713821411, "p90_ms": 0.7635840177536011}, "kind": "performance", "name": "v32", "repeat": 1, "shape": {"batch": 4, "fp32": false, "gate": null, "heads": 12, "lengths": null, "state_mode": "both", "tokens": 8192}}
{"case": 10, "eager": {"count": 60, "median_ms": 0.9670400023460388, "min_ms": 0.9632959961891174, "p10_ms": 0.9652479887008667, "p90_ms": 0.9692800045013428}, "graph": {"count": 60, "median_ms": 0.9631999731063843, "min_ms": 0.9601280093193054, "p10_ms": 0.9613440036773682, "p90_ms": 0.9650880098342896}, "kind": "performance", "name": "legacy16", "repeat": 1, "shape": {"batch": 4, "fp32": false, "gate": null, "heads": 12, "lengths": null, "state_mode": "both", "tokens": 8192}}
{"case": 10, "eager": {"count": 60, "median_ms": 0.9816640019416809, "min_ms": 0.9773759841918945, "p10_ms": 0.9784319996833801, "p90_ms": 0.9837440252304077}, "graph": {"count": 60, "median_ms": 0.9773919880390167, "min_ms": 0.9734399914741516, "p10_ms": 0.975488007068634, "p90_ms": 0.9793599843978882}, "kind": "performance", "name": "v16_early_publish", "repeat": 1, "shape": {"batch": 4, "fp32": false, "gate": null, "heads": 12, "lengths": null, "state_mode": "both", "tokens": 8192}}
{"case": 10, "eager": {"count": 60, "median_ms": 0.9734079837799072, "min_ms": 0.9663040041923523, "p10_ms": 0.9692479968070984, "p90_ms": 0.9775360226631165}, "graph": {"count": 60, "median_ms": 0.9703680276870728, "min_ms": 0.9631999731063843, "p10_ms": 0.9663040041923523, "p90_ms": 0.973471999168396}, "kind": "performance", "name": "v16_prefetch2_delayed", "repeat": 1, "shape": {"batch": 4, "fp32": false, "gate": null, "heads": 12, "lengths": null, "state_mode": "both", "tokens": 8192}}
{"case": 10, "eager": {"count": 60, "median_ms": 0.8864800035953522, "min_ms": 0.8815039992332458, "p10_ms": 0.8834239840507507, "p90_ms": 0.8876479864120483}, "graph": {"count": 60, "median_ms": 0.8823040127754211, "min_ms": 0.8802559971809387, "p10_ms": 0.8811839818954468, "p90_ms": 0.883296012878418}, "kind": "performance", "name": "legacy128", "repeat": 1, "shape": {"batch": 4, "fp32": false, "gate": null, "heads": 12, "lengths": null, "state_mode": "both", "tokens": 8192}}
{"case": 10, "eager": {"count": 60, "median_ms": 0.9663200080394745, "min_ms": 0.9612799882888794, "p10_ms": 0.9642879962921143, "p90_ms": 0.9692479968070984}, "graph": {"count": 60, "median_ms": 0.9621760249137878, "min_ms": 0.9591360092163086, "p10_ms": 0.9601280093193054, "p90_ms": 0.9640960097312927}, "kind": "performance", "name": "v16", "repeat": 1, "shape": {"batch": 4, "fp32": false, "gate": null, "heads": 12, "lengths": null, "state_mode": "both", "tokens": 8192}}
{"case": 10, "eager": {"count": 60, "median_ms": 0.9938560128211975, "min_ms": 0.987775981426239, "p10_ms": 0.9899839758872986, "p90_ms": 0.9978240132331848}, "graph": {"count": 60, "median_ms": 0.9888159930706024, "min_ms": 0.986624002456665, "p10_ms": 0.9868159890174866, "p90_ms": 0.9919999837875366}, "kind": "performance", "name": "v16_prefetch4", "repeat": 1, "shape": {"batch": 4, "fp32": false, "gate": null, "heads": 12, "lengths": null, "state_mode": "both", "tokens": 8192}}
{"case": 10, "eager": {"count": 60, "median_ms": 0.7359519898891449, "min_ms": 0.7336959838867188, "p10_ms": 0.7339199781417847, "p90_ms": 0.7379519939422607}, "graph": {"count": 60, "median_ms": 0.7317759990692139, "min_ms": 0.730239987373352, "p10_ms": 0.7307199835777283, "p90_ms": 0.7328320145606995}, "kind": "performance", "name": "v64", "repeat": 1, "shape": {"batch": 4, "fp32": false, "gate": null, "heads": 12, "lengths": null, "state_mode": "both", "tokens": 8192}}
{"case": 10, "eager": {"count": 60, "median_ms": 0.9640960097312927, "min_ms": 0.9591360092163086, "p10_ms": 0.9619839787483215, "p90_ms": 0.9662079811096191}, "graph": {"count": 60, "median_ms": 0.9601280093193054, "min_ms": 0.9579839706420898, "p10_ms": 0.9581120014190674, "p90_ms": 0.9622079730033875}, "kind": "performance", "name": "v16_delayed_acquire", "repeat": 2, "shape": {"batch": 4, "fp32": false, "gate": null, "heads": 12, "lengths": null, "state_mode": "both", "tokens": 8192}}
{"case": 10, "eager": {"count": 60, "median_ms": 0.9932959973812103, "min_ms": 0.9869120121002197, "p10_ms": 0.9890559911727905, "p90_ms": 0.9959999918937683}, "graph": {"count": 60, "median_ms": 0.9898239970207214, "min_ms": 0.9848639965057373, "p10_ms": 0.9867839813232422, "p90_ms": 0.9919360280036926}, "kind": "performance", "name": "v16_prefetch4", "repeat": 2, "shape": {"batch": 4, "fp32": false, "gate": null, "heads": 12, "lengths": null, "state_mode": "both", "tokens": 8192}}
{"case": 10, "eager": {"count": 60, "median_ms": 0.9816319942474365, "min_ms": 0.9764800071716309, "p10_ms": 0.9797120094299316, "p90_ms": 0.9837120175361633}, "graph": {"count": 60, "median_ms": 0.9773919880390167, "min_ms": 0.9742720127105713, "p10_ms": 0.975488007068634, "p90_ms": 0.9785919785499573}, "kind": "performance", "name": "v16_early_publish", "repeat": 2, "shape": {"batch": 4, "fp32": false, "gate": null, "heads": 12, "lengths": null, "state_mode": "both", "tokens": 8192}}
{"case": 10, "eager": {"count": 60, "median_ms": 0.9672479927539825, "min_ms": 0.9622079730033875, "p10_ms": 0.9642559885978699, "p90_ms": 0.9693440198898315}, "graph": {"count": 60, "median_ms": 0.9632319808006287, "min_ms": 0.9599999785423279, "p10_ms": 0.961184024810791, "p90_ms": 0.9651520252227783}, "kind": "performance", "name": "legacy16", "repeat": 2, "shape": {"batch": 4, "fp32": false, "gate": null, "heads": 12, "lengths": null, "state_mode": "both", "tokens": 8192}}
{"case": 10, "eager": {"count": 60, "median_ms": 0.9672159850597382, "min_ms": 0.9621120095252991, "p10_ms": 0.9650880098342896, "p90_ms": 0.9684799909591675}, "graph": {"count": 60, "median_ms": 0.9621760249137878, "min_ms": 0.9600639939308167, "p10_ms": 0.9601600170135498, "p90_ms": 0.9641280174255371}, "kind": "performance", "name": "v16", "repeat": 2, "shape": {"batch": 4, "fp32": false, "gate": null, "heads": 12, "lengths": null, "state_mode": "both", "tokens": 8192}}
{"case": 10, "eager": {"count": 60, "median_ms": 0.7667039930820465, "min_ms": 0.7625280022621155, "p10_ms": 0.7644799947738647, "p90_ms": 0.7688959836959839}, "graph": {"count": 60, "median_ms": 0.7625280022621155, "min_ms": 0.761247992515564, "p10_ms": 0.7614399790763855, "p90_ms": 0.7635840177536011}, "kind": "performance", "name": "v32", "repeat": 2, "shape": {"batch": 4, "fp32": false, "gate": null, "heads": 12, "lengths": null, "state_mode": "both", "tokens": 8192}}
{"case": 10, "eager": {"count": 60, "median_ms": 0.8861600160598755, "min_ms": 0.8812800049781799, "p10_ms": 0.8832319974899292, "p90_ms": 0.8875200152397156}, "graph": {"count": 60, "median_ms": 0.8812800049781799, "min_ms": 0.8792639970779419, "p10_ms": 0.88019198179245, "p90_ms": 0.8823360204696655}, "kind": "performance", "name": "v128", "repeat": 2, "shape": {"batch": 4, "fp32": false, "gate": null, "heads": 12, "lengths": null, "state_mode": "both", "tokens": 8192}}
{"case": 10, "eager": {"count": 60, "median_ms": 0.9753759801387787, "min_ms": 0.9675520062446594, "p10_ms": 0.9693440198898315, "p90_ms": 0.978335976600647}, "graph": {"count": 60, "median_ms": 0.9704159796237946, "min_ms": 0.9653120040893555, "p10_ms": 0.9672960042953491, "p90_ms": 0.9743040204048157}, "kind": "performance", "name": "v16_prefetch2_delayed", "repeat": 2, "shape": {"batch": 4, "fp32": false, "gate": null, "heads": 12, "lengths": null, "state_mode": "both", "tokens": 8192}}
{"case": 10, "eager": {"count": 60, "median_ms": 0.9877279996871948, "min_ms": 0.9775360226631165, "p10_ms": 0.9806720018386841, "p90_ms": 0.9916480183601379}, "graph": {"count": 60, "median_ms": 0.9826399981975555, "min_ms": 0.9735680222511292, "p10_ms": 0.9755520224571228, "p90_ms": 0.9868159890174866}, "kind": "performance", "name": "v16_prefetch2", "repeat": 2, "shape": {"batch": 4, "fp32": false, "gate": null, "heads": 12, "lengths": null, "state_mode": "both", "tokens": 8192}}
{"case": 10, "eager": {"count": 60, "median_ms": 0.8872800171375275, "min_ms": 0.8824959993362427, "p10_ms": 0.8843839764595032, "p90_ms": 0.8875839710235596}, "graph": {"count": 60, "median_ms": 0.882288008928299, "min_ms": 0.8802880048751831, "p10_ms": 0.8811519742012024, "p90_ms": 0.8833600282669067}, "kind": "performance", "name": "legacy128", "repeat": 2, "shape": {"batch": 4, "fp32": false, "gate": null, "heads": 12, "lengths": null, "state_mode": "both", "tokens": 8192}}
{"case": 10, "eager": {"count": 60, "median_ms": 0.7359519898891449, "min_ms": 0.7318080067634583, "p10_ms": 0.7338240146636963, "p90_ms": 0.7379840016365051}, "graph": {"count": 60, "median_ms": 0.7316800057888031, "min_ms": 0.7305600047111511, "p10_ms": 0.7307199835777283, "p90_ms": 0.7328320145606995}, "kind": "performance", "name": "v64", "repeat": 2, "shape": {"batch": 4, "fp32": false, "gate": null, "heads": 12, "lengths": null, "state_mode": "both", "tokens": 8192}}
{"case": 10, "kind": "shape_complete", "shape": {"batch": 4, "fp32": false, "gate": null, "heads": 12, "lengths": null, "state_mode": "both", "tokens": 8192}}
{"case": 11, "eager": {"count": 60, "median_ms": 0.4636479914188385, "min_ms": 0.46160000562667847, "p10_ms": 0.4633600115776062, "p90_ms": 0.46560001373291016}, "graph": {"count": 60, "median_ms": 0.4583680033683777, "min_ms": 0.4562560021877289, "p10_ms": 0.45740801095962524, "p90_ms": 0.4585919976234436}, "kind": "performance", "name": "v16_prefetch4", "repeat": 0, "shape": {"batch": 1, "fp32": false, "gate": null, "heads": 12, "lengths": [8192], "state_mode": "both", "tokens": 8192}}
{"case": 11, "eager": {"count": 60, "median_ms": 0.6335679888725281, "min_ms": 0.6314560174942017, "p10_ms": 0.6323519945144653, "p90_ms": 0.6355839967727661}, "graph": {"count": 60, "median_ms": 0.6283359825611115, "min_ms": 0.6261759996414185, "p10_ms": 0.627295970916748, "p90_ms": 0.6284160017967224}, "kind": "performance", "name": "v64", "repeat": 0, "shape": {"batch": 1, "fp32": false, "gate": null, "heads": 12, "lengths": [8192], "state_mode": "both", "tokens": 8192}}
{"case": 11, "eager": {"count": 60, "median_ms": 0.5842239856719971, "min_ms": 0.582144021987915, "p10_ms": 0.5823040008544922, "p90_ms": 0.585536003112793}, "graph": {"count": 60, "median_ms": 0.5782080292701721, "min_ms": 0.5768960118293762, "p10_ms": 0.5771520137786865, "p90_ms": 0.5792639851570129}, "kind": "performance", "name": "v32", "repeat": 0, "shape": {"batch": 1, "fp32": false, "gate": null, "heads": 12, "lengths": [8192], "state_mode": "both", "tokens": 8192}}
{"case": 11, "eager": {"count": 60, "median_ms": 0.7909600138664246, "min_ms": 0.7881280183792114, "p10_ms": 0.7890560030937195, "p90_ms": 0.792352020740509}, "graph": {"count": 60, "median_ms": 0.7840319871902466, "min_ms": 0.7819839715957642, "p10_ms": 0.7830079793930054, "p90_ms": 0.7850880026817322}, "kind": "performance", "name": "legacy128", "repeat": 0, "shape": {"batch": 1, "fp32": false, "gate": null, "heads": 12, "lengths": [8192], "state_mode": "both", "tokens": 8192}}
{"case": 11, "eager": {"count": 60, "median_ms": 0.5740799903869629, "min_ms": 0.5718079805374146, "p10_ms": 0.5720319747924805, "p90_ms": 0.5760959982872009}, "graph": {"count": 60, "median_ms": 0.5689600110054016, "min_ms": 0.5678399801254272, "p10_ms": 0.5687360167503357, "p90_ms": 0.569920003414154}, "kind": "performance", "name": "legacy16", "repeat": 0, "shape": {"batch": 1, "fp32": false, "gate": null, "heads": 12, "lengths": [8192], "state_mode": "both", "tokens": 8192}}
{"case": 11, "eager": {"count": 60, "median_ms": 0.5259519815444946, "min_ms": 0.5229439735412598, "p10_ms": 0.5246719717979431, "p90_ms": 0.5270400047302246}, "graph": {"count": 60, "median_ms": 0.5207839906215668, "min_ms": 0.5196160078048706, "p10_ms": 0.5197439789772034, "p90_ms": 0.5219200253486633}, "kind": "performance", "name": "v16_prefetch2", "repeat": 0, "shape": {"batch": 1, "fp32": false, "gate": null, "heads": 12, "lengths": [8192], "state_mode": "both", "tokens": 8192}}
{"case": 11, "eager": {"count": 60, "median_ms": 0.5761120021343231, "min_ms": 0.5720639824867249, "p10_ms": 0.5740479826927185, "p90_ms": 0.5781760215759277}, "graph": {"count": 60, "median_ms": 0.5690240263938904, "min_ms": 0.5679680109024048, "p10_ms": 0.5687999725341797, "p90_ms": 0.5701119899749756}, "kind": "performance", "name": "v16", "repeat": 0, "shape": {"batch": 1, "fp32": false, "gate": null, "heads": 12, "lengths": [8192], "state_mode": "both", "tokens": 8192}}
{"case": 11, "eager": {"count": 60, "median_ms": 0.5647839903831482, "min_ms": 0.5627520084381104, "p10_ms": 0.5637120008468628, "p90_ms": 0.5660160183906555}, "graph": {"count": 60, "median_ms": 0.5587520003318787, "min_ms": 0.5575039982795715, "p10_ms": 0.5585600137710571, "p90_ms": 0.5597760081291199}, "kind": "performance", "name": "v16_delayed_acquire", "repeat": 0, "shape": {"batch": 1, "fp32": false, "gate": null, "heads": 12, "lengths": [8192], "state_mode": "both", "tokens": 8192}}
{"case": 11, "eager": {"count": 60, "median_ms": 0.5106880068778992, "min_ms": 0.5086719989776611, "p10_ms": 0.510528028011322, "p90_ms": 0.5134080052375793}, "graph": {"count": 60, "median_ms": 0.5065120160579681, "min_ms": 0.5052480101585388, "p10_ms": 0.5054399967193604, "p90_ms": 0.5076159834861755}, "kind": "performance", "name": "v16_prefetch2_delayed", "repeat": 0, "shape": {"batch": 1, "fp32": false, "gate": null, "heads": 12, "lengths": [8192], "state_mode": "both", "tokens": 8192}}
{"case": 11, "eager": {"count": 60, "median_ms": 0.5843200087547302, "min_ms": 0.5810559988021851, "p10_ms": 0.5821760296821594, "p90_ms": 0.5863360166549683}, "graph": {"count": 60, "median_ms": 0.5772160291671753, "min_ms": 0.5761280059814453, "p10_ms": 0.5771520137786865, "p90_ms": 0.5792319774627686}, "kind": "performance", "name": "v16_early_publish", "repeat": 0, "shape": {"batch": 1, "fp32": false, "gate": null, "heads": 12, "lengths": [8192], "state_mode": "both", "tokens": 8192}}
{"case": 11, "eager": {"count": 60, "median_ms": 0.7871040105819702, "min_ms": 0.7850239872932434, "p10_ms": 0.7861120104789734, "p90_ms": 0.789247989654541}, "graph": {"count": 60, "median_ms": 0.7829279899597168, "min_ms": 0.7807360291481018, "p10_ms": 0.781823992729187, "p90_ms": 0.784063994884491}, "kind": "performance", "name": "v128", "repeat": 0, "shape": {"batch": 1, "fp32": false, "gate": null, "heads": 12, "lengths": [8192], "state_mode": "both", "tokens": 8192}}
{"case": 11, "eager": {"count": 60, "median_ms": 0.7871360182762146, "min_ms": 0.7849599719047546, "p10_ms": 0.7863039970397949, "p90_ms": 0.7899839878082275}, "graph": {"count": 60, "median_ms": 0.7828800082206726, "min_ms": 0.7809280157089233, "p10_ms": 0.781823992729187, "p90_ms": 0.784063994884491}, "kind": "performance", "name": "v128", "repeat": 1, "shape": {"batch": 1, "fp32": false, "gate": null, "heads": 12, "lengths": [8192], "state_mode": "both", "tokens": 8192}}
{"case": 11, "eager": {"count": 60, "median_ms": 0.5842079818248749, "min_ms": 0.5812479853630066, "p10_ms": 0.5822719931602478, "p90_ms": 0.5863680243492126}, "graph": {"count": 60, "median_ms": 0.5771840214729309, "min_ms": 0.576960027217865, "p10_ms": 0.5771200060844421, "p90_ms": 0.5789759755134583}, "kind": "performance", "name": "v16_early_publish", "repeat": 1, "shape": {"batch": 1, "fp32": false, "gate": null, "heads": 12, "lengths": [8192], "state_mode": "both", "tokens": 8192}}
{"case": 11, "eager": {"count": 60, "median_ms": 0.5761120021343231, "min_ms": 0.572160005569458, "p10_ms": 0.5740159749984741, "p90_ms": 0.5778560042381287}, "graph": {"count": 60, "median_ms": 0.5690080225467682, "min_ms": 0.5679360032081604, "p10_ms": 0.5688319802284241, "p90_ms": 0.5700479745864868}, "kind": "performance", "name": "v16", "repeat": 1, "shape": {"batch": 1, "fp32": false, "gate": null, "heads": 12, "lengths": [8192], "state_mode": "both", "tokens": 8192}}
{"case": 11, "eager": {"count": 60, "median_ms": 0.52497598528862, "min_ms": 0.5227839946746826, "p10_ms": 0.523904025554657, "p90_ms": 0.5270400047302246}, "graph": {"count": 60, "median_ms": 0.5199200212955475, "min_ms": 0.5195840001106262, "p10_ms": 0.519711971282959, "p90_ms": 0.5218560099601746}, "kind": "performance", "name": "v16_prefetch2", "repeat": 1, "shape": {"batch": 1, "fp32": false, "gate": null, "heads": 12, "lengths": [8192], "state_mode": "both", "tokens": 8192}}
{"case": 11, "eager": {"count": 60, "median_ms": 0.4635840058326721, "min_ms": 0.462336003780365, "p10_ms": 0.46329599618911743, "p90_ms": 0.46560001373291016}, "graph": {"count": 60, "median_ms": 0.45840001106262207, "min_ms": 0.4572480022907257, "p10_ms": 0.45740801095962524, "p90_ms": 0.45846399664878845}, "kind": "performance", "name": "v16_prefetch4", "repeat": 1, "shape": {"batch": 1, "fp32": false, "gate": null, "heads": 12, "lengths": [8192], "state_mode": "both", "tokens": 8192}}
{"case": 11, "eager": {"count": 60, "median_ms": 0.7892799973487854, "min_ms": 0.7871040105819702, "p10_ms": 0.7889599800109863, "p90_ms": 0.7922239899635315}, "graph": {"count": 60, "median_ms": 0.7840319871902466, "min_ms": 0.7819520235061646, "p10_ms": 0.7830079793930054, "p90_ms": 0.7859519720077515}, "kind": "performance", "name": "legacy128", "repeat": 1, "shape": {"batch": 1, "fp32": false, "gate": null, "heads": 12, "lengths": [8192], "state_mode": "both", "tokens": 8192}}
{"case": 11, "eager": {"count": 60, "median_ms": 0.5107520222663879, "min_ms": 0.5084480047225952, "p10_ms": 0.5103679895401001, "p90_ms": 0.5135679841041565}, "graph": {"count": 60, "median_ms": 0.5064640045166016, "min_ms": 0.5052160024642944, "p10_ms": 0.5054720044136047, "p90_ms": 0.5075839757919312}, "kind": "performance", "name": "v16_prefetch2_delayed", "repeat": 1, "shape": {"batch": 1, "fp32": false, "gate": null, "heads": 12, "lengths": [8192], "state_mode": "both", "tokens": 8192}}
{"case": 11, "eager": {"count": 60, "median_ms": 0.6334560215473175, "min_ms": 0.6312959790229797, "p10_ms": 0.6314560174942017, "p90_ms": 0.6346240043640137}, "graph": {"count": 60, "median_ms": 0.6282560229301453, "min_ms": 0.6263039708137512, "p10_ms": 0.62636798620224, "p90_ms": 0.6284160017967224}, "kind": "performance", "name": "v64", "repeat": 1, "shape": {"batch": 1, "fp32": false, "gate": null, "heads": 12, "lengths": [8192], "state_mode": "both", "tokens": 8192}}
{"case": 11, "eager": {"count": 60, "median_ms": 0.5740159749984741, "min_ms": 0.5719360113143921, "p10_ms": 0.5720639824867249, "p90_ms": 0.57532799243927}, "graph": {"count": 60, "median_ms": 0.5689280033111572, "min_ms": 0.5679360032081604, "p10_ms": 0.5679680109024048, "p90_ms": 0.5699840188026428}, "kind": "performance", "name": "legacy16", "repeat": 1, "shape": {"batch": 1, "fp32": false, "gate": null, "heads": 12, "lengths": [8192], "state_mode": "both", "tokens": 8192}}
{"case": 11, "eager": {"count": 60, "median_ms": 0.5840319991111755, "min_ms": 0.5813120007514954, "p10_ms": 0.5821760296821594, "p90_ms": 0.5859519839286804}, "graph": {"count": 60, "median_ms": 0.5781760215759277, "min_ms": 0.5768319964408875, "p10_ms": 0.5771200060844421, "p90_ms": 0.5792639851570129}, "kind": "performance", "name": "v32", "repeat": 1, "shape": {"batch": 1, "fp32": false, "gate": null, "heads": 12, "lengths": [8192], "state_mode": "both", "tokens": 8192}}
{"case": 11, "eager": {"count": 60, "median_ms": 0.565311998128891, "min_ms": 0.5626879930496216, "p10_ms": 0.5629439949989319, "p90_ms": 0.5660480260848999}, "graph": {"count": 60, "median_ms": 0.5587520003318787, "min_ms": 0.5576000213623047, "p10_ms": 0.5577600002288818, "p90_ms": 0.5597760081291199}, "kind": "performance", "name": "v16_delayed_acquire", "repeat": 1, "shape": {"batch": 1, "fp32": false, "gate": null, "heads": 12, "lengths": [8192], "state_mode": "both", "tokens": 8192}}
{"case": 11, "eager": {"count": 60, "median_ms": 0.6334400177001953, "min_ms": 0.6312320232391357, "p10_ms": 0.631488025188446, "p90_ms": 0.635263979434967}, "graph": {"count": 60, "median_ms": 0.6283199787139893, "min_ms": 0.6261439919471741, "p10_ms": 0.627295970916748, "p90_ms": 0.628383994102478}, "kind": "performance", "name": "v64", "repeat": 2, "shape": {"batch": 1, "fp32": false, "gate": null, "heads": 12, "lengths": [8192], "state_mode": "both", "tokens": 8192}}
{"case": 11, "eager": {"count": 60, "median_ms": 0.46377600729465485, "min_ms": 0.4604800045490265, "p10_ms": 0.4633280038833618, "p90_ms": 0.46563199162483215}, "graph": {"count": 60, "median_ms": 0.45840001106262207, "min_ms": 0.4570240080356598, "p10_ms": 0.45737600326538086, "p90_ms": 0.4585280120372772}, "kind": "performance", "name": "v16_prefetch4", "repeat": 2, "shape": {"batch": 1, "fp32": false, "gate": null, "heads": 12, "lengths": [8192], "state_mode": "both", "tokens": 8192}}
{"case": 11, "eager": {"count": 60, "median_ms": 0.5739840269088745, "min_ms": 0.5711359977722168, "p10_ms": 0.5720639824867249, "p90_ms": 0.5759360194206238}, "graph": {"count": 60, "median_ms": 0.5689760148525238, "min_ms": 0.5679360032081604, "p10_ms": 0.5680000185966492, "p90_ms": 0.5699840188026428}, "kind": "performance", "name": "legacy16", "repeat": 2, "shape": {"batch": 1, "fp32": false, "gate": null, "heads": 12, "lengths": [8192], "state_mode": "both", "tokens": 8192}}
{"case": 11, "eager": {"count": 60, "median_ms": 0.7910400032997131, "min_ms": 0.7871360182762146, "p10_ms": 0.7890239953994751, "p90_ms": 0.7914239764213562}, "graph": {"count": 60, "median_ms": 0.7840319871902466, "min_ms": 0.7816960215568542, "p10_ms": 0.7828159928321838, "p90_ms": 0.7850880026817322}, "kind": "performance", "name": "legacy128", "repeat": 2, "shape": {"batch": 1, "fp32": false, "gate": null, "heads": 12, "lengths": [8192], "state_mode": "both", "tokens": 8192}}
{"case": 11, "eager": {"count": 60, "median_ms": 0.5640160143375397, "min_ms": 0.5628160238265991, "p10_ms": 0.5637440085411072, "p90_ms": 0.5659520030021667}, "graph": {"count": 60, "median_ms": 0.5587520003318787, "min_ms": 0.5575680136680603, "p10_ms": 0.5585280060768127, "p90_ms": 0.5597440004348755}, "kind": "performance", "name": "v16_delayed_acquire", "repeat": 2, "shape": {"batch": 1, "fp32": false, "gate": null, "heads": 12, "lengths": [8192], "state_mode": "both", "tokens": 8192}}
{"case": 11, "eager": {"count": 60, "median_ms": 0.5760799944400787, "min_ms": 0.5720639824867249, "p10_ms": 0.5740799903869629, "p90_ms": 0.5780479907989502}, "graph": {"count": 60, "median_ms": 0.5690240263938904, "min_ms": 0.5679680109024048, "p10_ms": 0.5688639879226685, "p90_ms": 0.5700160264968872}, "kind": "performance", "name": "v16", "repeat": 2, "shape": {"batch": 1, "fp32": false, "gate": null, "heads": 12, "lengths": [8192], "state_mode": "both", "tokens": 8192}}
{"case": 11, "eager": {"count": 60, "median_ms": 0.5113759934902191, "min_ms": 0.5086079835891724, "p10_ms": 0.510528028011322, "p90_ms": 0.5127360224723816}, "graph": {"count": 60, "median_ms": 0.506496012210846, "min_ms": 0.5050879716873169, "p10_ms": 0.5053759813308716, "p90_ms": 0.5075839757919312}, "kind": "performance", "name": "v16_prefetch2_delayed", "repeat": 2, "shape": {"batch": 1, "fp32": false, "gate": null, "heads": 12, "lengths": [8192], "state_mode": "both", "tokens": 8192}}
{"case": 11, "eager": {"count": 60, "median_ms": 0.5842239856719971, "min_ms": 0.5810880064964294, "p10_ms": 0.5822399854660034, "p90_ms": 0.5862720012664795}, "graph": {"count": 60, "median_ms": 0.5771680176258087, "min_ms": 0.5768960118293762, "p10_ms": 0.5770559906959534, "p90_ms": 0.5782080292701721}, "kind": "performance", "name": "v16_early_publish", "repeat": 2, "shape": {"batch": 1, "fp32": false, "gate": null, "heads": 12, "lengths": [8192], "state_mode": "both", "tokens": 8192}}
{"case": 11, "eager": {"count": 60, "median_ms": 0.5842559933662415, "min_ms": 0.5811520218849182, "p10_ms": 0.5820800065994263, "p90_ms": 0.5863040089607239}, "graph": {"count": 60, "median_ms": 0.5781440138816833, "min_ms": 0.576960027217865, "p10_ms": 0.5770879983901978, "p90_ms": 0.5792319774627686}, "kind": "performance", "name": "v32", "repeat": 2, "shape": {"batch": 1, "fp32": false, "gate": null, "heads": 12, "lengths": [8192], "state_mode": "both", "tokens": 8192}}
{"case": 11, "eager": {"count": 60, "median_ms": 0.7872639894485474, "min_ms": 0.7839999794960022, "p10_ms": 0.7867519855499268, "p90_ms": 0.7893440127372742}, "graph": {"count": 60, "median_ms": 0.7829440236091614, "min_ms": 0.7801600098609924, "p10_ms": 0.7817919850349426, "p90_ms": 0.7840319871902466}, "kind": "performance", "name": "v128", "repeat": 2, "shape": {"batch": 1, "fp32": false, "gate": null, "heads": 12, "lengths": [8192], "state_mode": "both", "tokens": 8192}}
{"case": 11, "eager": {"count": 60, "median_ms": 0.5255360007286072, "min_ms": 0.5231999754905701, "p10_ms": 0.5247679948806763, "p90_ms": 0.5271679759025574}, "graph": {"count": 60, "median_ms": 0.5198720097541809, "min_ms": 0.5196160078048706, "p10_ms": 0.5197439789772034, "p90_ms": 0.521727979183197}, "kind": "performance", "name": "v16_prefetch2", "repeat": 2, "shape": {"batch": 1, "fp32": false, "gate": null, "heads": 12, "lengths": [8192], "state_mode": "both", "tokens": 8192}}
{"case": 11, "kind": "shape_complete", "shape": {"batch": 1, "fp32": false, "gate": null, "heads": 12, "lengths": [8192], "state_mode": "both", "tokens": 8192}}
{"case": 12, "eager": {"count": 60, "median_ms": 0.3815680146217346, "min_ms": 0.3792639970779419, "p10_ms": 0.3795199990272522, "p90_ms": 0.38364800810813904}, "graph": {"count": 60, "median_ms": 0.37644800543785095, "min_ms": 0.374208003282547, "p10_ms": 0.37542399764060974, "p90_ms": 0.3766080141067505}, "kind": "performance", "name": "v16_prefetch2", "repeat": 0, "shape": {"batch": 1, "fp32": false, "gate": null, "heads": 12, "lengths": [16, 32, 512, 1024, 2512, 4096], "state_mode": "both", "tokens": 8192}}
{"case": 12, "eager": {"count": 60, "median_ms": 0.3909759968519211, "min_ms": 0.3874880075454712, "p10_ms": 0.38972800970077515, "p90_ms": 0.3919360041618347}, "graph": {"count": 60, "median_ms": 0.38572800159454346, "min_ms": 0.38447999954223633, "p10_ms": 0.38464000821113586, "p90_ms": 0.3868800103664398}, "kind": "performance", "name": "v16", "repeat": 0, "shape": {"batch": 1, "fp32": false, "gate": null, "heads": 12, "lengths": [16, 32, 512, 1024, 2512, 4096], "state_mode": "both", "tokens": 8192}}
{"case": 12, "eager": {"count": 60, "median_ms": 0.35075199604034424, "min_ms": 0.34784001111984253, "p10_ms": 0.34880000352859497, "p90_ms": 0.35100799798965454}, "graph": {"count": 60, "median_ms": 0.3437120020389557, "min_ms": 0.3434560000896454, "p10_ms": 0.34358400106430054, "p90_ms": 0.3447679877281189}, "kind": "performance", "name": "v64", "repeat": 0, "shape": {"batch": 1, "fp32": false, "gate": null, "heads": 12, "lengths": [16, 32, 512, 1024, 2512, 4096], "state_mode": "both", "tokens": 8192}}
{"case": 12, "eager": {"count": 60, "median_ms": 0.3609119951725006, "min_ms": 0.3580160140991211, "p10_ms": 0.3590080142021179, "p90_ms": 0.36208000779151917}, "graph": {"count": 60, "median_ms": 0.35596799850463867, "min_ms": 0.35392001271247864, "p10_ms": 0.35494399070739746, "p90_ms": 0.3560959994792938}, "kind": "performance", "name": "v32", "repeat": 0, "shape": {"batch": 1, "fp32": false, "gate": null, "heads": 12, "lengths": [16, 32, 512, 1024, 2512, 4096], "state_mode": "both", "tokens": 8192}}
{"case": 12, "eager": {"count": 60, "median_ms": 0.4275040030479431, "min_ms": 0.4256640076637268, "p10_ms": 0.4265280067920685, "p90_ms": 0.4288960099220276}, "graph": {"count": 60, "median_ms": 0.423552006483078, "min_ms": 0.4224640130996704, "p10_ms": 0.42259201407432556, "p90_ms": 0.42368000745773315}, "kind": "performance", "name": "legacy128", "repeat": 0, "shape": {"batch": 1, "fp32": false, "gate": null, "heads": 12, "lengths": [16, 32, 512, 1024, 2512, 4096], "state_mode": "both", "tokens": 8192}}
{"case": 12, "eager": {"count": 60, "median_ms": 0.38356800377368927, "min_ms": 0.380511999130249, "p10_ms": 0.38150399923324585, "p90_ms": 0.3856320083141327}, "graph": {"count": 60, "median_ms": 0.3774400055408478, "min_ms": 0.37622401118278503, "p10_ms": 0.37644800543785095, "p90_ms": 0.37852799892425537}, "kind": "performance", "name": "v16_prefetch2_delayed", "repeat": 0, "shape": {"batch": 1, "fp32": false, "gate": null, "heads": 12, "lengths": [16, 32, 512, 1024, 2512, 4096], "state_mode": "both", "tokens": 8192}}
{"case": 12, "eager": {"count": 60, "median_ms": 0.4285600036382675, "min_ms": 0.4264959990978241, "p10_ms": 0.42662400007247925, "p90_ms": 0.4307200014591217}, "graph": {"count": 60, "median_ms": 0.423552006483078, "min_ms": 0.422432005405426, "p10_ms": 0.4232960045337677, "p90_ms": 0.42447999119758606}, "kind": "performance", "name": "v128", "repeat": 0, "shape": {"batch": 1, "fp32": false, "gate": null, "heads": 12, "lengths": [16, 32, 512, 1024, 2512, 4096], "state_mode": "both", "tokens": 8192}}
{"case": 12, "eager": {"count": 60, "median_ms": 0.38995200395584106, "min_ms": 0.3895680010318756, "p10_ms": 0.3896639943122864, "p90_ms": 0.39190399646759033}, "graph": {"count": 60, "median_ms": 0.38654398918151855, "min_ms": 0.38447999954223633, "p10_ms": 0.38464000821113586, "p90_ms": 0.3867200016975403}, "kind": "performance", "name": "legacy16", "repeat": 0, "shape": {"batch": 1, "fp32": false, "gate": null, "heads": 12, "lengths": [16, 32, 512, 1024, 2512, 4096], "state_mode": "both", "tokens": 8192}}
{"case": 12, "eager": {"count": 60, "median_ms": 0.38153600692749023, "min_ms": 0.378464013338089, "p10_ms": 0.3795199990272522, "p90_ms": 0.38364800810813904}, "graph": {"count": 60, "median_ms": 0.3744640052318573, "min_ms": 0.3723520040512085, "p10_ms": 0.3734079897403717, "p90_ms": 0.37644800543785095}, "kind": "performance", "name": "v16_prefetch4", "repeat": 0, "shape": {"batch": 1, "fp32": false, "gate": null, "heads": 12, "lengths": [16, 32, 512, 1024, 2512, 4096], "state_mode": "both", "tokens": 8192}}
{"case": 12, "eager": {"count": 60, "median_ms": 0.39577600359916687, "min_ms": 0.39369601011276245, "p10_ms": 0.3937920033931732, "p90_ms": 0.3969919979572296}, "graph": {"count": 60, "median_ms": 0.38923199474811554, "min_ms": 0.38838401436805725, "p10_ms": 0.38863998651504517, "p90_ms": 0.3908480107784271}, "kind": "performance", "name": "v16_early_publish", "repeat": 0, "shape": {"batch": 1, "fp32": false, "gate": null, "heads": 12, "lengths": [16, 32, 512, 1024, 2512, 4096], "state_mode": "both", "tokens": 8192}}
{"case": 12, "eager": {"count": 60, "median_ms": 0.38760000467300415, "min_ms": 0.3854080140590668, "p10_ms": 0.3856000006198883, "p90_ms": 0.3898240029811859}, "graph": {"count": 60, "median_ms": 0.38259199261665344, "min_ms": 0.3803519904613495, "p10_ms": 0.3815680146217346, "p90_ms": 0.38361600041389465}, "kind": "performance", "name": "v16_delayed_acquire", "repeat": 0, "shape": {"batch": 1, "fp32": false, "gate": null, "heads": 12, "lengths": [16, 32, 512, 1024, 2512, 4096], "state_mode": "both", "tokens": 8192}}
{"case": 12, "eager": {"count": 60, "median_ms": 0.3816159963607788, "min_ms": 0.37935999035835266, "p10_ms": 0.3795520067214966, "p90_ms": 0.38367998600006104}, "graph": {"count": 60, "median_ms": 0.37644800543785095, "min_ms": 0.37430399656295776, "p10_ms": 0.3754560053348541, "p90_ms": 0.37747201323509216}, "kind": "performance", "name": "v16_prefetch2", "repeat": 1, "shape": {"batch": 1, "fp32": false, "gate": null, "heads": 12, "lengths": [16, 32, 512, 1024, 2512, 4096], "state_mode": "both", "tokens": 8192}}
{"case": 12, "eager": {"count": 60, "median_ms": 0.38732799887657166, "min_ms": 0.38543999195098877, "p10_ms": 0.3856000006198883, "p90_ms": 0.387935996055603}, "graph": {"count": 60, "median_ms": 0.38259199261665344, "min_ms": 0.38044801354408264, "p10_ms": 0.3814080059528351, "p90_ms": 0.38281598687171936}, "kind": "performance", "name": "v16_delayed_acquire", "repeat": 1, "shape": {"batch": 1, "fp32": false, "gate": null, "heads": 12, "lengths": [16, 32, 512, 1024, 2512, 4096], "state_mode": "both", "tokens": 8192}}
{"case": 12, "eager": {"count": 60, "median_ms": 0.4285759925842285, "min_ms": 0.4262720048427582, "p10_ms": 0.42656001448631287, "p90_ms": 0.4294399917125702}, "graph": {"count": 60, "median_ms": 0.423552006483078, "min_ms": 0.42153599858283997, "p10_ms": 0.4225600063800812, "p90_ms": 0.42399999499320984}, "kind": "performance", "name": "legacy128", "repeat": 1, "shape": {"batch": 1, "fp32": false, "gate": null, "heads": 12, "lengths": [16, 32, 512, 1024, 2512, 4096], "state_mode": "both", "tokens": 8192}}
{"case": 12, "eager": {"count": 60, "median_ms": 0.36103999614715576, "min_ms": 0.35891199111938477, "p10_ms": 0.3590399920940399, "p90_ms": 0.363103985786438}, "graph": {"count": 60, "median_ms": 0.35596799850463867, "min_ms": 0.3538239896297455, "p10_ms": 0.35491201281547546, "p90_ms": 0.35603201389312744}, "kind": "performance", "name": "v32", "repeat": 1, "shape": {"batch": 1, "fp32": false, "gate": null, "heads": 12, "lengths": [16, 32, 512, 1024, 2512, 4096], "state_mode": "both", "tokens": 8192}}
{"case": 12, "eager": {"count": 60, "median_ms": 0.3916800022125244, "min_ms": 0.3887679874897003, "p10_ms": 0.38972800970077515, "p90_ms": 0.39206400513648987}, "graph": {"count": 60, "median_ms": 0.38652798533439636, "min_ms": 0.38447999954223633, "p10_ms": 0.38464000821113586, "p90_ms": 0.38675200939178467}, "kind": "performance", "name": "v16", "repeat": 1, "shape": {"batch": 1, "fp32": false, "gate": null, "heads": 12, "lengths": [16, 32, 512, 1024, 2512, 4096], "state_mode": "both", "tokens": 8192}}
{"case": 12, "eager": {"count": 60, "median_ms": 0.38366399705410004, "min_ms": 0.3806079924106598, "p10_ms": 0.3815680146217346, "p90_ms": 0.38572800159454346}, "graph": {"count": 60, "median_ms": 0.37751999497413635, "min_ms": 0.3762879967689514, "p10_ms": 0.37644800543785095, "p90_ms": 0.37856000661849976}, "kind": "performance", "name": "v16_prefetch2_delayed", "repeat": 1, "shape": {"batch": 1, "fp32": false, "gate": null, "heads": 12, "lengths": [16, 32, 512, 1024, 2512, 4096], "state_mode": "both", "tokens": 8192}}
{"case": 12, "eager": {"count": 60, "median_ms": 0.3506399989128113, "min_ms": 0.34806400537490845, "p10_ms": 0.3487679958343506, "p90_ms": 0.35097599029541016}, "graph": {"count": 60, "median_ms": 0.3436799943447113, "min_ms": 0.34249600768089294, "p10_ms": 0.34355199337005615, "p90_ms": 0.3455359935760498}, "kind": "performance", "name": "v64", "repeat": 1, "shape": {"batch": 1, "fp32": false, "gate": null, "heads": 12, "lengths": [16, 32, 512, 1024, 2512, 4096], "state_mode": "both", "tokens": 8192}}
{"case": 12, "eager": {"count": 60, "median_ms": 0.39588800072669983, "min_ms": 0.3929600119590759, "p10_ms": 0.3937920033931732, "p90_ms": 0.3980160057544708}, "graph": {"count": 60, "median_ms": 0.38975998759269714, "min_ms": 0.38863998651504517, "p10_ms": 0.3887360095977783, "p90_ms": 0.3908480107784271}, "kind": "performance", "name": "v16_early_publish", "repeat": 1, "shape": {"batch": 1, "fp32": false, "gate": null, "heads": 12, "lengths": [16, 32, 512, 1024, 2512, 4096], "state_mode": "both", "tokens": 8192}}
{"case": 12, "eager": {"count": 60, "median_ms": 0.4285440146923065, "min_ms": 0.426144003868103, "p10_ms": 0.42659199237823486, "p90_ms": 0.42895999550819397}, "graph": {"count": 60, "median_ms": 0.4235840141773224, "min_ms": 0.4225600063800812, "p10_ms": 0.42339199781417847, "p90_ms": 0.4245760142803192}, "kind": "performance", "name": "v128", "repeat": 1, "shape": {"batch": 1, "fp32": false, "gate": null, "heads": 12, "lengths": [16, 32, 512, 1024, 2512, 4096], "state_mode": "both", "tokens": 8192}}
{"case": 12, "eager": {"count": 60, "median_ms": 0.38152000308036804, "min_ms": 0.37747201323509216, "p10_ms": 0.3795199990272522, "p90_ms": 0.38364800810813904}, "graph": {"count": 60, "median_ms": 0.3750080019235611, "min_ms": 0.37408000230789185, "p10_ms": 0.3742719888687134, "p90_ms": 0.37644800543785095}, "kind": "performance", "name": "v16_prefetch4", "repeat": 1, "shape": {"batch": 1, "fp32": false, "gate": null, "heads": 12, "lengths": [16, 32, 512, 1024, 2512, 4096], "state_mode": "both", "tokens": 8192}}
{"case": 12, "eager": {"count": 60, "median_ms": 0.39156800508499146, "min_ms": 0.3877120018005371, "p10_ms": 0.38969600200653076, "p90_ms": 0.3919999897480011}, "graph": {"count": 60, "median_ms": 0.38649600744247437, "min_ms": 0.38441601395606995, "p10_ms": 0.38464000821113586, "p90_ms": 0.38675200939178467}, "kind": "performance", "name": "legacy16", "repeat": 1, "shape": {"batch": 1, "fp32": false, "gate": null, "heads": 12, "lengths": [16, 32, 512, 1024, 2512, 4096], "state_mode": "both", "tokens": 8192}}
{"case": 12, "eager": {"count": 60, "median_ms": 0.36107200384140015, "min_ms": 0.3588480055332184, "p10_ms": 0.3590080142021179, "p90_ms": 0.3630400002002716}, "graph": {"count": 60, "median_ms": 0.35600000619888306, "min_ms": 0.3537600040435791, "p10_ms": 0.3548479974269867, "p90_ms": 0.35603201389312744}, "kind": "performance", "name": "v32", "repeat": 2, "shape": {"batch": 1, "fp32": false, "gate": null, "heads": 12, "lengths": [16, 32, 512, 1024, 2512, 4096], "state_mode": "both", "tokens": 8192}}
{"case": 12, "eager": {"count": 60, "median_ms": 0.3506399989128113, "min_ms": 0.34751999378204346, "p10_ms": 0.34860798716545105, "p90_ms": 0.35097599029541016}, "graph": {"count": 60, "median_ms": 0.3436799943447113, "min_ms": 0.3426240086555481, "p10_ms": 0.34351998567581177, "p90_ms": 0.3456000089645386}, "kind": "performance", "name": "v64", "repeat": 2, "shape": {"batch": 1, "fp32": false, "gate": null, "heads": 12, "lengths": [16, 32, 512, 1024, 2512, 4096], "state_mode": "both", "tokens": 8192}}
{"case": 12, "eager": {"count": 60, "median_ms": 0.38364800810813904, "min_ms": 0.38047999143600464, "p10_ms": 0.38153600692749023, "p90_ms": 0.38576000928878784}, "graph": {"count": 60, "median_ms": 0.37830400466918945, "min_ms": 0.3762879967689514, "p10_ms": 0.37641599774360657, "p90_ms": 0.37856000661849976}, "kind": "performance", "name": "v16_prefetch2_delayed", "repeat": 2, "shape": {"batch": 1, "fp32": false, "gate": null, "heads": 12, "lengths": [16, 32, 512, 1024, 2512, 4096], "state_mode": "both", "tokens": 8192}}
{"case": 12, "eager": {"count": 60, "median_ms": 0.38153600692749023, "min_ms": 0.3784320056438446, "p10_ms": 0.3795520067214966, "p90_ms": 0.38364800810813904}, "graph": {"count": 60, "median_ms": 0.3744960129261017, "min_ms": 0.3723840117454529, "p10_ms": 0.374208003282547, "p90_ms": 0.37670400738716125}, "kind": "performance", "name": "v16_prefetch4", "repeat": 2, "shape": {"batch": 1, "fp32": false, "gate": null, "heads": 12, "lengths": [16, 32, 512, 1024, 2512, 4096], "state_mode": "both", "tokens": 8192}}
{"case": 12, "eager": {"count": 60, "median_ms": 0.3916639983654022, "min_ms": 0.3888320028781891, "p10_ms": 0.389631986618042, "p90_ms": 0.3928000032901764}, "graph": {"count": 60, "median_ms": 0.3866399973630905, "min_ms": 0.3845759928226471, "p10_ms": 0.38467198610305786, "p90_ms": 0.3868800103664398}, "kind": "performance", "name": "legacy16", "repeat": 2, "shape": {"batch": 1, "fp32": false, "gate": null, "heads": 12, "lengths": [16, 32, 512, 1024, 2512, 4096], "state_mode": "both", "tokens": 8192}}
{"case": 12, "eager": {"count": 60, "median_ms": 0.3815680146217346, "min_ms": 0.3792319893836975, "p10_ms": 0.3794879913330078, "p90_ms": 0.3837119936943054}, "graph": {"count": 60, "median_ms": 0.37648001313209534, "min_ms": 0.37430399656295776, "p10_ms": 0.3754560053348541, "p90_ms": 0.37750399112701416}, "kind": "performance", "name": "v16_prefetch2", "repeat": 2, "shape": {"batch": 1, "fp32": false, "gate": null, "heads": 12, "lengths": [16, 32, 512, 1024, 2512, 4096], "state_mode": "both", "tokens": 8192}}
{"case": 12, "eager": {"count": 60, "median_ms": 0.38756799697875977, "min_ms": 0.38547199964523315, "p10_ms": 0.3856320083141327, "p90_ms": 0.3895359933376312}, "graph": {"count": 60, "median_ms": 0.3826240003108978, "min_ms": 0.3806079924106598, "p10_ms": 0.3815999925136566, "p90_ms": 0.38281598687171936}, "kind": "performance", "name": "v16_delayed_acquire", "repeat": 2, "shape": {"batch": 1, "fp32": false, "gate": null, "heads": 12, "lengths": [16, 32, 512, 1024, 2512, 4096], "state_mode": "both", "tokens": 8192}}
{"case": 12, "eager": {"count": 60, "median_ms": 0.39159999787807465, "min_ms": 0.38790398836135864, "p10_ms": 0.38969600200653076, "p90_ms": 0.39372798800468445}, "graph": {"count": 60, "median_ms": 0.3866559863090515, "min_ms": 0.38419198989868164, "p10_ms": 0.38464000821113586, "p90_ms": 0.38675200939178467}, "kind": "performance", "name": "v16", "repeat": 2, "shape": {"batch": 1, "fp32": false, "gate": null, "heads": 12, "lengths": [16, 32, 512, 1024, 2512, 4096], "state_mode": "both", "tokens": 8192}}
{"case": 12, "eager": {"count": 60, "median_ms": 0.42795200645923615, "min_ms": 0.4264639914035797, "p10_ms": 0.42659199237823486, "p90_ms": 0.4288640022277832}, "graph": {"count": 60, "median_ms": 0.4236000031232834, "min_ms": 0.42153599858283997, "p10_ms": 0.4225600063800812, "p90_ms": 0.4238399863243103}, "kind": "performance", "name": "legacy128", "repeat": 2, "shape": {"batch": 1, "fp32": false, "gate": null, "heads": 12, "lengths": [16, 32, 512, 1024, 2512, 4096], "state_mode": "both", "tokens": 8192}}
{"case": 12, "eager": {"count": 60, "median_ms": 0.39588800072669983, "min_ms": 0.3928320109844208, "p10_ms": 0.3938240110874176, "p90_ms": 0.3980160057544708}, "graph": {"count": 60, "median_ms": 0.38977599143981934, "min_ms": 0.3885439932346344, "p10_ms": 0.3887360095977783, "p90_ms": 0.3909440040588379}, "kind": "performance", "name": "v16_early_publish", "repeat": 2, "shape": {"batch": 1, "fp32": false, "gate": null, "heads": 12, "lengths": [16, 32, 512, 1024, 2512, 4096], "state_mode": "both", "tokens": 8192}}
{"case": 12, "eager": {"count": 60, "median_ms": 0.4285600036382675, "min_ms": 0.42636799812316895, "p10_ms": 0.42656001448631287, "p90_ms": 0.4307520091533661}, "graph": {"count": 60, "median_ms": 0.4236159920692444, "min_ms": 0.42233601212501526, "p10_ms": 0.42342400550842285, "p90_ms": 0.4245760142803192}, "kind": "performance", "name": "v128", "repeat": 2, "shape": {"batch": 1, "fp32": false, "gate": null, "heads": 12, "lengths": [16, 32, 512, 1024, 2512, 4096], "state_mode": "both", "tokens": 8192}}
{"case": 12, "kind": "shape_complete", "shape": {"batch": 1, "fp32": false, "gate": null, "heads": 12, "lengths": [16, 32, 512, 1024, 2512, 4096], "state_mode": "both", "tokens": 8192}}
{"case": 13, "eager": {"count": 60, "median_ms": 0.31332799792289734, "min_ms": 0.31171199679374695, "p10_ms": 0.3118720054626465, "p90_ms": 0.3141759932041168}, "graph": {"count": 60, "median_ms": 0.3079040050506592, "min_ms": 0.30646398663520813, "p10_ms": 0.3068160116672516, "p90_ms": 0.3089280128479004}, "kind": "performance", "name": "legacy16", "repeat": 0, "shape": {"batch": 1, "fp32": false, "gate": null, "heads": 12, "lengths": [1024, 1024, 1024, 1024, 1024, 1024, 1024, 1024], "state_mode": "both", "tokens": 8192}}
{"case": 13, "eager": {"count": 60, "median_ms": 0.3139199912548065, "min_ms": 0.3118079900741577, "p10_ms": 0.31190401315689087, "p90_ms": 0.31491199135780334}, "graph": {"count": 60, "median_ms": 0.308896005153656, "min_ms": 0.3068160116672516, "p10_ms": 0.3078719973564148, "p90_ms": 0.30908799171447754}, "kind": "performance", "name": "v16_early_publish", "repeat": 0, "shape": {"batch": 1, "fp32": false, "gate": null, "heads": 12, "lengths": [1024, 1024, 1024, 1024, 1024, 1024, 1024, 1024], "state_mode": "both", "tokens": 8192}}
{"case": 13, "eager": {"count": 60, "median_ms": 0.3128480017185211, "min_ms": 0.31094399094581604, "p10_ms": 0.3118720054626465, "p90_ms": 0.31404799222946167}, "graph": {"count": 60, "median_ms": 0.3068479895591736, "min_ms": 0.3056640028953552, "p10_ms": 0.3060159981250763, "p90_ms": 0.3070400059223175}, "kind": "performance", "name": "v16_prefetch2", "repeat": 0, "shape": {"batch": 1, "fp32": false, "gate": null, "heads": 12, "lengths": [1024, 1024, 1024, 1024, 1024, 1024, 1024, 1024], "state_mode": "both", "tokens": 8192}}
{"case": 13, "eager": {"count": 60, "median_ms": 0.1560159996151924, "min_ms": 0.1539520025253296, "p10_ms": 0.15411199629306793, "p90_ms": 0.15641599893569946}, "graph": {"count": 60, "median_ms": 0.15111999958753586, "min_ms": 0.14895999431610107, "p10_ms": 0.1491200029850006, "p90_ms": 0.15123200416564941}, "kind": "performance", "name": "legacy128", "repeat": 0, "shape": {"batch": 1, "fp32": false, "gate": null, "heads": 12, "lengths": [1024, 1024, 1024, 1024, 1024, 1024, 1024, 1024], "state_mode": "both", "tokens": 8192}}
{"case": 13, "eager": {"count": 60, "median_ms": 0.31379199028015137, "min_ms": 0.3117760121822357, "p10_ms": 0.31193599104881287, "p90_ms": 0.31407999992370605}, "graph": {"count": 60, "median_ms": 0.3088639974594116, "min_ms": 0.3068160116672516, "p10_ms": 0.3078399896621704, "p90_ms": 0.3089599907398224}, "kind": "performance", "name": "v16", "repeat": 0, "shape": {"batch": 1, "fp32": false, "gate": null, "heads": 12, "lengths": [1024, 1024, 1024, 1024, 1024, 1024, 1024, 1024], "state_mode": "both", "tokens": 8192}}
{"case": 13, "eager": {"count": 60, "median_ms": 0.3139840066432953, "min_ms": 0.3117760121822357, "p10_ms": 0.31196799874305725, "p90_ms": 0.3150080144405365}, "graph": {"count": 60, "median_ms": 0.3079040050506592, "min_ms": 0.30665600299835205, "p10_ms": 0.3068479895591736, "p90_ms": 0.3089280128479004}, "kind": "performance", "name": "v16_delayed_acquire", "repeat": 0, "shape": {"batch": 1, "fp32": false, "gate": null, "heads": 12, "lengths": [1024, 1024, 1024, 1024, 1024, 1024, 1024, 1024], "state_mode": "both", "tokens": 8192}}
{"case": 13, "eager": {"count": 60, "median_ms": 0.1544319987297058, "min_ms": 0.15404799580574036, "p10_ms": 0.1542080044746399, "p90_ms": 0.15644800662994385}, "graph": {"count": 60, "median_ms": 0.15111999958753586, "min_ms": 0.14902399480342865, "p10_ms": 0.1496960073709488, "p90_ms": 0.151296004652977}, "kind": "performance", "name": "v128", "repeat": 0, "shape": {"batch": 1, "fp32": false, "gate": null, "heads": 12, "lengths": [1024, 1024, 1024, 1024, 1024, 1024, 1024, 1024], "state_mode": "both", "tokens": 8192}}
{"case": 13, "eager": {"count": 60, "median_ms": 0.1536800041794777, "min_ms": 0.15190400183200836, "p10_ms": 0.1520960032939911, "p90_ms": 0.15430399775505066}, "graph": {"count": 60, "median_ms": 0.14707200229167938, "min_ms": 0.14668799936771393, "p10_ms": 0.14691199362277985, "p90_ms": 0.14723199605941772}, "kind": "performance", "name": "v64", "repeat": 0, "shape": {"batch": 1, "fp32": false, "gate": null, "heads": 12, "lengths": [1024, 1024, 1024, 1024, 1024, 1024, 1024, 1024], "state_mode": "both", "tokens": 8192}}
{"case": 13, "eager": {"count": 60, "median_ms": 0.31380799412727356, "min_ms": 0.3107520043849945, "p10_ms": 0.3118720054626465, "p90_ms": 0.31411200761795044}, "graph": {"count": 60, "median_ms": 0.3068479895591736, "min_ms": 0.3057920038700104, "p10_ms": 0.30665600299835205, "p90_ms": 0.30873599648475647}, "kind": "performance", "name": "v16_prefetch2_delayed", "repeat": 0, "shape": {"batch": 1, "fp32": false, "gate": null, "heads": 12, "lengths": [1024, 1024, 1024, 1024, 1024, 1024, 1024, 1024], "state_mode": "both", "tokens": 8192}}
{"case": 13, "eager": {"count": 60, "median_ms": 0.3137120008468628, "min_ms": 0.3108159899711609, "p10_ms": 0.3118399977684021, "p90_ms": 0.31411200761795044}, "graph": {"count": 60, "median_ms": 0.30687999725341797, "min_ms": 0.30585598945617676, "p10_ms": 0.30668801069259644, "p90_ms": 0.3079040050506592}, "kind": "performance", "name": "v16_prefetch4", "repeat": 0, "shape": {"batch": 1, "fp32": false, "gate": null, "heads": 12, "lengths": [1024, 1024, 1024, 1024, 1024, 1024, 1024, 1024], "state_mode": "both", "tokens": 8192}}
{"case": 13, "eager": {"count": 60, "median_ms": 0.17051199823617935, "min_ms": 0.16838400065898895, "p10_ms": 0.16860799491405487, "p90_ms": 0.17075200378894806}, "graph": {"count": 60, "median_ms": 0.16524800658226013, "min_ms": 0.16329599916934967, "p10_ms": 0.1634880006313324, "p90_ms": 0.16556799411773682}, "kind": "performance", "name": "v32", "repeat": 0, "shape": {"batch": 1, "fp32": false, "gate": null, "heads": 12, "lengths": [1024, 1024, 1024, 1024, 1024, 1024, 1024, 1024], "state_mode": "both", "tokens": 8192}}
{"case": 13, "eager": {"count": 60, "median_ms": 0.15588799864053726, "min_ms": 0.15411199629306793, "p10_ms": 0.1541759967803955, "p90_ms": 0.15644800662994385}, "graph": {"count": 60, "median_ms": 0.15113599598407745, "min_ms": 0.14905600249767303, "p10_ms": 0.1491519957780838, "p90_ms": 0.15123200416564941}, "kind": "performance", "name": "legacy128", "repeat": 1, "shape": {"batch": 1, "fp32": false, "gate": null, "heads": 12, "lengths": [1024, 1024, 1024, 1024, 1024, 1024, 1024, 1024], "state_mode": "both", "tokens": 8192}}
{"case": 13, "eager": {"count": 60, "median_ms": 0.3136800080537796, "min_ms": 0.31167998909950256, "p10_ms": 0.3118399977684021, "p90_ms": 0.3142080008983612}, "graph": {"count": 60, "median_ms": 0.3088639974594116, "min_ms": 0.30643200874328613, "p10_ms": 0.3078399896621704, "p90_ms": 0.308896005153656}, "kind": "performance", "name": "v16", "repeat": 1, "shape": {"batch": 1, "fp32": false, "gate": null, "heads": 12, "lengths": [1024, 1024, 1024, 1024, 1024, 1024, 1024, 1024], "state_mode": "both", "tokens": 8192}}
{"case": 13, "eager": {"count": 60, "median_ms": 0.3139680027961731, "min_ms": 0.31167998909950256, "p10_ms": 0.31196799874305725, "p90_ms": 0.3141759932041168}, "graph": {"count": 60, "median_ms": 0.3088639974594116, "min_ms": 0.30687999725341797, "p10_ms": 0.3078719973564148, "p90_ms": 0.3089919984340668}, "kind": "performance", "name": "v16_early_publish", "repeat": 1, "shape": {"batch": 1, "fp32": false, "gate": null, "heads": 12, "lengths": [1024, 1024, 1024, 1024, 1024, 1024, 1024, 1024], "state_mode": "both", "tokens": 8192}}
{"case": 13, "eager": {"count": 60, "median_ms": 0.17052799463272095, "min_ms": 0.16847999393939972, "p10_ms": 0.16864000260829926, "p90_ms": 0.17075200378894806}, "graph": {"count": 60, "median_ms": 0.16548799723386765, "min_ms": 0.16335999965667725, "p10_ms": 0.1635199934244156, "p90_ms": 0.1656319946050644}, "kind": "performance", "name": "v32", "repeat": 1, "shape": {"batch": 1, "fp32": false, "gate": null, "heads": 12, "lengths": [1024, 1024, 1024, 1024, 1024, 1024, 1024, 1024], "state_mode": "both", "tokens": 8192}}
{"case": 13, "eager": {"count": 60, "median_ms": 0.3126240074634552, "min_ms": 0.3109759986400604, "p10_ms": 0.3118399977684021, "p90_ms": 0.31404799222946167}, "graph": {"count": 60, "median_ms": 0.3068160116672516, "min_ms": 0.3056960105895996, "p10_ms": 0.3065280020236969, "p90_ms": 0.30697599053382874}, "kind": "performance", "name": "v16_prefetch2", "repeat": 1, "shape": {"batch": 1, "fp32": false, "gate": null, "heads": 12, "lengths": [1024, 1024, 1024, 1024, 1024, 1024, 1024, 1024], "state_mode": "both", "tokens": 8192}}
{"case": 13, "eager": {"count": 60, "median_ms": 0.15398400276899338, "min_ms": 0.1520320028066635, "p10_ms": 0.15216000378131866, "p90_ms": 0.15427200496196747}, "graph": {"count": 60, "median_ms": 0.14707200229167938, "min_ms": 0.14604799449443817, "p10_ms": 0.14694400131702423, "p90_ms": 0.14723199605941772}, "kind": "performance", "name": "v64", "repeat": 1, "shape": {"batch": 1, "fp32": false, "gate": null, "heads": 12, "lengths": [1024, 1024, 1024, 1024, 1024, 1024, 1024, 1024], "state_mode": "both", "tokens": 8192}}
{"case": 13, "eager": {"count": 60, "median_ms": 0.313743993639946, "min_ms": 0.31094399094581604, "p10_ms": 0.3118079900741577, "p90_ms": 0.3142080008983612}, "graph": {"count": 60, "median_ms": 0.30687999725341797, "min_ms": 0.30563199520111084, "p10_ms": 0.30668801069259644, "p90_ms": 0.308896005153656}, "kind": "performance", "name": "v16_prefetch4", "repeat": 1, "shape": {"batch": 1, "fp32": false, "gate": null, "heads": 12, "lengths": [1024, 1024, 1024, 1024, 1024, 1024, 1024, 1024], "state_mode": "both", "tokens": 8192}}
{"case": 13, "eager": {"count": 60, "median_ms": 0.31385600566864014, "min_ms": 0.31174400448799133, "p10_ms": 0.31193599104881287, "p90_ms": 0.3141759932041168}, "graph": {"count": 60, "median_ms": 0.307888001203537, "min_ms": 0.30668801069259644, "p10_ms": 0.3067840039730072, "p90_ms": 0.3089280128479004}, "kind": "performance", "name": "legacy16", "repeat": 1, "shape": {"batch": 1, "fp32": false, "gate": null, "heads": 12, "lengths": [1024, 1024, 1024, 1024, 1024, 1024, 1024, 1024], "state_mode": "both", "tokens": 8192}}
{"case": 13, "eager": {"count": 60, "median_ms": 0.3136800080537796, "min_ms": 0.31171199679374695, "p10_ms": 0.3118399977684021, "p90_ms": 0.31414398550987244}, "graph": {"count": 60, "median_ms": 0.30876800417900085, "min_ms": 0.30662399530410767, "p10_ms": 0.3068479895591736, "p90_ms": 0.3089599907398224}, "kind": "performance", "name": "v16_delayed_acquire", "repeat": 1, "shape": {"batch": 1, "fp32": false, "gate": null, "heads": 12, "lengths": [1024, 1024, 1024, 1024, 1024, 1024, 1024, 1024], "state_mode": "both", "tokens": 8192}}
{"case": 13, "eager": {"count": 60, "median_ms": 0.15609599649906158, "min_ms": 0.15408000349998474, "p10_ms": 0.1542080044746399, "p90_ms": 0.15641599893569946}, "graph": {"count": 60, "median_ms": 0.15116800367832184, "min_ms": 0.14867199957370758, "p10_ms": 0.15014399588108063, "p90_ms": 0.1512639969587326}, "kind": "performance", "name": "v128", "repeat": 1, "shape": {"batch": 1, "fp32": false, "gate": null, "heads": 12, "lengths": [1024, 1024, 1024, 1024, 1024, 1024, 1024, 1024], "state_mode": "both", "tokens": 8192}}
{"case": 13, "eager": {"count": 60, "median_ms": 0.3129280060529709, "min_ms": 0.3118079900741577, "p10_ms": 0.31193599104881287, "p90_ms": 0.31414398550987244}, "graph": {"count": 60, "median_ms": 0.3068479895591736, "min_ms": 0.30582401156425476, "p10_ms": 0.30665600299835205, "p90_ms": 0.3078080117702484}, "kind": "performance", "name": "v16_prefetch2_delayed", "repeat": 1, "shape": {"batch": 1, "fp32": false, "gate": null, "heads": 12, "lengths": [1024, 1024, 1024, 1024, 1024, 1024, 1024, 1024], "state_mode": "both", "tokens": 8192}}
{"case": 13, "eager": {"count": 60, "median_ms": 0.3129120022058487, "min_ms": 0.31164801120758057, "p10_ms": 0.31190401315689087, "p90_ms": 0.3141759932041168}, "graph": {"count": 60, "median_ms": 0.3088639974594116, "min_ms": 0.3068479895591736, "p10_ms": 0.30771198868751526, "p90_ms": 0.3089280128479004}, "kind": "performance", "name": "v16", "repeat": 2, "shape": {"batch": 1, "fp32": false, "gate": null, "heads": 12, "lengths": [1024, 1024, 1024, 1024, 1024, 1024, 1024, 1024], "state_mode": "both", "tokens": 8192}}
{"case": 13, "eager": {"count": 60, "median_ms": 0.31377600133419037, "min_ms": 0.3107199966907501, "p10_ms": 0.3118720054626465, "p90_ms": 0.31411200761795044}, "graph": {"count": 60, "median_ms": 0.3068479895591736, "min_ms": 0.3057920038700104, "p10_ms": 0.30665600299835205, "p90_ms": 0.3079040050506592}, "kind": "performance", "name": "v16_prefetch4", "repeat": 2, "shape": {"batch": 1, "fp32": false, "gate": null, "heads": 12, "lengths": [1024, 1024, 1024, 1024, 1024, 1024, 1024, 1024], "state_mode": "both", "tokens": 8192}}
{"case": 13, "eager": {"count": 60, "median_ms": 0.31385600566864014, "min_ms": 0.31174400448799133, "p10_ms": 0.3118720054626465, "p90_ms": 0.31414398550987244}, "graph": {"count": 60, "median_ms": 0.3079040050506592, "min_ms": 0.30662399530410767, "p10_ms": 0.3068479895591736, "p90_ms": 0.3089280128479004}, "kind": "performance", "name": "legacy16", "repeat": 2, "shape": {"batch": 1, "fp32": false, "gate": null, "heads": 12, "lengths": [1024, 1024, 1024, 1024, 1024, 1024, 1024, 1024], "state_mode": "both", "tokens": 8192}}
{"case": 13, "eager": {"count": 60, "median_ms": 0.15408000349998474, "min_ms": 0.15196800231933594, "p10_ms": 0.15219199657440186, "p90_ms": 0.15433600544929504}, "graph": {"count": 60, "median_ms": 0.14710399508476257, "min_ms": 0.14601600170135498, "p10_ms": 0.14694400131702423, "p90_ms": 0.14732800424098969}, "kind": "performance", "name": "v64", "repeat": 2, "shape": {"batch": 1, "fp32": false, "gate": null, "heads": 12, "lengths": [1024, 1024, 1024, 1024, 1024, 1024, 1024, 1024], "state_mode": "both", "tokens": 8192}}
{"case": 13, "eager": {"count": 60, "median_ms": 0.3139519989490509, "min_ms": 0.3117760121822357, "p10_ms": 0.31193599104881287, "p90_ms": 0.3149760067462921}, "graph": {"count": 60, "median_ms": 0.30873599648475647, "min_ms": 0.30662399530410767, "p10_ms": 0.3068160116672516, "p90_ms": 0.3089919984340668}, "kind": "performance", "name": "v16_delayed_acquire", "repeat": 2, "shape": {"batch": 1, "fp32": false, "gate": null, "heads": 12, "lengths": [1024, 1024, 1024, 1024, 1024, 1024, 1024, 1024], "state_mode": "both", "tokens": 8192}}
{"case": 13, "eager": {"count": 60, "median_ms": 0.17059199512004852, "min_ms": 0.16835199296474457, "p10_ms": 0.1685439944267273, "p90_ms": 0.1722240000963211}, "graph": {"count": 60, "median_ms": 0.1653759926557541, "min_ms": 0.16335999965667725, "p10_ms": 0.1634880006313324, "p90_ms": 0.16569599509239197}, "kind": "performance", "name": "v32", "repeat": 2, "shape": {"batch": 1, "fp32": false, "gate": null, "heads": 12, "lengths": [1024, 1024, 1024, 1024, 1024, 1024, 1024, 1024], "state_mode": "both", "tokens": 8192}}
{"case": 13, "eager": {"count": 60, "median_ms": 0.3139680027961731, "min_ms": 0.31174400448799133, "p10_ms": 0.31193599104881287, "p90_ms": 0.31596800684928894}, "graph": {"count": 60, "median_ms": 0.3088639974594116, "min_ms": 0.30668801069259644, "p10_ms": 0.30687999725341797, "p90_ms": 0.30928000807762146}, "kind": "performance", "name": "v16_early_publish", "repeat": 2, "shape": {"batch": 1, "fp32": false, "gate": null, "heads": 12, "lengths": [1024, 1024, 1024, 1024, 1024, 1024, 1024, 1024], "state_mode": "both", "tokens": 8192}}
{"case": 13, "eager": {"count": 60, "median_ms": 0.3136800080537796, "min_ms": 0.31171199679374695, "p10_ms": 0.31190401315689087, "p90_ms": 0.31411200761795044}, "graph": {"count": 60, "median_ms": 0.30687999725341797, "min_ms": 0.3057920038700104, "p10_ms": 0.30668801069259644, "p90_ms": 0.3079040050506592}, "kind": "performance", "name": "v16_prefetch2_delayed", "repeat": 2, "shape": {"batch": 1, "fp32": false, "gate": null, "heads": 12, "lengths": [1024, 1024, 1024, 1024, 1024, 1024, 1024, 1024], "state_mode": "both", "tokens": 8192}}
{"case": 13, "eager": {"count": 60, "median_ms": 0.3128960132598877, "min_ms": 0.31088000535964966, "p10_ms": 0.31190401315689087, "p90_ms": 0.31407999992370605}, "graph": {"count": 60, "median_ms": 0.3068639934062958, "min_ms": 0.3057920038700104, "p10_ms": 0.30668801069259644, "p90_ms": 0.30713599920272827}, "kind": "performance", "name": "v16_prefetch2", "repeat": 2, "shape": {"batch": 1, "fp32": false, "gate": null, "heads": 12, "lengths": [1024, 1024, 1024, 1024, 1024, 1024, 1024, 1024], "state_mode": "both", "tokens": 8192}}
{"case": 13, "eager": {"count": 60, "median_ms": 0.15569599717855453, "min_ms": 0.1539520025253296, "p10_ms": 0.1542080044746399, "p90_ms": 0.15638400614261627}, "graph": {"count": 60, "median_ms": 0.15113599598407745, "min_ms": 0.14908799529075623, "p10_ms": 0.14918400347232819, "p90_ms": 0.15132799744606018}, "kind": "performance", "name": "legacy128", "repeat": 2, "shape": {"batch": 1, "fp32": false, "gate": null, "heads": 12, "lengths": [1024, 1024, 1024, 1024, 1024, 1024, 1024, 1024], "state_mode": "both", "tokens": 8192}}
{"case": 13, "eager": {"count": 60, "median_ms": 0.156031996011734, "min_ms": 0.15411199629306793, "p10_ms": 0.1542080044746399, "p90_ms": 0.1563519984483719}, "graph": {"count": 60, "median_ms": 0.15111999958753586, "min_ms": 0.14892800152301788, "p10_ms": 0.1491200029850006, "p90_ms": 0.1512639969587326}, "kind": "performance", "name": "v128", "repeat": 2, "shape": {"batch": 1, "fp32": false, "gate": null, "heads": 12, "lengths": [1024, 1024, 1024, 1024, 1024, 1024, 1024, 1024], "state_mode": "both", "tokens": 8192}}
{"case": 13, "kind": "shape_complete", "shape": {"batch": 1, "fp32": false, "gate": null, "heads": 12, "lengths": [1024, 1024, 1024, 1024, 1024, 1024, 1024, 1024], "state_mode": "both", "tokens": 8192}}
{"case": 14, "eager": {"count": 60, "median_ms": 0.2587519884109497, "min_ms": 0.2542720139026642, "p10_ms": 0.2566399872303009, "p90_ms": 0.2616640031337738}, "graph": {"count": 60, "median_ms": 0.2556160092353821, "min_ms": 0.2534080147743225, "p10_ms": 0.25360000133514404, "p90_ms": 0.25600001215934753}, "kind": "performance", "name": "v16_prefetch4", "repeat": 0, "shape": {"batch": 1, "fp32": false, "gate": null, "heads": 12, "lengths": [256, 256, 256, 256, 256, 256, 256, 256, 256, 256, 256, 256, 256, 256, 256, 256, 256, 256, 256, 256, 256, 256, 256, 256, 256, 256, 256, 256, 256, 256, 256, 256], "state_mode": "both", "tokens": 8192}}
{"case": 14, "eager": {"count": 60, "median_ms": 0.2587519884109497, "min_ms": 0.2563839852809906, "p10_ms": 0.25676798820495605, "p90_ms": 0.2616960108280182}, "graph": {"count": 60, "median_ms": 0.25463999807834625, "min_ms": 0.2516160011291504, "p10_ms": 0.2535359859466553, "p90_ms": 0.25577598810195923}, "kind": "performance", "name": "v16_prefetch2", "repeat": 0, "shape": {"batch": 1, "fp32": false, "gate": null, "heads": 12, "lengths": [256, 256, 256, 256, 256, 256, 256, 256, 256, 256, 256, 256, 256, 256, 256, 256, 256, 256, 256, 256, 256, 256, 256, 256, 256, 256, 256, 256, 256, 256, 256, 256], "state_mode": "both", "tokens": 8192}}
{"case": 14, "eager": {"count": 60, "median_ms": 0.12544000148773193, "min_ms": 0.12329600006341934, "p10_ms": 0.12345600128173828, "p90_ms": 0.1258240044116974}, "graph": {"count": 60, "median_ms": 0.1204800009727478, "min_ms": 0.12025599926710129, "p10_ms": 0.12035199999809265, "p90_ms": 0.12080000340938568}, "kind": "performance", "name": "legacy128", "repeat": 0, "shape": {"batch": 1, "fp32": false, "gate": null, "heads": 12, "lengths": [256, 256, 256, 256, 256, 256, 256, 256, 256, 256, 256, 256, 256, 256, 256, 256, 256, 256, 256, 256, 256, 256, 256, 256, 256, 256, 256, 256, 256, 256, 256, 256], "state_mode": "both", "tokens": 8192}}
{"case": 14, "eager": {"count": 60, "median_ms": 0.2587519884109497, "min_ms": 0.25644800066947937, "p10_ms": 0.2566719949245453, "p90_ms": 0.26291200518608093}, "graph": {"count": 60, "median_ms": 0.2555519938468933, "min_ms": 0.2494720071554184, "p10_ms": 0.25360000133514404, "p90_ms": 0.25679999589920044}, "kind": "performance", "name": "v16", "repeat": 0, "shape": {"batch": 1, "fp32": false, "gate": null, "heads": 12, "lengths": [256, 256, 256, 256, 256, 256, 256, 256, 256, 256, 256, 256, 256, 256, 256, 256, 256, 256, 256, 256, 256, 256, 256, 256, 256, 256, 256, 256, 256, 256, 256, 256], "state_mode": "both", "tokens": 8192}}
{"case": 14, "eager": {"count": 60, "median_ms": 0.2586880028247833, "min_ms": 0.25459200143814087, "p10_ms": 0.2565760016441345, "p90_ms": 0.26153600215911865}, "graph": {"count": 60, "median_ms": 0.25360000133514404, "min_ms": 0.24748800694942474, "p10_ms": 0.25251200795173645, "p90_ms": 0.25567999482154846}, "kind": "performance", "name": "legacy16", "repeat": 0, "shape": {"batch": 1, "fp32": false, "gate": null, "heads": 12, "lengths": [256, 256, 256, 256, 256, 256, 256, 256, 256, 256, 256, 256, 256, 256, 256, 256, 256, 256, 256, 256, 256, 256, 256, 256, 256, 256, 256, 256, 256, 256, 256, 256], "state_mode": "both", "tokens": 8192}}
{"case": 14, "eager": {"count": 60, "median_ms": 0.2605919986963272, "min_ms": 0.2563520073890686, "p10_ms": 0.25676798820495605, "p90_ms": 0.2627840042114258}, "graph": {"count": 60, "median_ms": 0.2555840015411377, "min_ms": 0.25145599246025085, "p10_ms": 0.25360000133514404, "p90_ms": 0.25648000836372375}, "kind": "performance", "name": "v16_delayed_acquire", "repeat": 0, "shape": {"batch": 1, "fp32": false, "gate": null, "heads": 12, "lengths": [256, 256, 256, 256, 256, 256, 256, 256, 256, 256, 256, 256, 256, 256, 256, 256, 256, 256, 256, 256, 256, 256, 256, 256, 256, 256, 256, 256, 256, 256, 256, 256], "state_mode": "both", "tokens": 8192}}
{"case": 14, "eager": {"count": 60, "median_ms": 0.25968000292778015, "min_ms": 0.25651198625564575, "p10_ms": 0.2582400143146515, "p90_ms": 0.2627840042114258}, "graph": {"count": 60, "median_ms": 0.2556160092353821, "min_ms": 0.2515200078487396, "p10_ms": 0.25360000133514404, "p90_ms": 0.25753599405288696}, "kind": "performance", "name": "v16_prefetch2_delayed", "repeat": 0, "shape": {"batch": 1, "fp32": false, "gate": null, "heads": 12, "lengths": [256, 256, 256, 256, 256, 256, 256, 256, 256, 256, 256, 256, 256, 256, 256, 256, 256, 256, 256, 256, 256, 256, 256, 256, 256, 256, 256, 256, 256, 256, 256, 256], "state_mode": "both", "tokens": 8192}}
{"case": 14, "eager": {"count": 60, "median_ms": 0.13384000211954117, "min_ms": 0.13155199587345123, "p10_ms": 0.1316480040550232, "p90_ms": 0.13593600690364838}, "graph": {"count": 60, "median_ms": 0.12867200374603271, "min_ms": 0.1265919953584671, "p10_ms": 0.1284160017967224, "p90_ms": 0.12876799702644348}, "kind": "performance", "name": "v64", "repeat": 0, "shape": {"batch": 1, "fp32": false, "gate": null, "heads": 12, "lengths": [256, 256, 256, 256, 256, 256, 256, 256, 256, 256, 256, 256, 256, 256, 256, 256, 256, 256, 256, 256, 256, 256, 256, 256, 256, 256, 256, 256, 256, 256, 256, 256], "state_mode": "both", "tokens": 8192}}
{"case": 14, "eager": {"count": 60, "median_ms": 0.2587679922580719, "min_ms": 0.25459200143814087, "p10_ms": 0.25648000836372375, "p90_ms": 0.26182401180267334}, "graph": {"count": 60, "median_ms": 0.2537280023097992, "min_ms": 0.25145599246025085, "p10_ms": 0.2535359859466553, "p90_ms": 0.25567999482154846}, "kind": "performance", "name": "v16_early_publish", "repeat": 0, "shape": {"batch": 1, "fp32": false, "gate": null, "heads": 12, "lengths": [256, 256, 256, 256, 256, 256, 256, 256, 256, 256, 256, 256, 256, 256, 256, 256, 256, 256, 256, 256, 256, 256, 256, 256, 256, 256, 256, 256, 256, 256, 256, 256], "state_mode": "both", "tokens": 8192}}
{"case": 14, "eager": {"count": 60, "median_ms": 0.17427199333906174, "min_ms": 0.16966399550437927, "p10_ms": 0.1706559956073761, "p90_ms": 0.1748799979686737}, "graph": {"count": 60, "median_ms": 0.16758400201797485, "min_ms": 0.16659200191497803, "p10_ms": 0.16739200055599213, "p90_ms": 0.16857600212097168}, "kind": "performance", "name": "v32", "repeat": 0, "shape": {"batch": 1, "fp32": false, "gate": null, "heads": 12, "lengths": [256, 256, 256, 256, 256, 256, 256, 256, 256, 256, 256, 256, 256, 256, 256, 256, 256, 256, 256, 256, 256, 256, 256, 256, 256, 256, 256, 256, 256, 256, 256, 256], "state_mode": "both", "tokens": 8192}}
{"case": 14, "eager": {"count": 60, "median_ms": 0.12539199739694595, "min_ms": 0.12256000190973282, "p10_ms": 0.1234240010380745, "p90_ms": 0.12572799623012543}, "graph": {"count": 60, "median_ms": 0.12044800072908401, "min_ms": 0.11929599940776825, "p10_ms": 0.12025599926710129, "p90_ms": 0.12067200243473053}, "kind": "performance", "name": "v128", "repeat": 0, "shape": {"batch": 1, "fp32": false, "gate": null, "heads": 12, "lengths": [256, 256, 256, 256, 256, 256, 256, 256, 256, 256, 256, 256, 256, 256, 256, 256, 256, 256, 256, 256, 256, 256, 256, 256, 256, 256, 256, 256, 256, 256, 256, 256], "state_mode": "both", "tokens": 8192}}
{"case": 14, "eager": {"count": 60, "median_ms": 0.2587999999523163, "min_ms": 0.2563520073890686, "p10_ms": 0.2567040026187897, "p90_ms": 0.262688010931015}, "graph": {"count": 60, "median_ms": 0.2553759962320328, "min_ms": 0.2515200078487396, "p10_ms": 0.2535040080547333, "p90_ms": 0.2566719949245453}, "kind": "performance", "name": "v16_delayed_acquire", "repeat": 1, "shape": {"batch": 1, "fp32": false, "gate": null, "heads": 12, "lengths": [256, 256, 256, 256, 256, 256, 256, 256, 256, 256, 256, 256, 256, 256, 256, 256, 256, 256, 256, 256, 256, 256, 256, 256, 256, 256, 256, 256, 256, 256, 256, 256], "state_mode": "both", "tokens": 8192}}
{"case": 14, "eager": {"count": 60, "median_ms": 0.13516800105571747, "min_ms": 0.1316159963607788, "p10_ms": 0.13167999684810638, "p90_ms": 0.13603200018405914}, "graph": {"count": 60, "median_ms": 0.1287039965391159, "min_ms": 0.12665599584579468, "p10_ms": 0.12857599556446075, "p90_ms": 0.12876799702644348}, "kind": "performance", "name": "v64", "repeat": 1, "shape": {"batch": 1, "fp32": false, "gate": null, "heads": 12, "lengths": [256, 256, 256, 256, 256, 256, 256, 256, 256, 256, 256, 256, 256, 256, 256, 256, 256, 256, 256, 256, 256, 256, 256, 256, 256, 256, 256, 256, 256, 256, 256, 256], "state_mode": "both", "tokens": 8192}}
{"case": 14, "eager": {"count": 60, "median_ms": 0.2587200105190277, "min_ms": 0.25465598702430725, "p10_ms": 0.2566080093383789, "p90_ms": 0.2618879973888397}, "graph": {"count": 60, "median_ms": 0.2536799907684326, "min_ms": 0.25145599246025085, "p10_ms": 0.25254398584365845, "p90_ms": 0.2556479871273041}, "kind": "performance", "name": "legacy16", "repeat": 1, "shape": {"batch": 1, "fp32": false, "gate": null, "heads": 12, "lengths": [256, 256, 256, 256, 256, 256, 256, 256, 256, 256, 256, 256, 256, 256, 256, 256, 256, 256, 256, 256, 256, 256, 256, 256, 256, 256, 256, 256, 256, 256, 256, 256], "state_mode": "both", "tokens": 8192}}
{"case": 14, "eager": {"count": 60, "median_ms": 0.260112002491951, "min_ms": 0.25459200143814087, "p10_ms": 0.2566719949245453, "p90_ms": 0.26281601190567017}, "graph": {"count": 60, "median_ms": 0.2556160092353821, "min_ms": 0.2533760070800781, "p10_ms": 0.25360000133514404, "p90_ms": 0.2574720084667206}, "kind": "performance", "name": "v16_prefetch2_delayed", "repeat": 1, "shape": {"batch": 1, "fp32": false, "gate": null, "heads": 12, "lengths": [256, 256, 256, 256, 256, 256, 256, 256, 256, 256, 256, 256, 256, 256, 256, 256, 256, 256, 256, 256, 256, 256, 256, 256, 256, 256, 256, 256, 256, 256, 256, 256], "state_mode": "both", "tokens": 8192}}
{"case": 14, "eager": {"count": 60, "median_ms": 0.12537599354982376, "min_ms": 0.12329600006341934, "p10_ms": 0.12345600128173828, "p90_ms": 0.1257600039243698}, "graph": {"count": 60, "median_ms": 0.12044800072908401, "min_ms": 0.11945600062608719, "p10_ms": 0.12028799951076508, "p90_ms": 0.12060800194740295}, "kind": "performance", "name": "v128", "repeat": 1, "shape": {"batch": 1, "fp32": false, "gate": null, "heads": 12, "lengths": [256, 256, 256, 256, 256, 256, 256, 256, 256, 256, 256, 256, 256, 256, 256, 256, 256, 256, 256, 256, 256, 256, 256, 256, 256, 256, 256, 256, 256, 256, 256, 256], "state_mode": "both", "tokens": 8192}}
{"case": 14, "eager": {"count": 60, "median_ms": 0.2597759962081909, "min_ms": 0.2563839852809906, "p10_ms": 0.25673601031303406, "p90_ms": 0.2629440128803253}, "graph": {"count": 60, "median_ms": 0.2555519938468933, "min_ms": 0.24953599274158478, "p10_ms": 0.25356799364089966, "p90_ms": 0.25567999482154846}, "kind": "performance", "name": "v16_prefetch2", "repeat": 1, "shape": {"batch": 1, "fp32": false, "gate": null, "heads": 12, "lengths": [256, 256, 256, 256, 256, 256, 256, 256, 256, 256, 256, 256, 256, 256, 256, 256, 256, 256, 256, 256, 256, 256, 256, 256, 256, 256, 256, 256, 256, 256, 256, 256], "state_mode": "both", "tokens": 8192}}
{"case": 14, "eager": {"count": 60, "median_ms": 0.25860799849033356, "min_ms": 0.2540160119533539, "p10_ms": 0.25494399666786194, "p90_ms": 0.2609280049800873}, "graph": {"count": 60, "median_ms": 0.25460800528526306, "min_ms": 0.24742400646209717, "p10_ms": 0.2534399926662445, "p90_ms": 0.25567999482154846}, "kind": "performance", "name": "v16_early_publish", "repeat": 1, "shape": {"batch": 1, "fp32": false, "gate": null, "heads": 12, "lengths": [256, 256, 256, 256, 256, 256, 256, 256, 256, 256, 256, 256, 256, 256, 256, 256, 256, 256, 256, 256, 256, 256, 256, 256, 256, 256, 256, 256, 256, 256, 256, 256], "state_mode": "both", "tokens": 8192}}
{"case": 14, "eager": {"count": 60, "median_ms": 0.17323200404644012, "min_ms": 0.17046399414539337, "p10_ms": 0.1706559956073761, "p90_ms": 0.17481599748134613}, "graph": {"count": 60, "median_ms": 0.16755199432373047, "min_ms": 0.16652800142765045, "p10_ms": 0.16739200055599213, "p90_ms": 0.16790400445461273}, "kind": "performance", "name": "v32", "repeat": 1, "shape": {"batch": 1, "fp32": false, "gate": null, "heads": 12, "lengths": [256, 256, 256, 256, 256, 256, 256, 256, 256, 256, 256, 256, 256, 256, 256, 256, 256, 256, 256, 256, 256, 256, 256, 256, 256, 256, 256, 256, 256, 256, 256, 256], "state_mode": "both", "tokens": 8192}}
{"case": 14, "eager": {"count": 60, "median_ms": 0.25883200764656067, "min_ms": 0.25257599353790283, "p10_ms": 0.2566080093383789, "p90_ms": 0.26262399554252625}, "graph": {"count": 60, "median_ms": 0.2555359899997711, "min_ms": 0.2505280077457428, "p10_ms": 0.2526080012321472, "p90_ms": 0.2574720084667206}, "kind": "performance", "name": "v16", "repeat": 1, "shape": {"batch": 1, "fp32": false, "gate": null, "heads": 12, "lengths": [256, 256, 256, 256, 256, 256, 256, 256, 256, 256, 256, 256, 256, 256, 256, 256, 256, 256, 256, 256, 256, 256, 256, 256, 256, 256, 256, 256, 256, 256, 256, 256], "state_mode": "both", "tokens": 8192}}
{"case": 14, "eager": {"count": 60, "median_ms": 0.25884799659252167, "min_ms": 0.25468799471855164, "p10_ms": 0.2566719949245453, "p90_ms": 0.2618879973888397}, "graph": {"count": 60, "median_ms": 0.2556160092353821, "min_ms": 0.2534080147743225, "p10_ms": 0.25360000133514404, "p90_ms": 0.25574401021003723}, "kind": "performance", "name": "v16_prefetch4", "repeat": 1, "shape": {"batch": 1, "fp32": false, "gate": null, "heads": 12, "lengths": [256, 256, 256, 256, 256, 256, 256, 256, 256, 256, 256, 256, 256, 256, 256, 256, 256, 256, 256, 256, 256, 256, 256, 256, 256, 256, 256, 256, 256, 256, 256, 256], "state_mode": "both", "tokens": 8192}}
{"case": 14, "eager": {"count": 60, "median_ms": 0.12542399764060974, "min_ms": 0.12326399981975555, "p10_ms": 0.1234240010380745, "p90_ms": 0.12748800218105316}, "graph": {"count": 60, "median_ms": 0.1204800009727478, "min_ms": 0.12003199756145477, "p10_ms": 0.12031999975442886, "p90_ms": 0.12067200243473053}, "kind": "performance", "name": "legacy128", "repeat": 1, "shape": {"batch": 1, "fp32": false, "gate": null, "heads": 12, "lengths": [256, 256, 256, 256, 256, 256, 256, 256, 256, 256, 256, 256, 256, 256, 256, 256, 256, 256, 256, 256, 256, 256, 256, 256, 256, 256, 256, 256, 256, 256, 256, 256], "state_mode": "both", "tokens": 8192}}
{"case": 14, "eager": {"count": 60, "median_ms": 0.2601280063390732, "min_ms": 0.25651198625564575, "p10_ms": 0.2566719949245453, "p90_ms": 0.2627840042114258}, "graph": {"count": 60, "median_ms": 0.2555840015411377, "min_ms": 0.2534080147743225, "p10_ms": 0.25356799364089966, "p90_ms": 0.2560960054397583}, "kind": "performance", "name": "v16_delayed_acquire", "repeat": 2, "shape": {"batch": 1, "fp32": false, "gate": null, "heads": 12, "lengths": [256, 256, 256, 256, 256, 256, 256, 256, 256, 256, 256, 256, 256, 256, 256, 256, 256, 256, 256, 256, 256, 256, 256, 256, 256, 256, 256, 256, 256, 256, 256, 256], "state_mode": "both", "tokens": 8192}}
{"case": 14, "eager": {"count": 60, "median_ms": 0.2592960000038147, "min_ms": 0.25459200143814087, "p10_ms": 0.2566399872303009, "p90_ms": 0.26259198784828186}, "graph": {"count": 60, "median_ms": 0.2555840015411377, "min_ms": 0.24748800694942474, "p10_ms": 0.2535359859466553, "p90_ms": 0.2567040026187897}, "kind": "performance", "name": "v16", "repeat": 2, "shape": {"batch": 1, "fp32": false, "gate": null, "heads": 12, "lengths": [256, 256, 256, 256, 256, 256, 256, 256, 256, 256, 256, 256, 256, 256, 256, 256, 256, 256, 256, 256, 256, 256, 256, 256, 256, 256, 256, 256, 256, 256, 256, 256], "state_mode": "both", "tokens": 8192}}
{"case": 14, "eager": {"count": 60, "median_ms": 0.12539199739694595, "min_ms": 0.12329600006341934, "p10_ms": 0.12348800152540207, "p90_ms": 0.12572799623012543}, "graph": {"count": 60, "median_ms": 0.12044800072908401, "min_ms": 0.1194240003824234, "p10_ms": 0.12025599926710129, "p90_ms": 0.12057600170373917}, "kind": "performance", "name": "v128", "repeat": 2, "shape": {"batch": 1, "fp32": false, "gate": null, "heads": 12, "lengths": [256, 256, 256, 256, 256, 256, 256, 256, 256, 256, 256, 256, 256, 256, 256, 256, 256, 256, 256, 256, 256, 256, 256, 256, 256, 256, 256, 256, 256, 256, 256, 256], "state_mode": "both", "tokens": 8192}}
{"case": 14, "eager": {"count": 60, "median_ms": 0.25857600569725037, "min_ms": 0.2526080012321472, "p10_ms": 0.2561280131340027, "p90_ms": 0.2609280049800873}, "graph": {"count": 60, "median_ms": 0.253711998462677, "min_ms": 0.24953599274158478, "p10_ms": 0.25257599353790283, "p90_ms": 0.25567999482154846}, "kind": "performance", "name": "v16_early_publish", "repeat": 2, "shape": {"batch": 1, "fp32": false, "gate": null, "heads": 12, "lengths": [256, 256, 256, 256, 256, 256, 256, 256, 256, 256, 256, 256, 256, 256, 256, 256, 256, 256, 256, 256, 256, 256, 256, 256, 256, 256, 256, 256, 256, 256, 256, 256], "state_mode": "both", "tokens": 8192}}
{"case": 14, "eager": {"count": 60, "median_ms": 0.1741119995713234, "min_ms": 0.1703680008649826, "p10_ms": 0.1706240028142929, "p90_ms": 0.17481599748134613}, "graph": {"count": 60, "median_ms": 0.16761599481105804, "min_ms": 0.1671680063009262, "p10_ms": 0.1674560010433197, "p90_ms": 0.16864000260829926}, "kind": "performance", "name": "v32", "repeat": 2, "shape": {"batch": 1, "fp32": false, "gate": null, "heads": 12, "lengths": [256, 256, 256, 256, 256, 256, 256, 256, 256, 256, 256, 256, 256, 256, 256, 256, 256, 256, 256, 256, 256, 256, 256, 256, 256, 256, 256, 256, 256, 256, 256, 256], "state_mode": "both", "tokens": 8192}}
{"case": 14, "eager": {"count": 60, "median_ms": 0.12544000148773193, "min_ms": 0.12329600006341934, "p10_ms": 0.12352000176906586, "p90_ms": 0.1271360069513321}, "graph": {"count": 60, "median_ms": 0.12044800072908401, "min_ms": 0.11999999731779099, "p10_ms": 0.12035199999809265, "p90_ms": 0.12060800194740295}, "kind": "performance", "name": "legacy128", "repeat": 2, "shape": {"batch": 1, "fp32": false, "gate": null, "heads": 12, "lengths": [256, 256, 256, 256, 256, 256, 256, 256, 256, 256, 256, 256, 256, 256, 256, 256, 256, 256, 256, 256, 256, 256, 256, 256, 256, 256, 256, 256, 256, 256, 256, 256], "state_mode": "both", "tokens": 8192}}
{"case": 14, "eager": {"count": 60, "median_ms": 0.26046399772167206, "min_ms": 0.25654399394989014, "p10_ms": 0.2567040026187897, "p90_ms": 0.26281601190567017}, "graph": {"count": 60, "median_ms": 0.2556160092353821, "min_ms": 0.2532159984111786, "p10_ms": 0.2536320090293884, "p90_ms": 0.25593599677085876}, "kind": "performance", "name": "v16_prefetch4", "repeat": 2, "shape": {"batch": 1, "fp32": false, "gate": null, "heads": 12, "lengths": [256, 256, 256, 256, 256, 256, 256, 256, 256, 256, 256, 256, 256, 256, 256, 256, 256, 256, 256, 256, 256, 256, 256, 256, 256, 256, 256, 256, 256, 256, 256, 256], "state_mode": "both", "tokens": 8192}}
{"case": 14, "eager": {"count": 60, "median_ms": 0.2605440020561218, "min_ms": 0.2566080093383789, "p10_ms": 0.25673601031303406, "p90_ms": 0.262688010931015}, "graph": {"count": 60, "median_ms": 0.2556160092353821, "min_ms": 0.251583993434906, "p10_ms": 0.25360000133514404, "p90_ms": 0.25603199005126953}, "kind": "performance", "name": "v16_prefetch2_delayed", "repeat": 2, "shape": {"batch": 1, "fp32": false, "gate": null, "heads": 12, "lengths": [256, 256, 256, 256, 256, 256, 256, 256, 256, 256, 256, 256, 256, 256, 256, 256, 256, 256, 256, 256, 256, 256, 256, 256, 256, 256, 256, 256, 256, 256, 256, 256], "state_mode": "both", "tokens": 8192}}
{"case": 14, "eager": {"count": 60, "median_ms": 0.2587200105190277, "min_ms": 0.25443199276924133, "p10_ms": 0.2566399872303009, "p90_ms": 0.26185598969459534}, "graph": {"count": 60, "median_ms": 0.25360000133514404, "min_ms": 0.2515200078487396, "p10_ms": 0.25257599353790283, "p90_ms": 0.25567999482154846}, "kind": "performance", "name": "legacy16", "repeat": 2, "shape": {"batch": 1, "fp32": false, "gate": null, "heads": 12, "lengths": [256, 256, 256, 256, 256, 256, 256, 256, 256, 256, 256, 256, 256, 256, 256, 256, 256, 256, 256, 256, 256, 256, 256, 256, 256, 256, 256, 256, 256, 256, 256, 256], "state_mode": "both", "tokens": 8192}}
{"case": 14, "eager": {"count": 60, "median_ms": 0.1337440013885498, "min_ms": 0.13152000308036804, "p10_ms": 0.13167999684810638, "p90_ms": 0.13593600690364838}, "graph": {"count": 60, "median_ms": 0.12863999605178833, "min_ms": 0.1265919953584671, "p10_ms": 0.1276160031557083, "p90_ms": 0.12876799702644348}, "kind": "performance", "name": "v64", "repeat": 2, "shape": {"batch": 1, "fp32": false, "gate": null, "heads": 12, "lengths": [256, 256, 256, 256, 256, 256, 256, 256, 256, 256, 256, 256, 256, 256, 256, 256, 256, 256, 256, 256, 256, 256, 256, 256, 256, 256, 256, 256, 256, 256, 256, 256], "state_mode": "both", "tokens": 8192}}
{"case": 14, "eager": {"count": 60, "median_ms": 0.25884801149368286, "min_ms": 0.2503359913825989, "p10_ms": 0.2566719949245453, "p90_ms": 0.26284798979759216}, "graph": {"count": 60, "median_ms": 0.2555199861526489, "min_ms": 0.251583993434906, "p10_ms": 0.25356799364089966, "p90_ms": 0.25574401021003723}, "kind": "performance", "name": "v16_prefetch2", "repeat": 2, "shape": {"batch": 1, "fp32": false, "gate": null, "heads": 12, "lengths": [256, 256, 256, 256, 256, 256, 256, 256, 256, 256, 256, 256, 256, 256, 256, 256, 256, 256, 256, 256, 256, 256, 256, 256, 256, 256, 256, 256, 256, 256, 256, 256], "state_mode": "both", "tokens": 8192}}
{"case": 14, "kind": "shape_complete", "shape": {"batch": 1, "fp32": false, "gate": null, "heads": 12, "lengths": [256, 256, 256, 256, 256, 256, 256, 256, 256, 256, 256, 256, 256, 256, 256, 256, 256, 256, 256, 256, 256, 256, 256, 256, 256, 256, 256, 256, 256, 256, 256, 256], "state_mode": "both", "tokens": 8192}}
{"kind": "complete"}
Sat Sep  5 02:16:53 UTC 2026
