Sat Sep  5 02:31:30 UTC 2026
name, driver_version, memory.total [MiB], clocks.current.sm [MHz]
NVIDIA B300 SXM6 AC, 580.126.09, 275040 MiB, 120 MHz
{"check": "loaded_binary", "extension": "flash_kda_release_C", "path": "/home/lcpu/YOUR_USER_ID/kda-mainline-20260905/release_build/lib/flash_kda_release_C.cpython-312-x86_64-linux-gnu.so", "sha256": "34e2c68cf80de0bd24278afb035fdcd44e4a6205241dfcb9aab4ee95891bc486", "torch": "2.10.0+cu130"}
{"check": "binding_default", "default": 128, "extension": "flash_kda_release_C"}
{"check": "alias_default", "reason": "no --alias-extension supplied", "status": "SKIP"}
{"case": "binding", "status": "PASS"}
{"check": "loaded_binary", "extension": "flash_kda_release_C", "path": "/home/lcpu/YOUR_USER_ID/kda-mainline-20260905/release_build/lib/flash_kda_release_C.cpython-312-x86_64-linux-gnu.so", "sha256": "34e2c68cf80de0bd24278afb035fdcd44e4a6205241dfcb9aab4ee95891bc486", "torch": "2.10.0+cu130"}
{"check": "offset_beta", "heads": 2, "state_dtype": "torch.bfloat16", "status": "PASS", "tokens": 1, "value_slice": 128}
{"check": "offset_beta", "heads": 2, "state_dtype": "torch.bfloat16", "status": "PASS", "tokens": 1, "value_slice": 16}
{"check": "offset_beta", "heads": 2, "state_dtype": "torch.bfloat16", "status": "PASS", "tokens": 1, "value_slice": 32}
{"check": "offset_beta", "heads": 2, "state_dtype": "torch.bfloat16", "status": "PASS", "tokens": 1, "value_slice": 64}
{"check": "offset_beta", "heads": 2, "state_dtype": "torch.float32", "status": "PASS", "tokens": 1, "value_slice": 128}
{"check": "offset_beta", "heads": 2, "state_dtype": "torch.float32", "status": "PASS", "tokens": 1, "value_slice": 16}
{"check": "offset_beta", "heads": 2, "state_dtype": "torch.float32", "status": "PASS", "tokens": 1, "value_slice": 32}
{"check": "offset_beta", "heads": 2, "state_dtype": "torch.float32", "status": "PASS", "tokens": 1, "value_slice": 64}
{"check": "offset_beta", "heads": 12, "state_dtype": "torch.bfloat16", "status": "PASS", "tokens": 1, "value_slice": 128}
{"check": "offset_beta", "heads": 12, "state_dtype": "torch.bfloat16", "status": "PASS", "tokens": 1, "value_slice": 16}
{"check": "offset_beta", "heads": 12, "state_dtype": "torch.bfloat16", "status": "PASS", "tokens": 1, "value_slice": 32}
{"check": "offset_beta", "heads": 12, "state_dtype": "torch.bfloat16", "status": "PASS", "tokens": 1, "value_slice": 64}
{"check": "offset_beta", "heads": 12, "state_dtype": "torch.float32", "status": "PASS", "tokens": 1, "value_slice": 128}
{"check": "offset_beta", "heads": 12, "state_dtype": "torch.float32", "status": "PASS", "tokens": 1, "value_slice": 16}
{"check": "offset_beta", "heads": 12, "state_dtype": "torch.float32", "status": "PASS", "tokens": 1, "value_slice": 32}
{"check": "offset_beta", "heads": 12, "state_dtype": "torch.float32", "status": "PASS", "tokens": 1, "value_slice": 64}
{"check": "offset_beta", "heads": 1, "state_dtype": "torch.bfloat16", "status": "PASS", "tokens": 17, "value_slice": 128}
{"check": "offset_beta", "heads": 1, "state_dtype": "torch.bfloat16", "status": "PASS", "tokens": 17, "value_slice": 16}
{"check": "offset_beta", "heads": 1, "state_dtype": "torch.bfloat16", "status": "PASS", "tokens": 17, "value_slice": 32}
{"check": "offset_beta", "heads": 1, "state_dtype": "torch.bfloat16", "status": "PASS", "tokens": 17, "value_slice": 64}
{"check": "offset_beta", "heads": 1, "state_dtype": "torch.float32", "status": "PASS", "tokens": 17, "value_slice": 128}
{"check": "offset_beta", "heads": 1, "state_dtype": "torch.float32", "status": "PASS", "tokens": 17, "value_slice": 16}
{"check": "offset_beta", "heads": 1, "state_dtype": "torch.float32", "status": "PASS", "tokens": 17, "value_slice": 32}
{"check": "offset_beta", "heads": 1, "state_dtype": "torch.float32", "status": "PASS", "tokens": 17, "value_slice": 64}
{"check": "offset_beta", "heads": 2, "state_dtype": "torch.bfloat16", "status": "PASS", "tokens": 17, "value_slice": 128}
{"check": "offset_beta", "heads": 2, "state_dtype": "torch.bfloat16", "status": "PASS", "tokens": 17, "value_slice": 16}
{"check": "offset_beta", "heads": 2, "state_dtype": "torch.bfloat16", "status": "PASS", "tokens": 17, "value_slice": 32}
{"check": "offset_beta", "heads": 2, "state_dtype": "torch.bfloat16", "status": "PASS", "tokens": 17, "value_slice": 64}
{"check": "offset_beta", "heads": 2, "state_dtype": "torch.float32", "status": "PASS", "tokens": 17, "value_slice": 128}
{"check": "offset_beta", "heads": 2, "state_dtype": "torch.float32", "status": "PASS", "tokens": 17, "value_slice": 16}
{"check": "offset_beta", "heads": 2, "state_dtype": "torch.float32", "status": "PASS", "tokens": 17, "value_slice": 32}
{"check": "offset_beta", "heads": 2, "state_dtype": "torch.float32", "status": "PASS", "tokens": 17, "value_slice": 64}
{"case": "alignment", "status": "PASS"}
{"check": "loaded_binary", "extension": "flash_kda_release_C", "path": "/home/lcpu/YOUR_USER_ID/kda-mainline-20260905/release_build/lib/flash_kda_release_C.cpython-312-x86_64-linux-gnu.so", "sha256": "34e2c68cf80de0bd24278afb035fdcd44e4a6205241dfcb9aab4ee95891bc486", "torch": "2.10.0+cu130"}
{"batch": 1, "check": "v128_parity", "dtype": "torch.bfloat16", "final": true, "initial": true, "packed": false, "status": "PASS", "tokens": 1}
{"batch": 1, "check": "v128_parity", "dtype": "torch.bfloat16", "final": true, "initial": false, "packed": false, "status": "PASS", "tokens": 1}
{"batch": 1, "check": "v128_parity", "dtype": "torch.bfloat16", "final": false, "initial": true, "packed": false, "status": "PASS", "tokens": 1}
{"batch": 1, "check": "v128_parity", "dtype": "torch.bfloat16", "final": false, "initial": false, "packed": false, "status": "PASS", "tokens": 1}
{"batch": 1, "check": "v128_parity", "dtype": "torch.float32", "final": true, "initial": true, "packed": false, "status": "PASS", "tokens": 1}
{"batch": 1, "check": "v128_parity", "dtype": "torch.float32", "final": true, "initial": false, "packed": false, "status": "PASS", "tokens": 1}
{"batch": 1, "check": "v128_parity", "dtype": "torch.float32", "final": false, "initial": true, "packed": false, "status": "PASS", "tokens": 1}
{"batch": 1, "check": "v128_parity", "dtype": "torch.float32", "final": false, "initial": false, "packed": false, "status": "PASS", "tokens": 1}
{"batch": 2, "check": "v128_parity", "dtype": "torch.bfloat16", "final": true, "initial": true, "packed": false, "status": "PASS", "tokens": 17}
{"batch": 2, "check": "v128_parity", "dtype": "torch.bfloat16", "final": true, "initial": false, "packed": false, "status": "PASS", "tokens": 17}
{"batch": 2, "check": "v128_parity", "dtype": "torch.bfloat16", "final": false, "initial": true, "packed": false, "status": "PASS", "tokens": 17}
{"batch": 2, "check": "v128_parity", "dtype": "torch.bfloat16", "final": false, "initial": false, "packed": false, "status": "PASS", "tokens": 17}
{"batch": 2, "check": "v128_parity", "dtype": "torch.float32", "final": true, "initial": true, "packed": false, "status": "PASS", "tokens": 17}
{"batch": 2, "check": "v128_parity", "dtype": "torch.float32", "final": true, "initial": false, "packed": false, "status": "PASS", "tokens": 17}
{"batch": 2, "check": "v128_parity", "dtype": "torch.float32", "final": false, "initial": true, "packed": false, "status": "PASS", "tokens": 17}
{"batch": 2, "check": "v128_parity", "dtype": "torch.float32", "final": false, "initial": false, "packed": false, "status": "PASS", "tokens": 17}
{"batch": 1, "check": "v128_parity", "dtype": "torch.bfloat16", "final": true, "initial": true, "packed": true, "status": "PASS", "tokens": 33}
{"batch": 1, "check": "v128_parity", "dtype": "torch.bfloat16", "final": true, "initial": false, "packed": true, "status": "PASS", "tokens": 33}
{"batch": 1, "check": "v128_parity", "dtype": "torch.bfloat16", "final": false, "initial": true, "packed": true, "status": "PASS", "tokens": 33}
{"batch": 1, "check": "v128_parity", "dtype": "torch.bfloat16", "final": false, "initial": false, "packed": true, "status": "PASS", "tokens": 33}
{"batch": 1, "check": "v128_parity", "dtype": "torch.float32", "final": true, "initial": true, "packed": true, "status": "PASS", "tokens": 33}
{"batch": 1, "check": "v128_parity", "dtype": "torch.float32", "final": true, "initial": false, "packed": true, "status": "PASS", "tokens": 33}
{"batch": 1, "check": "v128_parity", "dtype": "torch.float32", "final": false, "initial": true, "packed": true, "status": "PASS", "tokens": 33}
{"batch": 1, "check": "v128_parity", "dtype": "torch.float32", "final": false, "initial": false, "packed": true, "status": "PASS", "tokens": 33}
{"case": "parity", "status": "PASS"}
{"check": "loaded_binary", "extension": "flash_kda_release_C", "path": "/home/lcpu/YOUR_USER_ID/kda-mainline-20260905/release_build/lib/flash_kda_release_C.cpython-312-x86_64-linux-gnu.so", "sha256": "34e2c68cf80de0bd24278afb035fdcd44e4a6205241dfcb9aab4ee95891bc486", "torch": "2.10.0+cu130"}
{"check": "offset_beta_nondefault_stream_and_graph", "status": "PASS"}
{"case": "stream_graph", "status": "PASS"}
{"check": "loaded_binary", "extension": "flash_kda_release_C", "path": "/home/lcpu/YOUR_USER_ID/kda-mainline-20260905/release_build/lib/flash_kda_release_C.cpython-312-x86_64-linux-gnu.so", "sha256": "34e2c68cf80de0bd24278afb035fdcd44e4a6205241dfcb9aab4ee95891bc486", "torch": "2.10.0+cu130"}
{"check": "same_device_rejection", "field": "A_log", "status": "PASS"}
{"check": "same_device_rejection", "field": "dt_bias", "status": "PASS"}
{"check": "same_device_rejection", "field": "initial_state", "status": "PASS"}
{"check": "same_device_rejection", "field": "final_state", "status": "PASS"}
{"check": "same_device_rejection", "field": "cu_seqlens", "status": "PASS"}
{"case": "cpu_rejection", "status": "PASS"}
{"check": "loaded_binary", "extension": "flash_kda_release_C", "path": "/home/lcpu/YOUR_USER_ID/kda-mainline-20260905/release_build/lib/flash_kda_release_C.cpython-312-x86_64-linux-gnu.so", "sha256": "34e2c68cf80de0bd24278afb035fdcd44e4a6205241dfcb9aab4ee95891bc486", "torch": "2.10.0+cu130"}
{"check": "multi_gpu", "reason": "only one CUDA device visible", "status": "SKIP"}
{"case": "multi_gpu", "status": "SKIP"}
{"failures": [], "skipped": ["multi_gpu"], "status": "PASS", "suite": "entry_hardening"}
{"baseline": "/home/lcpu/YOUR_USER_ID/FlashKDA/results/20260821_dispatch_boundary/integrated_dispatch/lib/flash_kda_C.cpython-312-x86_64-linux-gnu.so", "candidate_sha256": "34e2c68cf80de0bd24278afb035fdcd44e4a6205241dfcb9aab4ee95891bc486", "device": {"device": 0, "l2_bytes": 132644864, "major": 10, "max_blocks_per_sm": 32, "max_threads_per_sm": 2048, "minor": 3, "registers_per_sm": 65536, "shared_memory_per_sm": 233472, "sm_count": 148, "warp_size": 32}, "extension": "/home/lcpu/YOUR_USER_ID/kda-mainline-20260905/release_build/lib/flash_kda_release_C.cpython-312-x86_64-linux-gnu.so", "kind": "environment", "scope": "actual Python wrapper; eager includes dispatch and workspace allocation; graph replay excludes Python; cache perturbation before start event", "torch": "2.10.0+cu130"}
{"case": 0, "decision": {"predicted_ms": {}, "reason": "recurrence_length_not_calibrated", "resident_blocks_per_sm": {}, "reuse_footprint_bytes": 166656, "reuse_over_l2": 0.0012564074851778655, "value_slice": 128}, "kind": "correctness", "mode": "auto", "shape": {"batch": 1, "fp32": false, "gate": null, "heads": 12, "lengths": null, "state_mode": "both", "tokens": 1}, "status": "PASS", "tensors": {"final_state": {"bitwise": true, "finite": true}, "out": {"bitwise": true, "finite": true}}}
{"case": 0, "decision": {"reason": "environment_override", "value_slice": 16}, "kind": "correctness", "mode": "force16", "shape": {"batch": 1, "fp32": false, "gate": null, "heads": 12, "lengths": null, "state_mode": "both", "tokens": 1}, "status": "PASS", "tensors": {"final_state": {"bitwise": true, "finite": true}, "out": {"bitwise": true, "finite": true}}}
{"case": 0, "decision": {"reason": "dispatch_disabled", "value_slice": 128}, "kind": "correctness", "mode": "off", "shape": {"batch": 1, "fp32": false, "gate": null, "heads": 12, "lengths": null, "state_mode": "both", "tokens": 1}, "status": "PASS", "tensors": {"final_state": {"bitwise": true, "finite": true}, "out": {"bitwise": true, "finite": true}}}
{"case": 1, "decision": {"predicted_ms": {}, "reason": "recurrence_length_not_calibrated", "resident_blocks_per_sm": {}, "reuse_footprint_bytes": 333312, "reuse_over_l2": 0.002512814970355731, "value_slice": 128}, "kind": "correctness", "mode": "auto", "shape": {"batch": 1, "fp32": false, "gate": null, "heads": 12, "lengths": null, "state_mode": "both", "tokens": 17}, "status": "PASS", "tensors": {"final_state": {"bitwise": true, "finite": true}, "out": {"bitwise": true, "finite": true}}}
{"case": 1, "decision": {"reason": "environment_override", "value_slice": 16}, "kind": "correctness", "mode": "force16", "shape": {"batch": 1, "fp32": false, "gate": null, "heads": 12, "lengths": null, "state_mode": "both", "tokens": 17}, "status": "PASS", "tensors": {"final_state": {"bitwise": true, "finite": true}, "out": {"bitwise": true, "finite": true}}}
{"case": 1, "decision": {"reason": "dispatch_disabled", "value_slice": 128}, "kind": "correctness", "mode": "off", "shape": {"batch": 1, "fp32": false, "gate": null, "heads": 12, "lengths": null, "state_mode": "both", "tokens": 17}, "status": "PASS", "tensors": {"final_state": {"bitwise": true, "finite": true}, "out": {"bitwise": true, "finite": true}}}
{"case": 2, "decision": {"predicted_ms": {}, "reason": "recurrence_length_not_calibrated", "resident_blocks_per_sm": {}, "reuse_footprint_bytes": 21331968, "reuse_over_l2": 0.16082015810276679, "value_slice": 128}, "kind": "correctness", "mode": "auto", "shape": {"batch": 1, "fp32": false, "gate": null, "heads": 12, "lengths": null, "state_mode": "both", "tokens": 2047}, "status": "PASS", "tensors": {"final_state": {"bitwise": true, "finite": true}, "out": {"bitwise": true, "finite": true}}}
{"case": 2, "decision": {"reason": "environment_override", "value_slice": 16}, "kind": "correctness", "mode": "force16", "shape": {"batch": 1, "fp32": false, "gate": null, "heads": 12, "lengths": null, "state_mode": "both", "tokens": 2047}, "status": "PASS", "tensors": {"final_state": {"bitwise": true, "finite": true}, "out": {"bitwise": true, "finite": true}}}
{"case": 2, "decision": {"reason": "dispatch_disabled", "value_slice": 128}, "kind": "correctness", "mode": "off", "shape": {"batch": 1, "fp32": false, "gate": null, "heads": 12, "lengths": null, "state_mode": "both", "tokens": 2047}, "status": "PASS", "tensors": {"final_state": {"bitwise": true, "finite": true}, "out": {"bitwise": true, "finite": true}}}
{"case": 3, "decision": {"predicted_ms": {"16": 0.161239153, "32": 0.16542915800000002, "64": 0.178696517, "128": 0.214718326}, "reason": "calibrated_score_with_guard_band", "resident_blocks_per_sm": {"16": 4, "32": 4, "64": 3, "128": 2}, "reuse_footprint_bytes": 21331968, "reuse_over_l2": 0.16082015810276679, "value_slice": 16}, "kind": "correctness", "mode": "auto", "shape": {"batch": 1, "fp32": false, "gate": null, "heads": 12, "lengths": null, "state_mode": "both", "tokens": 2048}, "status": "PASS", "tensors": {"final_state": {"bitwise": true, "finite": true}, "out": {"bitwise": true, "finite": true}}}
{"case": 3, "decision": {"reason": "environment_override", "value_slice": 16}, "kind": "correctness", "mode": "force16", "shape": {"batch": 1, "fp32": false, "gate": null, "heads": 12, "lengths": null, "state_mode": "both", "tokens": 2048}, "status": "PASS", "tensors": {"final_state": {"bitwise": true, "finite": true}, "out": {"bitwise": true, "finite": true}}}
{"case": 3, "decision": {"reason": "dispatch_disabled", "value_slice": 128}, "kind": "correctness", "mode": "off", "shape": {"batch": 1, "fp32": false, "gate": null, "heads": 12, "lengths": null, "state_mode": "both", "tokens": 2048}, "status": "PASS", "tensors": {"final_state": {"bitwise": true, "finite": true}, "out": {"bitwise": true, "finite": true}}}
{"case": 4, "decision": {"predicted_ms": {"16": 0.161306486109375, "32": 0.16549805307861332, "64": 0.1787716497006836, "128": 0.21481106325732421}, "reason": "calibrated_score_with_guard_band", "resident_blocks_per_sm": {"16": 4, "32": 4, "64": 3, "128": 2}, "reuse_footprint_bytes": 21498624, "reuse_over_l2": 0.16207656558794467, "value_slice": 16}, "kind": "correctness", "mode": "auto", "shape": {"batch": 1, "fp32": false, "gate": null, "heads": 12, "lengths": null, "state_mode": "both", "tokens": 2049}, "status": "PASS", "tensors": {"final_state": {"bitwise": true, "finite": true}, "out": {"bitwise": true, "finite": true}}}
{"case": 4, "decision": {"reason": "environment_override", "value_slice": 16}, "kind": "correctness", "mode": "force16", "shape": {"batch": 1, "fp32": false, "gate": null, "heads": 12, "lengths": null, "state_mode": "both", "tokens": 2049}, "status": "PASS", "tensors": {"final_state": {"bitwise": true, "finite": true}, "out": {"bitwise": true, "finite": true}}}
{"case": 4, "decision": {"reason": "dispatch_disabled", "value_slice": 128}, "kind": "correctness", "mode": "off", "shape": {"batch": 1, "fp32": false, "gate": null, "heads": 12, "lengths": null, "state_mode": "both", "tokens": 2049}, "status": "PASS", "tensors": {"final_state": {"bitwise": true, "finite": true}, "out": {"bitwise": true, "finite": true}}}
{"case": 5, "decision": {"predicted_ms": {"16": 0.230188257, "32": 0.23597771850000002, "64": 0.2556324025, "128": 0.3096812775}, "reason": "calibrated_score_with_guard_band", "resident_blocks_per_sm": {"16": 4, "32": 4, "64": 3, "128": 2}, "reuse_footprint_bytes": 31997952, "reuse_over_l2": 0.2412302371541502, "value_slice": 16}, "kind": "correctness", "mode": "auto", "shape": {"batch": 1, "fp32": false, "gate": null, "heads": 12, "lengths": null, "state_mode": "both", "tokens": 3072}, "status": "PASS", "tensors": {"final_state": {"bitwise": true, "finite": true}, "out": {"bitwise": true, "finite": true}}}
{"case": 5, "decision": {"reason": "environment_override", "value_slice": 16}, "kind": "correctness", "mode": "force16", "shape": {"batch": 1, "fp32": false, "gate": null, "heads": 12, "lengths": null, "state_mode": "both", "tokens": 3072}, "status": "PASS", "tensors": {"final_state": {"bitwise": true, "finite": true}, "out": {"bitwise": true, "finite": true}}}
{"case": 5, "decision": {"reason": "dispatch_disabled", "value_slice": 128}, "kind": "correctness", "mode": "off", "shape": {"batch": 1, "fp32": false, "gate": null, "heads": 12, "lengths": null, "state_mode": "both", "tokens": 3072}, "status": "PASS", "tensors": {"final_state": {"bitwise": true, "finite": true}, "out": {"bitwise": true, "finite": true}}}
{"case": 6, "decision": {"predicted_ms": {"16": 0.29907002789062503, "32": 0.3064573839213867, "64": 0.3324931552993164, "128": 0.40455149174267574}, "reason": "calibrated_score_with_guard_band", "resident_blocks_per_sm": {"16": 4, "32": 4, "64": 3, "128": 2}, "reuse_footprint_bytes": 42663936, "reuse_over_l2": 0.32164031620553357, "value_slice": 16}, "kind": "correctness", "mode": "auto", "shape": {"batch": 1, "fp32": false, "gate": null, "heads": 12, "lengths": null, "state_mode": "both", "tokens": 4095}, "status": "PASS", "tensors": {"final_state": {"bitwise": true, "finite": true}, "out": {"bitwise": true, "finite": true}}}
{"case": 6, "decision": {"reason": "environment_override", "value_slice": 16}, "kind": "correctness", "mode": "force16", "shape": {"batch": 1, "fp32": false, "gate": null, "heads": 12, "lengths": null, "state_mode": "both", "tokens": 4095}, "status": "PASS", "tensors": {"final_state": {"bitwise": true, "finite": true}, "out": {"bitwise": true, "finite": true}}}
{"case": 6, "decision": {"reason": "dispatch_disabled", "value_slice": 128}, "kind": "correctness", "mode": "off", "shape": {"batch": 1, "fp32": false, "gate": null, "heads": 12, "lengths": null, "state_mode": "both", "tokens": 4095}, "status": "PASS", "tensors": {"final_state": {"bitwise": true, "finite": true}, "out": {"bitwise": true, "finite": true}}}
{"case": 7, "decision": {"predicted_ms": {"16": 0.299137361, "32": 0.306526279, "64": 0.332568288, "128": 0.40464422899999997}, "reason": "calibrated_score_with_guard_band", "resident_blocks_per_sm": {"16": 4, "32": 4, "64": 3, "128": 2}, "reuse_footprint_bytes": 42663936, "reuse_over_l2": 0.32164031620553357, "value_slice": 16}, "kind": "correctness", "mode": "auto", "shape": {"batch": 1, "fp32": false, "gate": null, "heads": 12, "lengths": null, "state_mode": "both", "tokens": 4096}, "status": "PASS", "tensors": {"final_state": {"bitwise": true, "finite": true}, "out": {"bitwise": true, "finite": true}}}
{"case": 7, "decision": {"reason": "environment_override", "value_slice": 16}, "kind": "correctness", "mode": "force16", "shape": {"batch": 1, "fp32": false, "gate": null, "heads": 12, "lengths": null, "state_mode": "both", "tokens": 4096}, "status": "PASS", "tensors": {"final_state": {"bitwise": true, "finite": true}, "out": {"bitwise": true, "finite": true}}}
{"case": 7, "decision": {"reason": "dispatch_disabled", "value_slice": 128}, "kind": "correctness", "mode": "off", "shape": {"batch": 1, "fp32": false, "gate": null, "heads": 12, "lengths": null, "state_mode": "both", "tokens": 4096}, "status": "PASS", "tensors": {"final_state": {"bitwise": true, "finite": true}, "out": {"bitwise": true, "finite": true}}}
{"case": 8, "decision": {"predicted_ms": {"16": 0.2992045395715332, "32": 0.30659506174951173, "64": 0.332643016795166, "128": 0.404736831751709}, "reason": "calibrated_score_with_guard_band", "resident_blocks_per_sm": {"16": 4, "32": 4, "64": 3, "128": 2}, "reuse_footprint_bytes": 42830592, "reuse_over_l2": 0.3228967236907115, "value_slice": 16}, "kind": "correctness", "mode": "auto", "shape": {"batch": 1, "fp32": false, "gate": null, "heads": 12, "lengths": null, "state_mode": "both", "tokens": 4097}, "status": "PASS", "tensors": {"final_state": {"bitwise": true, "finite": true}, "out": {"bitwise": true, "finite": true}}}
{"case": 8, "decision": {"reason": "environment_override", "value_slice": 16}, "kind": "correctness", "mode": "force16", "shape": {"batch": 1, "fp32": false, "gate": null, "heads": 12, "lengths": null, "state_mode": "both", "tokens": 4097}, "status": "PASS", "tensors": {"final_state": {"bitwise": true, "finite": true}, "out": {"bitwise": true, "finite": true}}}
{"case": 8, "decision": {"reason": "dispatch_disabled", "value_slice": 128}, "kind": "correctness", "mode": "off", "shape": {"batch": 1, "fp32": false, "gate": null, "heads": 12, "lengths": null, "state_mode": "both", "tokens": 4097}, "status": "PASS", "tensors": {"final_state": {"bitwise": true, "finite": true}, "out": {"bitwise": true, "finite": true}}}
{"case": 9, "decision": {"predicted_ms": {"16": 0.4367190755, "32": 0.44739335, "64": 0.4856128605, "128": 0.5942946645}, "reason": "calibrated_score_with_guard_band", "resident_blocks_per_sm": {"16": 4, "32": 4, "64": 3, "128": 2}, "reuse_footprint_bytes": 63995904, "reuse_over_l2": 0.4824604743083004, "value_slice": 16}, "kind": "correctness", "mode": "auto", "shape": {"batch": 1, "fp32": false, "gate": null, "heads": 12, "lengths": null, "state_mode": "both", "tokens": 6144}, "status": "PASS", "tensors": {"final_state": {"bitwise": true, "finite": true}, "out": {"bitwise": true, "finite": true}}}
{"case": 9, "decision": {"reason": "environment_override", "value_slice": 16}, "kind": "correctness", "mode": "force16", "shape": {"batch": 1, "fp32": false, "gate": null, "heads": 12, "lengths": null, "state_mode": "both", "tokens": 6144}, "status": "PASS", "tensors": {"final_state": {"bitwise": true, "finite": true}, "out": {"bitwise": true, "finite": true}}}
{"case": 9, "decision": {"reason": "dispatch_disabled", "value_slice": 128}, "kind": "correctness", "mode": "off", "shape": {"batch": 1, "fp32": false, "gate": null, "heads": 12, "lengths": null, "state_mode": "both", "tokens": 6144}, "status": "PASS", "tensors": {"final_state": {"bitwise": true, "finite": true}, "out": {"bitwise": true, "finite": true}}}
{"case": 10, "decision": {"predicted_ms": {"16": 0.5742336114284667, "32": 0.5881916382504883, "64": 0.638582704204834, "128": 0.783852497248291}, "reason": "calibrated_score_with_guard_band", "resident_blocks_per_sm": {"16": 4, "32": 4, "64": 3, "128": 2}, "reuse_footprint_bytes": 85327872, "reuse_over_l2": 0.6432806324110671, "value_slice": 16}, "kind": "correctness", "mode": "auto", "shape": {"batch": 1, "fp32": false, "gate": null, "heads": 12, "lengths": null, "state_mode": "both", "tokens": 8191}, "status": "PASS", "tensors": {"final_state": {"bitwise": true, "finite": true}, "out": {"bitwise": true, "finite": true}}}
{"case": 10, "decision": {"reason": "environment_override", "value_slice": 16}, "kind": "correctness", "mode": "force16", "shape": {"batch": 1, "fp32": false, "gate": null, "heads": 12, "lengths": null, "state_mode": "both", "tokens": 8191}, "status": "PASS", "tensors": {"final_state": {"bitwise": true, "finite": true}, "out": {"bitwise": true, "finite": true}}}
{"case": 10, "decision": {"reason": "dispatch_disabled", "value_slice": 128}, "kind": "correctness", "mode": "off", "shape": {"batch": 1, "fp32": false, "gate": null, "heads": 12, "lengths": null, "state_mode": "both", "tokens": 8191}, "status": "PASS", "tensors": {"final_state": {"bitwise": true, "finite": true}, "out": {"bitwise": true, "finite": true}}}
{"case": 11, "decision": {"predicted_ms": {"16": 0.5743007899999999, "32": 0.588260421, "64": 0.638657433, "128": 0.7839451}, "reason": "calibrated_score_with_guard_band", "resident_blocks_per_sm": {"16": 4, "32": 4, "64": 3, "128": 2}, "reuse_footprint_bytes": 85327872, "reuse_over_l2": 0.6432806324110671, "value_slice": 16}, "kind": "correctness", "mode": "auto", "shape": {"batch": 1, "fp32": false, "gate": null, "heads": 12, "lengths": null, "state_mode": "both", "tokens": 8192}, "status": "PASS", "tensors": {"final_state": {"bitwise": true, "finite": true}, "out": {"bitwise": true, "finite": true}}}
{"case": 11, "decision": {"reason": "environment_override", "value_slice": 16}, "kind": "correctness", "mode": "force16", "shape": {"batch": 1, "fp32": false, "gate": null, "heads": 12, "lengths": null, "state_mode": "both", "tokens": 8192}, "status": "PASS", "tensors": {"final_state": {"bitwise": true, "finite": true}, "out": {"bitwise": true, "finite": true}}}
{"case": 11, "decision": {"reason": "dispatch_disabled", "value_slice": 128}, "kind": "correctness", "mode": "off", "shape": {"batch": 1, "fp32": false, "gate": null, "heads": 12, "lengths": null, "state_mode": "both", "tokens": 8192}, "status": "PASS", "tensors": {"final_state": {"bitwise": true, "finite": true}, "out": {"bitwise": true, "finite": true}}}
{"case": 12, "decision": {"predicted_ms": {}, "reason": "recurrence_length_not_calibrated", "resident_blocks_per_sm": {}, "reuse_footprint_bytes": 85494528, "reuse_over_l2": 0.6445370398962451, "value_slice": 128}, "kind": "correctness", "mode": "auto", "shape": {"batch": 1, "fp32": false, "gate": null, "heads": 12, "lengths": null, "state_mode": "both", "tokens": 8193}, "status": "PASS", "tensors": {"final_state": {"bitwise": true, "finite": true}, "out": {"bitwise": true, "finite": true}}}
{"case": 12, "decision": {"reason": "environment_override", "value_slice": 16}, "kind": "correctness", "mode": "force16", "shape": {"batch": 1, "fp32": false, "gate": null, "heads": 12, "lengths": null, "state_mode": "both", "tokens": 8193}, "status": "PASS", "tensors": {"final_state": {"bitwise": true, "finite": true}, "out": {"bitwise": true, "finite": true}}}
{"case": 12, "decision": {"reason": "dispatch_disabled", "value_slice": 128}, "kind": "correctness", "mode": "off", "shape": {"batch": 1, "fp32": false, "gate": null, "heads": 12, "lengths": null, "state_mode": "both", "tokens": 8193}, "status": "PASS", "tensors": {"final_state": {"bitwise": true, "finite": true}, "out": {"bitwise": true, "finite": true}}}
{"case": 13, "decision": {"predicted_ms": {}, "reason": "recurrence_length_not_calibrated", "resident_blocks_per_sm": {}, "reuse_footprint_bytes": 170655744, "reuse_over_l2": 1.2865612648221343, "value_slice": 128}, "kind": "correctness", "mode": "auto", "shape": {"batch": 1, "fp32": false, "gate": null, "heads": 12, "lengths": null, "state_mode": "both", "tokens": 16384}, "status": "PASS", "tensors": {"final_state": {"bitwise": true, "finite": true}, "out": {"bitwise": true, "finite": true}}}
{"case": 13, "decision": {"reason": "environment_override", "value_slice": 16}, "kind": "correctness", "mode": "force16", "shape": {"batch": 1, "fp32": false, "gate": null, "heads": 12, "lengths": null, "state_mode": "both", "tokens": 16384}, "status": "PASS", "tensors": {"final_state": {"bitwise": true, "finite": true}, "out": {"bitwise": true, "finite": true}}}
{"case": 13, "decision": {"reason": "dispatch_disabled", "value_slice": 128}, "kind": "correctness", "mode": "off", "shape": {"batch": 1, "fp32": false, "gate": null, "heads": 12, "lengths": null, "state_mode": "both", "tokens": 16384}, "status": "PASS", "tensors": {"final_state": {"bitwise": true, "finite": true}, "out": {"bitwise": true, "finite": true}}}
{"case": 14, "decision": {"predicted_ms": {"16": 0.161239153, "32": 0.16542915800000002, "64": 0.178696517, "128": 0.214718326}, "reason": "calibrated_score_with_guard_band", "resident_blocks_per_sm": {"16": 4, "32": 4, "64": 3, "128": 2}, "reuse_footprint_bytes": 21331968, "reuse_over_l2": 0.16082015810276679, "value_slice": 16}, "kind": "correctness", "mode": "auto", "shape": {"batch": 1, "fp32": false, "gate": null, "heads": 12, "lengths": null, "state_mode": "in", "tokens": 2048}, "status": "PASS", "tensors": {"out": {"bitwise": true, "finite": true}}}
{"case": 14, "decision": {"reason": "environment_override", "value_slice": 16}, "kind": "correctness", "mode": "force16", "shape": {"batch": 1, "fp32": false, "gate": null, "heads": 12, "lengths": null, "state_mode": "in", "tokens": 2048}, "status": "PASS", "tensors": {"out": {"bitwise": true, "finite": true}}}
{"case": 14, "decision": {"reason": "dispatch_disabled", "value_slice": 128}, "kind": "correctness", "mode": "off", "shape": {"batch": 1, "fp32": false, "gate": null, "heads": 12, "lengths": null, "state_mode": "in", "tokens": 2048}, "status": "PASS", "tensors": {"out": {"bitwise": true, "finite": true}}}
{"case": 15, "decision": {"predicted_ms": {"16": 0.161239153, "32": 0.16542915800000002, "64": 0.178696517, "128": 0.214718326}, "reason": "calibrated_score_with_guard_band", "resident_blocks_per_sm": {"16": 4, "32": 4, "64": 3, "128": 2}, "reuse_footprint_bytes": 21331968, "reuse_over_l2": 0.16082015810276679, "value_slice": 16}, "kind": "correctness", "mode": "auto", "shape": {"batch": 1, "fp32": false, "gate": null, "heads": 12, "lengths": null, "state_mode": "out", "tokens": 2048}, "status": "PASS", "tensors": {"final_state": {"bitwise": true, "finite": true}, "out": {"bitwise": true, "finite": true}}}
{"case": 15, "decision": {"reason": "environment_override", "value_slice": 16}, "kind": "correctness", "mode": "force16", "shape": {"batch": 1, "fp32": false, "gate": null, "heads": 12, "lengths": null, "state_mode": "out", "tokens": 2048}, "status": "PASS", "tensors": {"final_state": {"bitwise": true, "finite": true}, "out": {"bitwise": true, "finite": true}}}
{"case": 15, "decision": {"reason": "dispatch_disabled", "value_slice": 128}, "kind": "correctness", "mode": "off", "shape": {"batch": 1, "fp32": false, "gate": null, "heads": 12, "lengths": null, "state_mode": "out", "tokens": 2048}, "status": "PASS", "tensors": {"final_state": {"bitwise": true, "finite": true}, "out": {"bitwise": true, "finite": true}}}
{"case": 16, "decision": {"predicted_ms": {"16": 0.161239153, "32": 0.16542915800000002, "64": 0.178696517, "128": 0.214718326}, "reason": "calibrated_score_with_guard_band", "resident_blocks_per_sm": {"16": 4, "32": 4, "64": 3, "128": 2}, "reuse_footprint_bytes": 21331968, "reuse_over_l2": 0.16082015810276679, "value_slice": 16}, "kind": "correctness", "mode": "auto", "shape": {"batch": 1, "fp32": false, "gate": null, "heads": 12, "lengths": null, "state_mode": "none", "tokens": 2048}, "status": "PASS", "tensors": {"out": {"bitwise": true, "finite": true}}}
{"case": 16, "decision": {"reason": "environment_override", "value_slice": 16}, "kind": "correctness", "mode": "force16", "shape": {"batch": 1, "fp32": false, "gate": null, "heads": 12, "lengths": null, "state_mode": "none", "tokens": 2048}, "status": "PASS", "tensors": {"out": {"bitwise": true, "finite": true}}}
{"case": 16, "decision": {"reason": "dispatch_disabled", "value_slice": 128}, "kind": "correctness", "mode": "off", "shape": {"batch": 1, "fp32": false, "gate": null, "heads": 12, "lengths": null, "state_mode": "none", "tokens": 2048}, "status": "PASS", "tensors": {"out": {"bitwise": true, "finite": true}}}
{"case": 17, "decision": {"predicted_ms": {"16": 0.161239153, "32": 0.16542915800000002, "64": 0.178696517, "128": 0.214718326}, "reason": "calibrated_score_with_guard_band", "resident_blocks_per_sm": {"16": 4, "32": 4, "64": 3, "128": 2}, "reuse_footprint_bytes": 21331968, "reuse_over_l2": 0.16082015810276679, "value_slice": 16}, "kind": "correctness", "mode": "auto", "shape": {"batch": 1, "fp32": false, "gate": null, "heads": 12, "lengths": [2048], "state_mode": "in", "tokens": 2048}, "status": "PASS", "tensors": {"out": {"bitwise": true, "finite": true}}}
{"case": 17, "decision": {"reason": "environment_override", "value_slice": 16}, "kind": "correctness", "mode": "force16", "shape": {"batch": 1, "fp32": false, "gate": null, "heads": 12, "lengths": [2048], "state_mode": "in", "tokens": 2048}, "status": "PASS", "tensors": {"out": {"bitwise": true, "finite": true}}}
{"case": 17, "decision": {"reason": "dispatch_disabled", "value_slice": 128}, "kind": "correctness", "mode": "off", "shape": {"batch": 1, "fp32": false, "gate": null, "heads": 12, "lengths": [2048], "state_mode": "in", "tokens": 2048}, "status": "PASS", "tensors": {"out": {"bitwise": true, "finite": true}}}
{"case": 18, "decision": {"predicted_ms": {"16": 0.161239153, "32": 0.16542915800000002, "64": 0.178696517, "128": 0.214718326}, "reason": "calibrated_score_with_guard_band", "resident_blocks_per_sm": {"16": 4, "32": 4, "64": 3, "128": 2}, "reuse_footprint_bytes": 21331968, "reuse_over_l2": 0.16082015810276679, "value_slice": 16}, "kind": "correctness", "mode": "auto", "shape": {"batch": 1, "fp32": false, "gate": null, "heads": 12, "lengths": [2048], "state_mode": "out", "tokens": 2048}, "status": "PASS", "tensors": {"final_state": {"bitwise": true, "finite": true}, "out": {"bitwise": true, "finite": true}}}
{"case": 18, "decision": {"reason": "environment_override", "value_slice": 16}, "kind": "correctness", "mode": "force16", "shape": {"batch": 1, "fp32": false, "gate": null, "heads": 12, "lengths": [2048], "state_mode": "out", "tokens": 2048}, "status": "PASS", "tensors": {"final_state": {"bitwise": true, "finite": true}, "out": {"bitwise": true, "finite": true}}}
{"case": 18, "decision": {"reason": "dispatch_disabled", "value_slice": 128}, "kind": "correctness", "mode": "off", "shape": {"batch": 1, "fp32": false, "gate": null, "heads": 12, "lengths": [2048], "state_mode": "out", "tokens": 2048}, "status": "PASS", "tensors": {"final_state": {"bitwise": true, "finite": true}, "out": {"bitwise": true, "finite": true}}}
{"case": 19, "decision": {"predicted_ms": {"16": 0.161239153, "32": 0.16542915800000002, "64": 0.178696517, "128": 0.214718326}, "reason": "calibrated_score_with_guard_band", "resident_blocks_per_sm": {"16": 4, "32": 4, "64": 3, "128": 2}, "reuse_footprint_bytes": 21331968, "reuse_over_l2": 0.16082015810276679, "value_slice": 16}, "kind": "correctness", "mode": "auto", "shape": {"batch": 1, "fp32": false, "gate": null, "heads": 12, "lengths": [2048], "state_mode": "none", "tokens": 2048}, "status": "PASS", "tensors": {"out": {"bitwise": true, "finite": true}}}
{"case": 19, "decision": {"reason": "environment_override", "value_slice": 16}, "kind": "correctness", "mode": "force16", "shape": {"batch": 1, "fp32": false, "gate": null, "heads": 12, "lengths": [2048], "state_mode": "none", "tokens": 2048}, "status": "PASS", "tensors": {"out": {"bitwise": true, "finite": true}}}
{"case": 19, "decision": {"reason": "dispatch_disabled", "value_slice": 128}, "kind": "correctness", "mode": "off", "shape": {"batch": 1, "fp32": false, "gate": null, "heads": 12, "lengths": [2048], "state_mode": "none", "tokens": 2048}, "status": "PASS", "tensors": {"out": {"bitwise": true, "finite": true}}}
{"case": 20, "decision": {"predicted_ms": {"16": 0.5743007899999999, "32": 0.588260421, "64": 0.638657433, "128": 0.7839451}, "reason": "calibrated_score_with_guard_band", "resident_blocks_per_sm": {"16": 4, "32": 4, "64": 3, "128": 2}, "reuse_footprint_bytes": 85327872, "reuse_over_l2": 0.6432806324110671, "value_slice": 16}, "kind": "correctness", "mode": "auto", "shape": {"batch": 1, "fp32": false, "gate": null, "heads": 12, "lengths": null, "state_mode": "in", "tokens": 8192}, "status": "PASS", "tensors": {"out": {"bitwise": true, "finite": true}}}
{"case": 20, "decision": {"reason": "environment_override", "value_slice": 16}, "kind": "correctness", "mode": "force16", "shape": {"batch": 1, "fp32": false, "gate": null, "heads": 12, "lengths": null, "state_mode": "in", "tokens": 8192}, "status": "PASS", "tensors": {"out": {"bitwise": true, "finite": true}}}
{"case": 20, "decision": {"reason": "dispatch_disabled", "value_slice": 128}, "kind": "correctness", "mode": "off", "shape": {"batch": 1, "fp32": false, "gate": null, "heads": 12, "lengths": null, "state_mode": "in", "tokens": 8192}, "status": "PASS", "tensors": {"out": {"bitwise": true, "finite": true}}}
{"case": 21, "decision": {"predicted_ms": {"16": 0.5743007899999999, "32": 0.588260421, "64": 0.638657433, "128": 0.7839451}, "reason": "calibrated_score_with_guard_band", "resident_blocks_per_sm": {"16": 4, "32": 4, "64": 3, "128": 2}, "reuse_footprint_bytes": 85327872, "reuse_over_l2": 0.6432806324110671, "value_slice": 16}, "kind": "correctness", "mode": "auto", "shape": {"batch": 1, "fp32": false, "gate": null, "heads": 12, "lengths": null, "state_mode": "out", "tokens": 8192}, "status": "PASS", "tensors": {"final_state": {"bitwise": true, "finite": true}, "out": {"bitwise": true, "finite": true}}}
{"case": 21, "decision": {"reason": "environment_override", "value_slice": 16}, "kind": "correctness", "mode": "force16", "shape": {"batch": 1, "fp32": false, "gate": null, "heads": 12, "lengths": null, "state_mode": "out", "tokens": 8192}, "status": "PASS", "tensors": {"final_state": {"bitwise": true, "finite": true}, "out": {"bitwise": true, "finite": true}}}
{"case": 21, "decision": {"reason": "dispatch_disabled", "value_slice": 128}, "kind": "correctness", "mode": "off", "shape": {"batch": 1, "fp32": false, "gate": null, "heads": 12, "lengths": null, "state_mode": "out", "tokens": 8192}, "status": "PASS", "tensors": {"final_state": {"bitwise": true, "finite": true}, "out": {"bitwise": true, "finite": true}}}
{"case": 22, "decision": {"predicted_ms": {"16": 0.5743007899999999, "32": 0.588260421, "64": 0.638657433, "128": 0.7839451}, "reason": "calibrated_score_with_guard_band", "resident_blocks_per_sm": {"16": 4, "32": 4, "64": 3, "128": 2}, "reuse_footprint_bytes": 85327872, "reuse_over_l2": 0.6432806324110671, "value_slice": 16}, "kind": "correctness", "mode": "auto", "shape": {"batch": 1, "fp32": false, "gate": null, "heads": 12, "lengths": null, "state_mode": "none", "tokens": 8192}, "status": "PASS", "tensors": {"out": {"bitwise": true, "finite": true}}}
{"case": 22, "decision": {"reason": "environment_override", "value_slice": 16}, "kind": "correctness", "mode": "force16", "shape": {"batch": 1, "fp32": false, "gate": null, "heads": 12, "lengths": null, "state_mode": "none", "tokens": 8192}, "status": "PASS", "tensors": {"out": {"bitwise": true, "finite": true}}}
{"case": 22, "decision": {"reason": "dispatch_disabled", "value_slice": 128}, "kind": "correctness", "mode": "off", "shape": {"batch": 1, "fp32": false, "gate": null, "heads": 12, "lengths": null, "state_mode": "none", "tokens": 8192}, "status": "PASS", "tensors": {"out": {"bitwise": true, "finite": true}}}
{"case": 23, "decision": {"predicted_ms": {"16": 0.5743007899999999, "32": 0.588260421, "64": 0.638657433, "128": 0.7839451}, "reason": "calibrated_score_with_guard_band", "resident_blocks_per_sm": {"16": 4, "32": 4, "64": 3, "128": 2}, "reuse_footprint_bytes": 85327872, "reuse_over_l2": 0.6432806324110671, "value_slice": 16}, "kind": "correctness", "mode": "auto", "shape": {"batch": 1, "fp32": false, "gate": null, "heads": 12, "lengths": [8192], "state_mode": "in", "tokens": 8192}, "status": "PASS", "tensors": {"out": {"bitwise": true, "finite": true}}}
{"case": 23, "decision": {"reason": "environment_override", "value_slice": 16}, "kind": "correctness", "mode": "force16", "shape": {"batch": 1, "fp32": false, "gate": null, "heads": 12, "lengths": [8192], "state_mode": "in", "tokens": 8192}, "status": "PASS", "tensors": {"out": {"bitwise": true, "finite": true}}}
{"case": 23, "decision": {"reason": "dispatch_disabled", "value_slice": 128}, "kind": "correctness", "mode": "off", "shape": {"batch": 1, "fp32": false, "gate": null, "heads": 12, "lengths": [8192], "state_mode": "in", "tokens": 8192}, "status": "PASS", "tensors": {"out": {"bitwise": true, "finite": true}}}
{"case": 24, "decision": {"predicted_ms": {"16": 0.5743007899999999, "32": 0.588260421, "64": 0.638657433, "128": 0.7839451}, "reason": "calibrated_score_with_guard_band", "resident_blocks_per_sm": {"16": 4, "32": 4, "64": 3, "128": 2}, "reuse_footprint_bytes": 85327872, "reuse_over_l2": 0.6432806324110671, "value_slice": 16}, "kind": "correctness", "mode": "auto", "shape": {"batch": 1, "fp32": false, "gate": null, "heads": 12, "lengths": [8192], "state_mode": "out", "tokens": 8192}, "status": "PASS", "tensors": {"final_state": {"bitwise": true, "finite": true}, "out": {"bitwise": true, "finite": true}}}
{"case": 24, "decision": {"reason": "environment_override", "value_slice": 16}, "kind": "correctness", "mode": "force16", "shape": {"batch": 1, "fp32": false, "gate": null, "heads": 12, "lengths": [8192], "state_mode": "out", "tokens": 8192}, "status": "PASS", "tensors": {"final_state": {"bitwise": true, "finite": true}, "out": {"bitwise": true, "finite": true}}}
{"case": 24, "decision": {"reason": "dispatch_disabled", "value_slice": 128}, "kind": "correctness", "mode": "off", "shape": {"batch": 1, "fp32": false, "gate": null, "heads": 12, "lengths": [8192], "state_mode": "out", "tokens": 8192}, "status": "PASS", "tensors": {"final_state": {"bitwise": true, "finite": true}, "out": {"bitwise": true, "finite": true}}}
{"case": 25, "decision": {"predicted_ms": {"16": 0.5743007899999999, "32": 0.588260421, "64": 0.638657433, "128": 0.7839451}, "reason": "calibrated_score_with_guard_band", "resident_blocks_per_sm": {"16": 4, "32": 4, "64": 3, "128": 2}, "reuse_footprint_bytes": 85327872, "reuse_over_l2": 0.6432806324110671, "value_slice": 16}, "kind": "correctness", "mode": "auto", "shape": {"batch": 1, "fp32": false, "gate": null, "heads": 12, "lengths": [8192], "state_mode": "none", "tokens": 8192}, "status": "PASS", "tensors": {"out": {"bitwise": true, "finite": true}}}
{"case": 25, "decision": {"reason": "environment_override", "value_slice": 16}, "kind": "correctness", "mode": "force16", "shape": {"batch": 1, "fp32": false, "gate": null, "heads": 12, "lengths": [8192], "state_mode": "none", "tokens": 8192}, "status": "PASS", "tensors": {"out": {"bitwise": true, "finite": true}}}
{"case": 25, "decision": {"reason": "dispatch_disabled", "value_slice": 128}, "kind": "correctness", "mode": "off", "shape": {"batch": 1, "fp32": false, "gate": null, "heads": 12, "lengths": [8192], "state_mode": "none", "tokens": 8192}, "status": "PASS", "tensors": {"out": {"bitwise": true, "finite": true}}}
{"case": 26, "decision": {"predicted_ms": {"16": 0.307985406, "32": 0.315194022, "64": 0.35227749799999997, "128": 0.396578621}, "reason": "calibrated_score_with_guard_band", "resident_blocks_per_sm": {"16": 4, "32": 4, "64": 3, "128": 2}, "reuse_footprint_bytes": 42663936, "reuse_over_l2": 0.32164031620553357, "value_slice": 16}, "kind": "correctness", "mode": "auto", "shape": {"batch": 1, "fp32": true, "gate": null, "heads": 12, "lengths": null, "state_mode": "both", "tokens": 4096}, "status": "PASS", "tensors": {"final_state": {"bitwise": true, "finite": true}, "out": {"bitwise": true, "finite": true}}}
{"case": 26, "decision": {"reason": "environment_override", "value_slice": 16}, "kind": "correctness", "mode": "force16", "shape": {"batch": 1, "fp32": true, "gate": null, "heads": 12, "lengths": null, "state_mode": "both", "tokens": 4096}, "status": "PASS", "tensors": {"final_state": {"bitwise": true, "finite": true}, "out": {"bitwise": true, "finite": true}}}
{"case": 26, "decision": {"reason": "dispatch_disabled", "value_slice": 128}, "kind": "correctness", "mode": "off", "shape": {"batch": 1, "fp32": true, "gate": null, "heads": 12, "lengths": null, "state_mode": "both", "tokens": 4096}, "status": "PASS", "tensors": {"final_state": {"bitwise": true, "finite": true}, "out": {"bitwise": true, "finite": true}}}
{"case": 27, "decision": {"predicted_ms": {"16": 0.307985406, "32": 0.315194022, "64": 0.35227749799999997, "128": 0.396578621}, "reason": "calibrated_score_with_guard_band", "resident_blocks_per_sm": {"16": 4, "32": 4, "64": 3, "128": 2}, "reuse_footprint_bytes": 42663936, "reuse_over_l2": 0.32164031620553357, "value_slice": 16}, "kind": "correctness", "mode": "auto", "shape": {"batch": 1, "fp32": true, "gate": null, "heads": 12, "lengths": null, "state_mode": "in", "tokens": 4096}, "status": "PASS", "tensors": {"out": {"bitwise": true, "finite": true}}}
{"case": 27, "decision": {"reason": "environment_override", "value_slice": 16}, "kind": "correctness", "mode": "force16", "shape": {"batch": 1, "fp32": true, "gate": null, "heads": 12, "lengths": null, "state_mode": "in", "tokens": 4096}, "status": "PASS", "tensors": {"out": {"bitwise": true, "finite": true}}}
{"case": 27, "decision": {"reason": "dispatch_disabled", "value_slice": 128}, "kind": "correctness", "mode": "off", "shape": {"batch": 1, "fp32": true, "gate": null, "heads": 12, "lengths": null, "state_mode": "in", "tokens": 4096}, "status": "PASS", "tensors": {"out": {"bitwise": true, "finite": true}}}
{"case": 28, "decision": {"predicted_ms": {"16": 0.307985406, "32": 0.315194022, "64": 0.35227749799999997, "128": 0.396578621}, "reason": "calibrated_score_with_guard_band", "resident_blocks_per_sm": {"16": 4, "32": 4, "64": 3, "128": 2}, "reuse_footprint_bytes": 42663936, "reuse_over_l2": 0.32164031620553357, "value_slice": 16}, "kind": "correctness", "mode": "auto", "shape": {"batch": 1, "fp32": true, "gate": null, "heads": 12, "lengths": null, "state_mode": "out", "tokens": 4096}, "status": "PASS", "tensors": {"final_state": {"bitwise": true, "finite": true}, "out": {"bitwise": true, "finite": true}}}
{"case": 28, "decision": {"reason": "environment_override", "value_slice": 16}, "kind": "correctness", "mode": "force16", "shape": {"batch": 1, "fp32": true, "gate": null, "heads": 12, "lengths": null, "state_mode": "out", "tokens": 4096}, "status": "PASS", "tensors": {"final_state": {"bitwise": true, "finite": true}, "out": {"bitwise": true, "finite": true}}}
{"case": 28, "decision": {"reason": "dispatch_disabled", "value_slice": 128}, "kind": "correctness", "mode": "off", "shape": {"batch": 1, "fp32": true, "gate": null, "heads": 12, "lengths": null, "state_mode": "out", "tokens": 4096}, "status": "PASS", "tensors": {"final_state": {"bitwise": true, "finite": true}, "out": {"bitwise": true, "finite": true}}}
{"case": 29, "decision": {"predicted_ms": {"16": 0.648004583, "32": 0.623512569, "64": 0.6726791010000001, "128": 0.8191179639999999}, "reason": "calibrated_score_with_guard_band", "resident_blocks_per_sm": {"16": 4, "32": 4, "64": 3, "128": 2}, "reuse_footprint_bytes": 170655744, "reuse_over_l2": 1.2865612648221343, "value_slice": 32}, "kind": "correctness", "mode": "auto", "shape": {"batch": 1, "fp32": false, "gate": null, "heads": 24, "lengths": null, "state_mode": "both", "tokens": 8192}, "status": "PASS", "tensors": {"final_state": {"bitwise": true, "finite": true}, "out": {"bitwise": true, "finite": true}}}
{"case": 29, "decision": {"reason": "environment_override", "value_slice": 16}, "kind": "correctness", "mode": "force16", "shape": {"batch": 1, "fp32": false, "gate": null, "heads": 24, "lengths": null, "state_mode": "both", "tokens": 8192}, "status": "PASS", "tensors": {"final_state": {"bitwise": true, "finite": true}, "out": {"bitwise": true, "finite": true}}}
{"case": 29, "decision": {"reason": "dispatch_disabled", "value_slice": 128}, "kind": "correctness", "mode": "off", "shape": {"batch": 1, "fp32": false, "gate": null, "heads": 24, "lengths": null, "state_mode": "both", "tokens": 8192}, "status": "PASS", "tensors": {"final_state": {"bitwise": true, "finite": true}, "out": {"bitwise": true, "finite": true}}}
{"case": 30, "decision": {"predicted_ms": {"32": 0.77060141, "64": 0.7407224370000001, "128": 0.889463692}, "reason": "calibrated_score_with_guard_band", "resident_blocks_per_sm": {"16": 4, "32": 4, "64": 3, "128": 2}, "reuse_footprint_bytes": 341311488, "reuse_over_l2": 2.5731225296442686, "value_slice": 64}, "kind": "correctness", "mode": "auto", "shape": {"batch": 1, "fp32": false, "gate": null, "heads": 48, "lengths": null, "state_mode": "both", "tokens": 8192}, "status": "PASS", "tensors": {"final_state": {"bitwise": true, "finite": true}, "out": {"bitwise": true, "finite": true}}}
{"case": 30, "decision": {"reason": "environment_override", "value_slice": 16}, "kind": "correctness", "mode": "force16", "shape": {"batch": 1, "fp32": false, "gate": null, "heads": 48, "lengths": null, "state_mode": "both", "tokens": 8192}, "status": "PASS", "tensors": {"final_state": {"bitwise": true, "finite": true}, "out": {"bitwise": true, "finite": true}}}
{"case": 30, "decision": {"reason": "dispatch_disabled", "value_slice": 128}, "kind": "correctness", "mode": "off", "shape": {"batch": 1, "fp32": false, "gate": null, "heads": 48, "lengths": null, "state_mode": "both", "tokens": 8192}, "status": "PASS", "tensors": {"final_state": {"bitwise": true, "finite": true}, "out": {"bitwise": true, "finite": true}}}
{"case": 31, "decision": {"predicted_ms": {"64": 1.023649666, "128": 1.030155148}, "reason": "gain_below_guard_band", "resident_blocks_per_sm": {"16": 4, "32": 4, "64": 3, "128": 2}, "reuse_footprint_bytes": 682622976, "reuse_over_l2": 5.146245059288537, "value_slice": 128}, "kind": "correctness", "mode": "auto", "shape": {"batch": 1, "fp32": false, "gate": null, "heads": 96, "lengths": null, "state_mode": "both", "tokens": 8192}, "status": "PASS", "tensors": {"final_state": {"bitwise": true, "finite": true}, "out": {"bitwise": true, "finite": true}}}
{"case": 31, "decision": {"reason": "environment_override", "value_slice": 16}, "kind": "correctness", "mode": "force16", "shape": {"batch": 1, "fp32": false, "gate": null, "heads": 96, "lengths": null, "state_mode": "both", "tokens": 8192}, "status": "PASS", "tensors": {"final_state": {"bitwise": true, "finite": true}, "out": {"bitwise": true, "finite": true}}}
{"case": 31, "decision": {"reason": "dispatch_disabled", "value_slice": 128}, "kind": "correctness", "mode": "off", "shape": {"batch": 1, "fp32": false, "gate": null, "heads": 96, "lengths": null, "state_mode": "both", "tokens": 8192}, "status": "PASS", "tensors": {"final_state": {"bitwise": true, "finite": true}, "out": {"bitwise": true, "finite": true}}}
{"case": 32, "decision": {"predicted_ms": {"16": 0.648004583, "32": 0.623512569, "64": 0.6726791010000001, "128": 0.8191179639999999}, "reason": "calibrated_score_with_guard_band", "resident_blocks_per_sm": {"16": 4, "32": 4, "64": 3, "128": 2}, "reuse_footprint_bytes": 170655744, "reuse_over_l2": 1.2865612648221343, "value_slice": 32}, "kind": "correctness", "mode": "auto", "shape": {"batch": 2, "fp32": false, "gate": null, "heads": 12, "lengths": null, "state_mode": "both", "tokens": 8192}, "status": "PASS", "tensors": {"final_state": {"bitwise": true, "finite": true}, "out": {"bitwise": true, "finite": true}}}
{"case": 32, "decision": {"reason": "environment_override", "value_slice": 16}, "kind": "correctness", "mode": "force16", "shape": {"batch": 2, "fp32": false, "gate": null, "heads": 12, "lengths": null, "state_mode": "both", "tokens": 8192}, "status": "PASS", "tensors": {"final_state": {"bitwise": true, "finite": true}, "out": {"bitwise": true, "finite": true}}}
{"case": 32, "decision": {"reason": "dispatch_disabled", "value_slice": 128}, "kind": "correctness", "mode": "off", "shape": {"batch": 2, "fp32": false, "gate": null, "heads": 12, "lengths": null, "state_mode": "both", "tokens": 8192}, "status": "PASS", "tensors": {"final_state": {"bitwise": true, "finite": true}, "out": {"bitwise": true, "finite": true}}}
{"case": 33, "decision": {"predicted_ms": {"32": 0.77060141, "64": 0.7407224370000001, "128": 0.889463692}, "reason": "calibrated_score_with_guard_band", "resident_blocks_per_sm": {"16": 4, "32": 4, "64": 3, "128": 2}, "reuse_footprint_bytes": 341311488, "reuse_over_l2": 2.5731225296442686, "value_slice": 64}, "kind": "correctness", "mode": "auto", "shape": {"batch": 4, "fp32": false, "gate": null, "heads": 12, "lengths": null, "state_mode": "both", "tokens": 8192}, "status": "PASS", "tensors": {"final_state": {"bitwise": true, "finite": true}, "out": {"bitwise": true, "finite": true}}}
{"case": 33, "decision": {"reason": "environment_override", "value_slice": 16}, "kind": "correctness", "mode": "force16", "shape": {"batch": 4, "fp32": false, "gate": null, "heads": 12, "lengths": null, "state_mode": "both", "tokens": 8192}, "status": "PASS", "tensors": {"final_state": {"bitwise": true, "finite": true}, "out": {"bitwise": true, "finite": true}}}
{"case": 33, "decision": {"reason": "dispatch_disabled", "value_slice": 128}, "kind": "correctness", "mode": "off", "shape": {"batch": 4, "fp32": false, "gate": null, "heads": 12, "lengths": null, "state_mode": "both", "tokens": 8192}, "status": "PASS", "tensors": {"final_state": {"bitwise": true, "finite": true}, "out": {"bitwise": true, "finite": true}}}
{"case": 34, "decision": {"predicted_ms": {"16": 0.5743007899999999, "32": 0.588260421, "64": 0.638657433, "128": 0.7839451}, "reason": "calibrated_score_with_guard_band", "resident_blocks_per_sm": {"16": 4, "32": 4, "64": 3, "128": 2}, "reuse_footprint_bytes": 85327872, "reuse_over_l2": 0.6432806324110671, "value_slice": 16}, "kind": "correctness", "mode": "auto", "shape": {"batch": 1, "fp32": false, "gate": null, "heads": 12, "lengths": [8192], "state_mode": "both", "tokens": 8192}, "status": "PASS", "tensors": {"final_state": {"bitwise": true, "finite": true}, "out": {"bitwise": true, "finite": true}}}
{"case": 34, "decision": {"reason": "environment_override", "value_slice": 16}, "kind": "correctness", "mode": "force16", "shape": {"batch": 1, "fp32": false, "gate": null, "heads": 12, "lengths": [8192], "state_mode": "both", "tokens": 8192}, "status": "PASS", "tensors": {"final_state": {"bitwise": true, "finite": true}, "out": {"bitwise": true, "finite": true}}}
{"case": 34, "decision": {"reason": "dispatch_disabled", "value_slice": 128}, "kind": "correctness", "mode": "off", "shape": {"batch": 1, "fp32": false, "gate": null, "heads": 12, "lengths": [8192], "state_mode": "both", "tokens": 8192}, "status": "PASS", "tensors": {"final_state": {"bitwise": true, "finite": true}, "out": {"bitwise": true, "finite": true}}}
{"case": 35, "decision": {"predicted_ms": {}, "reason": "varlen_not_calibrated", "resident_blocks_per_sm": {}, "reuse_footprint_bytes": 85327872, "reuse_over_l2": 0.6432806324110671, "value_slice": 128}, "kind": "correctness", "mode": "auto", "shape": {"batch": 1, "fp32": false, "gate": null, "heads": 12, "lengths": [1024, 1024, 1024, 1024, 1024, 1024, 1024, 1024], "state_mode": "both", "tokens": 8192}, "status": "PASS", "tensors": {"final_state": {"bitwise": true, "finite": true}, "out": {"bitwise": true, "finite": true}}}
{"case": 35, "decision": {"reason": "environment_override", "value_slice": 16}, "kind": "correctness", "mode": "force16", "shape": {"batch": 1, "fp32": false, "gate": null, "heads": 12, "lengths": [1024, 1024, 1024, 1024, 1024, 1024, 1024, 1024], "state_mode": "both", "tokens": 8192}, "status": "PASS", "tensors": {"final_state": {"bitwise": true, "finite": true}, "out": {"bitwise": true, "finite": true}}}
{"case": 35, "decision": {"reason": "dispatch_disabled", "value_slice": 128}, "kind": "correctness", "mode": "off", "shape": {"batch": 1, "fp32": false, "gate": null, "heads": 12, "lengths": [1024, 1024, 1024, 1024, 1024, 1024, 1024, 1024], "state_mode": "both", "tokens": 8192}, "status": "PASS", "tensors": {"final_state": {"bitwise": true, "finite": true}, "out": {"bitwise": true, "finite": true}}}
{"case": 36, "decision": {"predicted_ms": {}, "reason": "varlen_not_calibrated", "resident_blocks_per_sm": {}, "reuse_footprint_bytes": 85327872, "reuse_over_l2": 0.6432806324110671, "value_slice": 128}, "kind": "correctness", "mode": "auto", "shape": {"batch": 1, "fp32": false, "gate": null, "heads": 12, "lengths": [16, 32, 512, 1024, 2512, 4096], "state_mode": "both", "tokens": 8192}, "status": "PASS", "tensors": {"final_state": {"bitwise": true, "finite": true}, "out": {"bitwise": true, "finite": true}}}
{"case": 36, "decision": {"reason": "environment_override", "value_slice": 16}, "kind": "correctness", "mode": "force16", "shape": {"batch": 1, "fp32": false, "gate": null, "heads": 12, "lengths": [16, 32, 512, 1024, 2512, 4096], "state_mode": "both", "tokens": 8192}, "status": "PASS", "tensors": {"final_state": {"bitwise": true, "finite": true}, "out": {"bitwise": true, "finite": true}}}
{"case": 36, "decision": {"reason": "dispatch_disabled", "value_slice": 128}, "kind": "correctness", "mode": "off", "shape": {"batch": 1, "fp32": false, "gate": null, "heads": 12, "lengths": [16, 32, 512, 1024, 2512, 4096], "state_mode": "both", "tokens": 8192}, "status": "PASS", "tensors": {"final_state": {"bitwise": true, "finite": true}, "out": {"bitwise": true, "finite": true}}}
{"case": 37, "decision": {"predicted_ms": {}, "reason": "varlen_not_calibrated", "resident_blocks_per_sm": {}, "reuse_footprint_bytes": 85327872, "reuse_over_l2": 0.6432806324110671, "value_slice": 128}, "kind": "correctness", "mode": "auto", "shape": {"batch": 1, "fp32": false, "gate": null, "heads": 12, "lengths": [0, 8192], "state_mode": "both", "tokens": 8192}, "status": "PASS", "tensors": {"final_state": {"bitwise": true, "finite": true}, "out": {"bitwise": true, "finite": true}}}
{"case": 37, "decision": {"reason": "environment_override", "value_slice": 16}, "kind": "correctness", "mode": "force16", "shape": {"batch": 1, "fp32": false, "gate": null, "heads": 12, "lengths": [0, 8192], "state_mode": "both", "tokens": 8192}, "status": "PASS", "tensors": {"final_state": {"bitwise": true, "finite": true}, "out": {"bitwise": true, "finite": true}}}
{"case": 37, "decision": {"reason": "dispatch_disabled", "value_slice": 128}, "kind": "correctness", "mode": "off", "shape": {"batch": 1, "fp32": false, "gate": null, "heads": 12, "lengths": [0, 8192], "state_mode": "both", "tokens": 8192}, "status": "PASS", "tensors": {"final_state": {"bitwise": true, "finite": true}, "out": {"bitwise": true, "finite": true}}}
{"case": 38, "decision": {"predicted_ms": {"16": 0.5743007899999999, "32": 0.588260421, "64": 0.638657433, "128": 0.7839451}, "reason": "calibrated_score_with_guard_band", "resident_blocks_per_sm": {"16": 4, "32": 4, "64": 3, "128": 2}, "reuse_footprint_bytes": 85327872, "reuse_over_l2": 0.6432806324110671, "value_slice": 16}, "kind": "correctness", "mode": "auto", "shape": {"batch": 1, "fp32": false, "gate": -8.0, "heads": 12, "lengths": null, "state_mode": "both", "tokens": 8192}, "status": "PASS", "tensors": {"final_state": {"bitwise": true, "finite": true}, "out": {"bitwise": true, "finite": true}}}
{"case": 38, "decision": {"reason": "environment_override", "value_slice": 16}, "kind": "correctness", "mode": "force16", "shape": {"batch": 1, "fp32": false, "gate": -8.0, "heads": 12, "lengths": null, "state_mode": "both", "tokens": 8192}, "status": "PASS", "tensors": {"final_state": {"bitwise": true, "finite": true}, "out": {"bitwise": true, "finite": true}}}
{"case": 38, "decision": {"reason": "dispatch_disabled", "value_slice": 128}, "kind": "correctness", "mode": "off", "shape": {"batch": 1, "fp32": false, "gate": -8.0, "heads": 12, "lengths": null, "state_mode": "both", "tokens": 8192}, "status": "PASS", "tensors": {"final_state": {"bitwise": true, "finite": true}, "out": {"bitwise": true, "finite": true}}}
{"case": 39, "decision": {"predicted_ms": {"16": 0.5743007899999999, "32": 0.588260421, "64": 0.638657433, "128": 0.7839451}, "reason": "calibrated_score_with_guard_band", "resident_blocks_per_sm": {"16": 4, "32": 4, "64": 3, "128": 2}, "reuse_footprint_bytes": 85327872, "reuse_over_l2": 0.6432806324110671, "value_slice": 16}, "kind": "correctness", "mode": "auto", "shape": {"batch": 1, "fp32": false, "gate": 12.0, "heads": 12, "lengths": null, "state_mode": "both", "tokens": 8192}, "status": "PASS", "tensors": {"final_state": {"bitwise": true, "finite": true}, "out": {"bitwise": true, "finite": true}}}
{"case": 39, "decision": {"reason": "environment_override", "value_slice": 16}, "kind": "correctness", "mode": "force16", "shape": {"batch": 1, "fp32": false, "gate": 12.0, "heads": 12, "lengths": null, "state_mode": "both", "tokens": 8192}, "status": "PASS", "tensors": {"final_state": {"bitwise": true, "finite": true}, "out": {"bitwise": true, "finite": true}}}
{"case": 39, "decision": {"reason": "dispatch_disabled", "value_slice": 128}, "kind": "correctness", "mode": "off", "shape": {"batch": 1, "fp32": false, "gate": 12.0, "heads": 12, "lengths": null, "state_mode": "both", "tokens": 8192}, "status": "PASS", "tensors": {"final_state": {"bitwise": true, "finite": true}, "out": {"bitwise": true, "finite": true}}}
{"kind": "state_chain", "status": "PASS", "step": 0, "tensors": {"final_state": {"bitwise": true, "finite": true}, "out": {"bitwise": true, "finite": true}}}
{"kind": "state_chain", "status": "PASS", "step": 1, "tensors": {"final_state": {"bitwise": true, "finite": true}, "out": {"bitwise": true, "finite": true}}}
{"kind": "state_chain", "status": "PASS", "step": 2, "tensors": {"final_state": {"bitwise": true, "finite": true}, "out": {"bitwise": true, "finite": true}}}
{"comparison_rows": 120, "kind": "correctness_complete", "sanitizer": false}
{"cache_perturbed": {"count": 30, "median_ms": 0.15667200088500977, "p10_ms": 0.15654399991035461, "p90_ms": 0.15779200196266174}, "case": 0, "decision": {"predicted_ms": {"16": 0.161239153, "32": 0.16542915800000002, "64": 0.178696517, "128": 0.214718326}, "reason": "calibrated_score_with_guard_band", "resident_blocks_per_sm": {"16": 4, "32": 4, "64": 3, "128": 2}, "reuse_footprint_bytes": 21331968, "reuse_over_l2": 0.16082015810276679, "value_slice": 16}, "eager": {"count": 60, "median_ms": 0.1541759967803955, "p10_ms": 0.15398399531841278, "p90_ms": 0.15436799824237823}, "graph": {"count": 60, "median_ms": 0.14905600249767303, "p10_ms": 0.1488959938287735, "p90_ms": 0.14934399724006653}, "kind": "performance", "name": "baseline_auto", "repeat": 0, "shape": {"batch": 1, "fp32": false, "gate": null, "heads": 12, "lengths": null, "state_mode": "both", "tokens": 2048}}
{"cache_perturbed": {"count": 30, "median_ms": 0.130048006772995, "p10_ms": 0.12985600531101227, "p90_ms": 0.1311360001564026}, "case": 0, "decision": {"predicted_ms": {"16": 0.161239153, "32": 0.16542915800000002, "64": 0.178696517, "128": 0.214718326}, "reason": "calibrated_score_with_guard_band", "resident_blocks_per_sm": {"16": 4, "32": 4, "64": 3, "128": 2}, "reuse_footprint_bytes": 21331968, "reuse_over_l2": 0.16082015810276679, "value_slice": 16}, "eager": {"count": 60, "median_ms": 0.12755200266838074, "p10_ms": 0.127360001206398, "p90_ms": 0.1276800036430359}, "graph": {"count": 60, "median_ms": 0.12241600081324577, "p10_ms": 0.12220799922943115, "p90_ms": 0.12252800166606903}, "kind": "performance", "name": "release_auto", "repeat": 0, "shape": {"batch": 1, "fp32": false, "gate": null, "heads": 12, "lengths": null, "state_mode": "both", "tokens": 2048}}
{"cache_perturbed": {"count": 30, "median_ms": 0.21078399568796158, "p10_ms": 0.20985600352287292, "p90_ms": 0.21305599808692932}, "case": 0, "decision": {"reason": "environment_override", "value_slice": 128}, "eager": {"count": 60, "median_ms": 0.20739200711250305, "p10_ms": 0.20716799795627594, "p90_ms": 0.20761600136756897}, "graph": {"count": 60, "median_ms": 0.20230400562286377, "p10_ms": 0.20217600464820862, "p90_ms": 0.2024960070848465}, "kind": "performance", "name": "release_v128", "repeat": 0, "shape": {"batch": 1, "fp32": false, "gate": null, "heads": 12, "lengths": null, "state_mode": "both", "tokens": 2048}}
{"cache_perturbed": {"count": 30, "median_ms": 0.15670399367809296, "p10_ms": 0.15654399991035461, "p90_ms": 0.15782399475574493}, "case": 0, "decision": {"predicted_ms": {"16": 0.161239153, "32": 0.16542915800000002, "64": 0.178696517, "128": 0.214718326}, "reason": "calibrated_score_with_guard_band", "resident_blocks_per_sm": {"16": 4, "32": 4, "64": 3, "128": 2}, "reuse_footprint_bytes": 21331968, "reuse_over_l2": 0.16082015810276679, "value_slice": 16}, "eager": {"count": 60, "median_ms": 0.1541759967803955, "p10_ms": 0.15401600301265717, "p90_ms": 0.15436799824237823}, "graph": {"count": 60, "median_ms": 0.14905600249767303, "p10_ms": 0.14892800152301788, "p90_ms": 0.14927999675273895}, "kind": "performance", "name": "baseline_auto", "repeat": 1, "shape": {"batch": 1, "fp32": false, "gate": null, "heads": 12, "lengths": null, "state_mode": "both", "tokens": 2048}}
{"cache_perturbed": {"count": 30, "median_ms": 0.21087999641895294, "p10_ms": 0.20988799631595612, "p90_ms": 0.21193599700927734}, "case": 0, "decision": {"reason": "environment_override", "value_slice": 128}, "eager": {"count": 60, "median_ms": 0.20739200711250305, "p10_ms": 0.20716799795627594, "p90_ms": 0.20758399367332458}, "graph": {"count": 60, "median_ms": 0.20230400562286377, "p10_ms": 0.20214399695396423, "p90_ms": 0.2024639993906021}, "kind": "performance", "name": "release_v128", "repeat": 1, "shape": {"batch": 1, "fp32": false, "gate": null, "heads": 12, "lengths": null, "state_mode": "both", "tokens": 2048}}
{"cache_perturbed": {"count": 30, "median_ms": 0.13019200414419174, "p10_ms": 0.12992000579833984, "p90_ms": 0.13123199343681335}, "case": 0, "decision": {"predicted_ms": {"16": 0.161239153, "32": 0.16542915800000002, "64": 0.178696517, "128": 0.214718326}, "reason": "calibrated_score_with_guard_band", "resident_blocks_per_sm": {"16": 4, "32": 4, "64": 3, "128": 2}, "reuse_footprint_bytes": 21331968, "reuse_over_l2": 0.16082015810276679, "value_slice": 16}, "eager": {"count": 60, "median_ms": 0.12753599882125854, "p10_ms": 0.1273919939994812, "p90_ms": 0.12771199643611908}, "graph": {"count": 60, "median_ms": 0.12243200093507767, "p10_ms": 0.12223999947309494, "p90_ms": 0.12246400117874146}, "kind": "performance", "name": "release_auto", "repeat": 1, "shape": {"batch": 1, "fp32": false, "gate": null, "heads": 12, "lengths": null, "state_mode": "both", "tokens": 2048}}
{"cache_perturbed": {"count": 30, "median_ms": 0.13022399693727493, "p10_ms": 0.12985600531101227, "p90_ms": 0.1311360001564026}, "case": 0, "decision": {"predicted_ms": {"16": 0.161239153, "32": 0.16542915800000002, "64": 0.178696517, "128": 0.214718326}, "reason": "calibrated_score_with_guard_band", "resident_blocks_per_sm": {"16": 4, "32": 4, "64": 3, "128": 2}, "reuse_footprint_bytes": 21331968, "reuse_over_l2": 0.16082015810276679, "value_slice": 16}, "eager": {"count": 60, "median_ms": 0.12755200266838074, "p10_ms": 0.12732799351215363, "p90_ms": 0.12771199643611908}, "graph": {"count": 60, "median_ms": 0.12243200093507767, "p10_ms": 0.12227199971675873, "p90_ms": 0.1225920021533966}, "kind": "performance", "name": "release_auto", "repeat": 2, "shape": {"batch": 1, "fp32": false, "gate": null, "heads": 12, "lengths": null, "state_mode": "both", "tokens": 2048}}
{"cache_perturbed": {"count": 30, "median_ms": 0.2104320004582405, "p10_ms": 0.20975999534130096, "p90_ms": 0.21196800470352173}, "case": 0, "decision": {"reason": "environment_override", "value_slice": 128}, "eager": {"count": 60, "median_ms": 0.20742399990558624, "p10_ms": 0.20723199844360352, "p90_ms": 0.20758399367332458}, "graph": {"count": 60, "median_ms": 0.20227199792861938, "p10_ms": 0.2022400051355362, "p90_ms": 0.2025279998779297}, "kind": "performance", "name": "release_v128", "repeat": 2, "shape": {"batch": 1, "fp32": false, "gate": null, "heads": 12, "lengths": null, "state_mode": "both", "tokens": 2048}}
{"cache_perturbed": {"count": 30, "median_ms": 0.15670399367809296, "p10_ms": 0.15651200711727142, "p90_ms": 0.1579200029373169}, "case": 0, "decision": {"predicted_ms": {"16": 0.161239153, "32": 0.16542915800000002, "64": 0.178696517, "128": 0.214718326}, "reason": "calibrated_score_with_guard_band", "resident_blocks_per_sm": {"16": 4, "32": 4, "64": 3, "128": 2}, "reuse_footprint_bytes": 21331968, "reuse_over_l2": 0.16082015810276679, "value_slice": 16}, "eager": {"count": 60, "median_ms": 0.1541759967803955, "p10_ms": 0.15404799580574036, "p90_ms": 0.15433600544929504}, "graph": {"count": 60, "median_ms": 0.14905600249767303, "p10_ms": 0.1488959938287735, "p90_ms": 0.14921599626541138}, "kind": "performance", "name": "baseline_auto", "repeat": 2, "shape": {"batch": 1, "fp32": false, "gate": null, "heads": 12, "lengths": null, "state_mode": "both", "tokens": 2048}}
{"case": 0, "kind": "shape_complete", "shape": {"batch": 1, "fp32": false, "gate": null, "heads": 12, "lengths": null, "state_mode": "both", "tokens": 2048}}
{"cache_perturbed": {"count": 30, "median_ms": 0.18539199978113174, "p10_ms": 0.1844159960746765, "p90_ms": 0.1884160041809082}, "case": 1, "decision": {"predicted_ms": {"16": 0.230188257, "32": 0.23597771850000002, "64": 0.2556324025, "128": 0.3096812775}, "reason": "calibrated_score_with_guard_band", "resident_blocks_per_sm": {"16": 4, "32": 4, "64": 3, "128": 2}, "reuse_footprint_bytes": 31997952, "reuse_over_l2": 0.2412302371541502, "value_slice": 16}, "eager": {"count": 60, "median_ms": 0.18275199830532074, "p10_ms": 0.18063999712467194, "p90_ms": 0.1849920004606247}, "graph": {"count": 60, "median_ms": 0.1817920058965683, "p10_ms": 0.18003199994564056, "p90_ms": 0.18185600638389587}, "kind": "performance", "name": "release_auto", "repeat": 0, "shape": {"batch": 1, "fp32": false, "gate": null, "heads": 12, "lengths": null, "state_mode": "both", "tokens": 3072}}
{"cache_perturbed": {"count": 30, "median_ms": 0.22580800205469131, "p10_ms": 0.22419199347496033, "p90_ms": 0.22739200294017792}, "case": 1, "decision": {"predicted_ms": {"16": 0.230188257, "32": 0.23597771850000002, "64": 0.2556324025, "128": 0.3096812775}, "reason": "calibrated_score_with_guard_band", "resident_blocks_per_sm": {"16": 4, "32": 4, "64": 3, "128": 2}, "reuse_footprint_bytes": 31997952, "reuse_over_l2": 0.2412302371541502, "value_slice": 16}, "eager": {"count": 60, "median_ms": 0.22377599775791168, "p10_ms": 0.22176000475883484, "p90_ms": 0.22592000663280487}, "graph": {"count": 60, "median_ms": 0.22073599696159363, "p10_ms": 0.22060799598693848, "p90_ms": 0.22259199619293213}, "kind": "performance", "name": "baseline_auto", "repeat": 0, "shape": {"batch": 1, "fp32": false, "gate": null, "heads": 12, "lengths": null, "state_mode": "both", "tokens": 3072}}
{"cache_perturbed": {"count": 30, "median_ms": 0.30617600679397583, "p10_ms": 0.3051519989967346, "p90_ms": 0.3073599934577942}, "case": 1, "decision": {"reason": "environment_override", "value_slice": 128}, "eager": {"count": 60, "median_ms": 0.30160000920295715, "p10_ms": 0.3014400005340576, "p90_ms": 0.3017919957637787}, "graph": {"count": 60, "median_ms": 0.2985279858112335, "p10_ms": 0.29843199253082275, "p90_ms": 0.29897600412368774}, "kind": "performance", "name": "release_v128", "repeat": 0, "shape": {"batch": 1, "fp32": false, "gate": null, "heads": 12, "lengths": null, "state_mode": "both", "tokens": 3072}}
{"cache_perturbed": {"count": 30, "median_ms": 0.22540800273418427, "p10_ms": 0.22416000068187714, "p90_ms": 0.22732800245285034}, "case": 1, "decision": {"predicted_ms": {"16": 0.230188257, "32": 0.23597771850000002, "64": 0.2556324025, "128": 0.3096812775}, "reason": "calibrated_score_with_guard_band", "resident_blocks_per_sm": {"16": 4, "32": 4, "64": 3, "128": 2}, "reuse_footprint_bytes": 31997952, "reuse_over_l2": 0.2412302371541502, "value_slice": 16}, "eager": {"count": 60, "median_ms": 0.22377599775791168, "p10_ms": 0.22169600427150726, "p90_ms": 0.2258560061454773}, "graph": {"count": 60, "median_ms": 0.22073599696159363, "p10_ms": 0.22060799598693848, "p90_ms": 0.22179199755191803}, "kind": "performance", "name": "baseline_auto", "repeat": 1, "shape": {"batch": 1, "fp32": false, "gate": null, "heads": 12, "lengths": null, "state_mode": "both", "tokens": 3072}}
{"cache_perturbed": {"count": 30, "median_ms": 0.1855039969086647, "p10_ms": 0.18432000279426575, "p90_ms": 0.18729600310325623}, "case": 1, "decision": {"predicted_ms": {"16": 0.230188257, "32": 0.23597771850000002, "64": 0.2556324025, "128": 0.3096812775}, "reason": "calibrated_score_with_guard_band", "resident_blocks_per_sm": {"16": 4, "32": 4, "64": 3, "128": 2}, "reuse_footprint_bytes": 31997952, "reuse_over_l2": 0.2412302371541502, "value_slice": 16}, "eager": {"count": 60, "median_ms": 0.18278400599956512, "p10_ms": 0.1807679980993271, "p90_ms": 0.1849920004606247}, "graph": {"count": 60, "median_ms": 0.1817920058965683, "p10_ms": 0.1799039989709854, "p90_ms": 0.18185600638389587}, "kind": "performance", "name": "release_auto", "repeat": 1, "shape": {"batch": 1, "fp32": false, "gate": null, "heads": 12, "lengths": null, "state_mode": "both", "tokens": 3072}}
{"cache_perturbed": {"count": 30, "median_ms": 0.3062559962272644, "p10_ms": 0.30508801341056824, "p90_ms": 0.3092480003833771}, "case": 1, "decision": {"reason": "environment_override", "value_slice": 128}, "eager": {"count": 60, "median_ms": 0.30163198709487915, "p10_ms": 0.301503986120224, "p90_ms": 0.3019520044326782}, "graph": {"count": 60, "median_ms": 0.2985599935054779, "p10_ms": 0.29846400022506714, "p90_ms": 0.2993920147418976}, "kind": "performance", "name": "release_v128", "repeat": 1, "shape": {"batch": 1, "fp32": false, "gate": null, "heads": 12, "lengths": null, "state_mode": "both", "tokens": 3072}}
{"cache_perturbed": {"count": 30, "median_ms": 0.22519999742507935, "p10_ms": 0.22419199347496033, "p90_ms": 0.22732800245285034}, "case": 1, "decision": {"predicted_ms": {"16": 0.230188257, "32": 0.23597771850000002, "64": 0.2556324025, "128": 0.3096812775}, "reason": "calibrated_score_with_guard_band", "resident_blocks_per_sm": {"16": 4, "32": 4, "64": 3, "128": 2}, "reuse_footprint_bytes": 31997952, "reuse_over_l2": 0.2412302371541502, "value_slice": 16}, "eager": {"count": 60, "median_ms": 0.22379200160503387, "p10_ms": 0.22169600427150726, "p90_ms": 0.22588799893856049}, "graph": {"count": 60, "median_ms": 0.22073599696159363, "p10_ms": 0.22060799598693848, "p90_ms": 0.22176000475883484}, "kind": "performance", "name": "baseline_auto", "repeat": 2, "shape": {"batch": 1, "fp32": false, "gate": null, "heads": 12, "lengths": null, "state_mode": "both", "tokens": 3072}}
{"cache_perturbed": {"count": 30, "median_ms": 0.18587200343608856, "p10_ms": 0.18345600366592407, "p90_ms": 0.1884160041809082}, "case": 1, "decision": {"predicted_ms": {"16": 0.230188257, "32": 0.23597771850000002, "64": 0.2556324025, "128": 0.3096812775}, "reason": "calibrated_score_with_guard_band", "resident_blocks_per_sm": {"16": 4, "32": 4, "64": 3, "128": 2}, "reuse_footprint_bytes": 31997952, "reuse_over_l2": 0.2412302371541502, "value_slice": 16}, "eager": {"count": 60, "median_ms": 0.1828320026397705, "p10_ms": 0.18080000579357147, "p90_ms": 0.18489600718021393}, "graph": {"count": 60, "median_ms": 0.1817920058965683, "p10_ms": 0.17977599799633026, "p90_ms": 0.18185600638389587}, "kind": "performance", "name": "release_auto", "repeat": 2, "shape": {"batch": 1, "fp32": false, "gate": null, "heads": 12, "lengths": null, "state_mode": "both", "tokens": 3072}}
{"cache_perturbed": {"count": 30, "median_ms": 0.3062399923801422, "p10_ms": 0.30505600571632385, "p90_ms": 0.3091520071029663}, "case": 1, "decision": {"reason": "environment_override", "value_slice": 128}, "eager": {"count": 60, "median_ms": 0.30160000920295715, "p10_ms": 0.301472008228302, "p90_ms": 0.3017919957637787}, "graph": {"count": 60, "median_ms": 0.2985599935054779, "p10_ms": 0.29836800694465637, "p90_ms": 0.2987520098686218}, "kind": "performance", "name": "release_v128", "repeat": 2, "shape": {"batch": 1, "fp32": false, "gate": null, "heads": 12, "lengths": null, "state_mode": "both", "tokens": 3072}}
{"case": 1, "kind": "shape_complete", "shape": {"batch": 1, "fp32": false, "gate": null, "heads": 12, "lengths": null, "state_mode": "both", "tokens": 3072}}
{"cache_perturbed": {"count": 30, "median_ms": 0.4004639983177185, "p10_ms": 0.4002560079097748, "p90_ms": 0.40169599652290344}, "case": 2, "decision": {"reason": "environment_override", "value_slice": 128}, "eager": {"count": 60, "median_ms": 0.39982399344444275, "p10_ms": 0.3978559970855713, "p90_ms": 0.401856005191803}, "graph": {"count": 60, "median_ms": 0.39481601119041443, "p10_ms": 0.3946880102157593, "p90_ms": 0.39583998918533325}, "kind": "performance", "name": "release_v128", "repeat": 0, "shape": {"batch": 1, "fp32": false, "gate": null, "heads": 12, "lengths": null, "state_mode": "both", "tokens": 4096}}
{"cache_perturbed": {"count": 30, "median_ms": 0.2940479964017868, "p10_ms": 0.2938239872455597, "p90_ms": 0.29600000381469727}, "case": 2, "decision": {"predicted_ms": {"16": 0.299137361, "32": 0.306526279, "64": 0.332568288, "128": 0.40464422899999997}, "reason": "calibrated_score_with_guard_band", "resident_blocks_per_sm": {"16": 4, "32": 4, "64": 3, "128": 2}, "reuse_footprint_bytes": 42663936, "reuse_over_l2": 0.32164031620553357, "value_slice": 16}, "eager": {"count": 60, "median_ms": 0.2940479964017868, "p10_ms": 0.29337599873542786, "p90_ms": 0.29555198550224304}, "graph": {"count": 60, "median_ms": 0.290336012840271, "p10_ms": 0.2900800108909607, "p90_ms": 0.29049599170684814}, "kind": "performance", "name": "baseline_auto", "repeat": 0, "shape": {"batch": 1, "fp32": false, "gate": null, "heads": 12, "lengths": null, "state_mode": "both", "tokens": 4096}}
{"cache_perturbed": {"count": 30, "median_ms": 0.23916799575090408, "p10_ms": 0.23852799832820892, "p90_ms": 0.24076800048351288}, "case": 2, "decision": {"predicted_ms": {"16": 0.299137361, "32": 0.306526279, "64": 0.332568288, "128": 0.40464422899999997}, "reason": "calibrated_score_with_guard_band", "resident_blocks_per_sm": {"16": 4, "32": 4, "64": 3, "128": 2}, "reuse_footprint_bytes": 42663936, "reuse_over_l2": 0.32164031620553357, "value_slice": 16}, "eager": {"count": 60, "median_ms": 0.239887997508049, "p10_ms": 0.23801599442958832, "p90_ms": 0.24035200476646423}, "graph": {"count": 60, "median_ms": 0.23708799481391907, "p10_ms": 0.23507200181484222, "p90_ms": 0.23715199530124664}, "kind": "performance", "name": "release_auto", "repeat": 0, "shape": {"batch": 1, "fp32": false, "gate": null, "heads": 12, "lengths": null, "state_mode": "both", "tokens": 4096}}
{"cache_perturbed": {"count": 30, "median_ms": 0.2941119968891144, "p10_ms": 0.2937600016593933, "p90_ms": 0.2951039969921112}, "case": 2, "decision": {"predicted_ms": {"16": 0.299137361, "32": 0.306526279, "64": 0.332568288, "128": 0.40464422899999997}, "reason": "calibrated_score_with_guard_band", "resident_blocks_per_sm": {"16": 4, "32": 4, "64": 3, "128": 2}, "reuse_footprint_bytes": 42663936, "reuse_over_l2": 0.32164031620553357, "value_slice": 16}, "eager": {"count": 60, "median_ms": 0.29465600848197937, "p10_ms": 0.2932800054550171, "p90_ms": 0.2957119941711426}, "graph": {"count": 60, "median_ms": 0.290336012840271, "p10_ms": 0.29017600417137146, "p90_ms": 0.29052799940109253}, "kind": "performance", "name": "baseline_auto", "repeat": 1, "shape": {"batch": 1, "fp32": false, "gate": null, "heads": 12, "lengths": null, "state_mode": "both", "tokens": 4096}}
{"cache_perturbed": {"count": 30, "median_ms": 0.23862400650978088, "p10_ms": 0.23849600553512573, "p90_ms": 0.2406720072031021}, "case": 2, "decision": {"predicted_ms": {"16": 0.299137361, "32": 0.306526279, "64": 0.332568288, "128": 0.40464422899999997}, "reason": "calibrated_score_with_guard_band", "resident_blocks_per_sm": {"16": 4, "32": 4, "64": 3, "128": 2}, "reuse_footprint_bytes": 42663936, "reuse_over_l2": 0.32164031620553357, "value_slice": 16}, "eager": {"count": 60, "median_ms": 0.2399519979953766, "p10_ms": 0.2380799949169159, "p90_ms": 0.24028800427913666}, "graph": {"count": 60, "median_ms": 0.2370079979300499, "p10_ms": 0.23503999412059784, "p90_ms": 0.23715199530124664}, "kind": "performance", "name": "release_auto", "repeat": 1, "shape": {"batch": 1, "fp32": false, "gate": null, "heads": 12, "lengths": null, "state_mode": "both", "tokens": 4096}}
{"cache_perturbed": {"count": 30, "median_ms": 0.4004160016775131, "p10_ms": 0.40009599924087524, "p90_ms": 0.40166398882865906}, "case": 2, "decision": {"reason": "environment_override", "value_slice": 128}, "eager": {"count": 60, "median_ms": 0.39979200065135956, "p10_ms": 0.3977920114994049, "p90_ms": 0.40195199847221375}, "graph": {"count": 60, "median_ms": 0.39481601119041443, "p10_ms": 0.39475199580192566, "p90_ms": 0.3968000113964081}, "kind": "performance", "name": "release_v128", "repeat": 1, "shape": {"batch": 1, "fp32": false, "gate": null, "heads": 12, "lengths": null, "state_mode": "both", "tokens": 4096}}
{"cache_perturbed": {"count": 30, "median_ms": 0.40089599788188934, "p10_ms": 0.4002240002155304, "p90_ms": 0.4023999869823456}, "case": 2, "decision": {"reason": "environment_override", "value_slice": 128}, "eager": {"count": 60, "median_ms": 0.39980798959732056, "p10_ms": 0.3978239893913269, "p90_ms": 0.40188801288604736}, "graph": {"count": 60, "median_ms": 0.39481601119041443, "p10_ms": 0.3947199881076813, "p90_ms": 0.3967039883136749}, "kind": "performance", "name": "release_v128", "repeat": 2, "shape": {"batch": 1, "fp32": false, "gate": null, "heads": 12, "lengths": null, "state_mode": "both", "tokens": 4096}}
{"cache_perturbed": {"count": 30, "median_ms": 0.2948639988899231, "p10_ms": 0.2935999929904938, "p90_ms": 0.29603201150894165}, "case": 2, "decision": {"predicted_ms": {"16": 0.299137361, "32": 0.306526279, "64": 0.332568288, "128": 0.40464422899999997}, "reason": "calibrated_score_with_guard_band", "resident_blocks_per_sm": {"16": 4, "32": 4, "64": 3, "128": 2}, "reuse_footprint_bytes": 42663936, "reuse_over_l2": 0.32164031620553357, "value_slice": 16}, "eager": {"count": 60, "median_ms": 0.29364800453186035, "p10_ms": 0.29337599873542786, "p90_ms": 0.2955839931964874}, "graph": {"count": 60, "median_ms": 0.290367990732193, "p10_ms": 0.2901439964771271, "p90_ms": 0.29049599170684814}, "kind": "performance", "name": "baseline_auto", "repeat": 2, "shape": {"batch": 1, "fp32": false, "gate": null, "heads": 12, "lengths": null, "state_mode": "both", "tokens": 4096}}
{"cache_perturbed": {"count": 30, "median_ms": 0.23951999843120575, "p10_ms": 0.23846399784088135, "p90_ms": 0.24057599902153015}, "case": 2, "decision": {"predicted_ms": {"16": 0.299137361, "32": 0.306526279, "64": 0.332568288, "128": 0.40464422899999997}, "reason": "calibrated_score_with_guard_band", "resident_blocks_per_sm": {"16": 4, "32": 4, "64": 3, "128": 2}, "reuse_footprint_bytes": 42663936, "reuse_over_l2": 0.32164031620553357, "value_slice": 16}, "eager": {"count": 60, "median_ms": 0.23836800456047058, "p10_ms": 0.23801599442958832, "p90_ms": 0.24028800427913666}, "graph": {"count": 60, "median_ms": 0.23707199841737747, "p10_ms": 0.23503999412059784, "p90_ms": 0.23715199530124664}, "kind": "performance", "name": "release_auto", "repeat": 2, "shape": {"batch": 1, "fp32": false, "gate": null, "heads": 12, "lengths": null, "state_mode": "both", "tokens": 4096}}
{"case": 2, "kind": "shape_complete", "shape": {"batch": 1, "fp32": false, "gate": null, "heads": 12, "lengths": null, "state_mode": "both", "tokens": 4096}}
{"cache_perturbed": {"count": 30, "median_ms": 0.34916800260543823, "p10_ms": 0.3489919900894165, "p90_ms": 0.3522239923477173}, "case": 3, "decision": {"predicted_ms": {"16": 0.4367190755, "32": 0.44739335, "64": 0.4856128605, "128": 0.5942946645}, "reason": "calibrated_score_with_guard_band", "resident_blocks_per_sm": {"16": 4, "32": 4, "64": 3, "128": 2}, "reuse_footprint_bytes": 63995904, "reuse_over_l2": 0.4824604743083004, "value_slice": 16}, "eager": {"count": 60, "median_ms": 0.34971199929714203, "p10_ms": 0.34863999485969543, "p90_ms": 0.350816011428833}, "graph": {"count": 60, "median_ms": 0.34566399455070496, "p10_ms": 0.3454720079898834, "p90_ms": 0.34649598598480225}, "kind": "performance", "name": "release_auto", "repeat": 0, "shape": {"batch": 1, "fp32": false, "gate": null, "heads": 12, "lengths": null, "state_mode": "both", "tokens": 6144}}
{"cache_perturbed": {"count": 30, "median_ms": 0.43214400112628937, "p10_ms": 0.4310399889945984, "p90_ms": 0.4344319999217987}, "case": 3, "decision": {"predicted_ms": {"16": 0.4367190755, "32": 0.44739335, "64": 0.4856128605, "128": 0.5942946645}, "reason": "calibrated_score_with_guard_band", "resident_blocks_per_sm": {"16": 4, "32": 4, "64": 3, "128": 2}, "reuse_footprint_bytes": 63995904, "reuse_over_l2": 0.4824604743083004, "value_slice": 16}, "eager": {"count": 60, "median_ms": 0.4326080083847046, "p10_ms": 0.43065598607063293, "p90_ms": 0.4328320026397705}, "graph": {"count": 60, "median_ms": 0.4296320080757141, "p10_ms": 0.4294399917125702, "p90_ms": 0.43065598607063293}, "kind": "performance", "name": "baseline_auto", "repeat": 0, "shape": {"batch": 1, "fp32": false, "gate": null, "heads": 12, "lengths": null, "state_mode": "both", "tokens": 6144}}
{"cache_perturbed": {"count": 30, "median_ms": 0.5929279923439026, "p10_ms": 0.5909759998321533, "p90_ms": 0.5959360003471375}, "case": 3, "decision": {"reason": "environment_override", "value_slice": 128}, "eager": {"count": 60, "median_ms": 0.5924479961395264, "p10_ms": 0.5904639959335327, "p90_ms": 0.5945600271224976}, "graph": {"count": 60, "median_ms": 0.5893440246582031, "p10_ms": 0.5883200168609619, "p90_ms": 0.5902720093727112}, "kind": "performance", "name": "release_v128", "repeat": 0, "shape": {"batch": 1, "fp32": false, "gate": null, "heads": 12, "lengths": null, "state_mode": "both", "tokens": 6144}}
{"cache_perturbed": {"count": 30, "median_ms": 0.3492320030927658, "p10_ms": 0.3484799861907959, "p90_ms": 0.3510400056838989}, "case": 3, "decision": {"predicted_ms": {"16": 0.4367190755, "32": 0.44739335, "64": 0.4856128605, "128": 0.5942946645}, "reason": "calibrated_score_with_guard_band", "resident_blocks_per_sm": {"16": 4, "32": 4, "64": 3, "128": 2}, "reuse_footprint_bytes": 63995904, "reuse_over_l2": 0.4824604743083004, "value_slice": 16}, "eager": {"count": 60, "median_ms": 0.349727988243103, "p10_ms": 0.3484799861907959, "p90_ms": 0.3508799970149994}, "graph": {"count": 60, "median_ms": 0.34566399455070496, "p10_ms": 0.34544000029563904, "p90_ms": 0.3458879888057709}, "kind": "performance", "name": "release_auto", "repeat": 1, "shape": {"batch": 1, "fp32": false, "gate": null, "heads": 12, "lengths": null, "state_mode": "both", "tokens": 6144}}
{"cache_perturbed": {"count": 30, "median_ms": 0.5930399894714355, "p10_ms": 0.5908480286598206, "p90_ms": 0.5959680080413818}, "case": 3, "decision": {"reason": "environment_override", "value_slice": 128}, "eager": {"count": 60, "median_ms": 0.5925280153751373, "p10_ms": 0.5913280248641968, "p90_ms": 0.5945280194282532}, "graph": {"count": 60, "median_ms": 0.5893759727478027, "p10_ms": 0.5884479880332947, "p90_ms": 0.5902079939842224}, "kind": "performance", "name": "release_v128", "repeat": 1, "shape": {"batch": 1, "fp32": false, "gate": null, "heads": 12, "lengths": null, "state_mode": "both", "tokens": 6144}}
{"cache_perturbed": {"count": 30, "median_ms": 0.4326400011777878, "p10_ms": 0.43110400438308716, "p90_ms": 0.4343999922275543}, "case": 3, "decision": {"predicted_ms": {"16": 0.4367190755, "32": 0.44739335, "64": 0.4856128605, "128": 0.5942946645}, "reason": "calibrated_score_with_guard_band", "resident_blocks_per_sm": {"16": 4, "32": 4, "64": 3, "128": 2}, "reuse_footprint_bytes": 63995904, "reuse_over_l2": 0.4824604743083004, "value_slice": 16}, "eager": {"count": 60, "median_ms": 0.4326239973306656, "p10_ms": 0.43065598607063293, "p90_ms": 0.43302398920059204}, "graph": {"count": 60, "median_ms": 0.4297280013561249, "p10_ms": 0.42873600125312805, "p90_ms": 0.43062400817871094}, "kind": "performance", "name": "baseline_auto", "repeat": 1, "shape": {"batch": 1, "fp32": false, "gate": null, "heads": 12, "lengths": null, "state_mode": "both", "tokens": 6144}}
{"cache_perturbed": {"count": 30, "median_ms": 0.3492000102996826, "p10_ms": 0.34812799096107483, "p90_ms": 0.3521279990673065}, "case": 3, "decision": {"predicted_ms": {"16": 0.4367190755, "32": 0.44739335, "64": 0.4856128605, "128": 0.5942946645}, "reason": "calibrated_score_with_guard_band", "resident_blocks_per_sm": {"16": 4, "32": 4, "64": 3, "128": 2}, "reuse_footprint_bytes": 63995904, "reuse_over_l2": 0.4824604743083004, "value_slice": 16}, "eager": {"count": 60, "median_ms": 0.3490400016307831, "p10_ms": 0.34863999485969543, "p90_ms": 0.3508799970149994}, "graph": {"count": 60, "median_ms": 0.34564799070358276, "p10_ms": 0.34463998675346375, "p90_ms": 0.3457919955253601}, "kind": "performance", "name": "release_auto", "repeat": 2, "shape": {"batch": 1, "fp32": false, "gate": null, "heads": 12, "lengths": null, "state_mode": "both", "tokens": 6144}}
{"cache_perturbed": {"count": 30, "median_ms": 0.5938079953193665, "p10_ms": 0.5926719903945923, "p90_ms": 0.5949119925498962}, "case": 3, "decision": {"reason": "environment_override", "value_slice": 128}, "eager": {"count": 60, "median_ms": 0.5924960076808929, "p10_ms": 0.5903679728507996, "p90_ms": 0.5945280194282532}, "graph": {"count": 60, "median_ms": 0.5893759727478027, "p10_ms": 0.5891519784927368, "p90_ms": 0.5903679728507996}, "kind": "performance", "name": "release_v128", "repeat": 2, "shape": {"batch": 1, "fp32": false, "gate": null, "heads": 12, "lengths": null, "state_mode": "both", "tokens": 6144}}
{"cache_perturbed": {"count": 30, "median_ms": 0.43219199776649475, "p10_ms": 0.4310719966888428, "p90_ms": 0.43430399894714355}, "case": 3, "decision": {"predicted_ms": {"16": 0.4367190755, "32": 0.44739335, "64": 0.4856128605, "128": 0.5942946645}, "reason": "calibrated_score_with_guard_band", "resident_blocks_per_sm": {"16": 4, "32": 4, "64": 3, "128": 2}, "reuse_footprint_bytes": 63995904, "reuse_over_l2": 0.4824604743083004, "value_slice": 16}, "eager": {"count": 60, "median_ms": 0.43252798914909363, "p10_ms": 0.43062400817871094, "p90_ms": 0.4328959882259369}, "graph": {"count": 60, "median_ms": 0.4296320080757141, "p10_ms": 0.4294399917125702, "p90_ms": 0.43059200048446655}, "kind": "performance", "name": "baseline_auto", "repeat": 2, "shape": {"batch": 1, "fp32": false, "gate": null, "heads": 12, "lengths": null, "state_mode": "both", "tokens": 6144}}
{"case": 3, "kind": "shape_complete", "shape": {"batch": 1, "fp32": false, "gate": null, "heads": 12, "lengths": null, "state_mode": "both", "tokens": 6144}}
{"cache_perturbed": {"count": 30, "median_ms": 0.5713759958744049, "p10_ms": 0.5694400072097778, "p90_ms": 0.5725759863853455}, "case": 4, "decision": {"predicted_ms": {"16": 0.5743007899999999, "32": 0.588260421, "64": 0.638657433, "128": 0.7839451}, "reason": "calibrated_score_with_guard_band", "resident_blocks_per_sm": {"16": 4, "32": 4, "64": 3, "128": 2}, "reuse_footprint_bytes": 85327872, "reuse_over_l2": 0.6432806324110671, "value_slice": 16}, "eager": {"count": 60, "median_ms": 0.5697120130062103, "p10_ms": 0.5678399801254272, "p90_ms": 0.5709120035171509}, "graph": {"count": 60, "median_ms": 0.566815972328186, "p10_ms": 0.5657600164413452, "p90_ms": 0.5669119954109192}, "kind": "performance", "name": "baseline_auto", "repeat": 0, "shape": {"batch": 1, "fp32": false, "gate": null, "heads": 12, "lengths": null, "state_mode": "both", "tokens": 8192}}
{"cache_perturbed": {"count": 30, "median_ms": 0.45974400639533997, "p10_ms": 0.4578559994697571, "p90_ms": 0.46195200085639954}, "case": 4, "decision": {"predicted_ms": {"16": 0.5743007899999999, "32": 0.588260421, "64": 0.638657433, "128": 0.7839451}, "reason": "calibrated_score_with_guard_band", "resident_blocks_per_sm": {"16": 4, "32": 4, "64": 3, "128": 2}, "reuse_footprint_bytes": 85327872, "reuse_over_l2": 0.6432806324110671, "value_slice": 16}, "eager": {"count": 60, "median_ms": 0.4591839909553528, "p10_ms": 0.4572480022907257, "p90_ms": 0.4594239890575409}, "graph": {"count": 60, "median_ms": 0.4543040096759796, "p10_ms": 0.4541440010070801, "p90_ms": 0.4562560021877289}, "kind": "performance", "name": "release_auto", "repeat": 0, "shape": {"batch": 1, "fp32": false, "gate": null, "heads": 12, "lengths": null, "state_mode": "both", "tokens": 8192}}
{"cache_perturbed": {"count": 30, "median_ms": 0.7855039834976196, "p10_ms": 0.78438401222229, "p90_ms": 0.7875840067863464}, "case": 4, "decision": {"reason": "environment_override", "value_slice": 128}, "eager": {"count": 60, "median_ms": 0.784063994884491, "p10_ms": 0.7828159928321838, "p90_ms": 0.785152018070221}, "graph": {"count": 60, "median_ms": 0.7809600234031677, "p10_ms": 0.7799040079116821, "p90_ms": 0.7819839715957642}, "kind": "performance", "name": "release_v128", "repeat": 0, "shape": {"batch": 1, "fp32": false, "gate": null, "heads": 12, "lengths": null, "state_mode": "both", "tokens": 8192}}
{"cache_perturbed": {"count": 30, "median_ms": 0.4598560035228729, "p10_ms": 0.4588159918785095, "p90_ms": 0.46268799901008606}, "case": 4, "decision": {"predicted_ms": {"16": 0.5743007899999999, "32": 0.588260421, "64": 0.638657433, "128": 0.7839451}, "reason": "calibrated_score_with_guard_band", "resident_blocks_per_sm": {"16": 4, "32": 4, "64": 3, "128": 2}, "reuse_footprint_bytes": 85327872, "reuse_over_l2": 0.6432806324110671, "value_slice": 16}, "eager": {"count": 60, "median_ms": 0.45923200249671936, "p10_ms": 0.4572800099849701, "p90_ms": 0.45952001214027405}, "graph": {"count": 60, "median_ms": 0.4543040096759796, "p10_ms": 0.45427200198173523, "p90_ms": 0.45635199546813965}, "kind": "performance", "name": "release_auto", "repeat": 1, "shape": {"batch": 1, "fp32": false, "gate": null, "heads": 12, "lengths": null, "state_mode": "both", "tokens": 8192}}
{"cache_perturbed": {"count": 30, "median_ms": 0.5713759958744049, "p10_ms": 0.5693759918212891, "p90_ms": 0.5744320154190063}, "case": 4, "decision": {"predicted_ms": {"16": 0.5743007899999999, "32": 0.588260421, "64": 0.638657433, "128": 0.7839451}, "reason": "calibrated_score_with_guard_band", "resident_blocks_per_sm": {"16": 4, "32": 4, "64": 3, "128": 2}, "reuse_footprint_bytes": 85327872, "reuse_over_l2": 0.6432806324110671, "value_slice": 16}, "eager": {"count": 60, "median_ms": 0.5698239803314209, "p10_ms": 0.5678719878196716, "p90_ms": 0.5709760189056396}, "graph": {"count": 60, "median_ms": 0.5667680203914642, "p10_ms": 0.5658239722251892, "p90_ms": 0.5670400261878967}, "kind": "performance", "name": "baseline_auto", "repeat": 1, "shape": {"batch": 1, "fp32": false, "gate": null, "heads": 12, "lengths": null, "state_mode": "both", "tokens": 8192}}
{"cache_perturbed": {"count": 30, "median_ms": 0.7854240238666534, "p10_ms": 0.78438401222229, "p90_ms": 0.786624014377594}, "case": 4, "decision": {"reason": "environment_override", "value_slice": 128}, "eager": {"count": 60, "median_ms": 0.7848320007324219, "p10_ms": 0.7828159928321838, "p90_ms": 0.7851200103759766}, "graph": {"count": 60, "median_ms": 0.7809759974479675, "p10_ms": 0.7799040079116821, "p90_ms": 0.7820159792900085}, "kind": "performance", "name": "release_v128", "repeat": 1, "shape": {"batch": 1, "fp32": false, "gate": null, "heads": 12, "lengths": null, "state_mode": "both", "tokens": 8192}}
{"cache_perturbed": {"count": 30, "median_ms": 0.785535991191864, "p10_ms": 0.7844160199165344, "p90_ms": 0.7876160144805908}, "case": 4, "decision": {"reason": "environment_override", "value_slice": 128}, "eager": {"count": 60, "median_ms": 0.7848159968852997, "p10_ms": 0.7827839851379395, "p90_ms": 0.7860479950904846}, "graph": {"count": 60, "median_ms": 0.7809600234031677, "p10_ms": 0.7799040079116821, "p90_ms": 0.7819839715957642}, "kind": "performance", "name": "release_v128", "repeat": 2, "shape": {"batch": 1, "fp32": false, "gate": null, "heads": 12, "lengths": null, "state_mode": "both", "tokens": 8192}}
{"cache_perturbed": {"count": 30, "median_ms": 0.5713439881801605, "p10_ms": 0.5695040225982666, "p90_ms": 0.5724160075187683}, "case": 4, "decision": {"predicted_ms": {"16": 0.5743007899999999, "32": 0.588260421, "64": 0.638657433, "128": 0.7839451}, "reason": "calibrated_score_with_guard_band", "resident_blocks_per_sm": {"16": 4, "32": 4, "64": 3, "128": 2}, "reuse_footprint_bytes": 85327872, "reuse_over_l2": 0.6432806324110671, "value_slice": 16}, "eager": {"count": 60, "median_ms": 0.5694079995155334, "p10_ms": 0.567903995513916, "p90_ms": 0.5709440112113953}, "graph": {"count": 60, "median_ms": 0.5669119954109192, "p10_ms": 0.565887987613678, "p90_ms": 0.566976010799408}, "kind": "performance", "name": "baseline_auto", "repeat": 2, "shape": {"batch": 1, "fp32": false, "gate": null, "heads": 12, "lengths": null, "state_mode": "both", "tokens": 8192}}
{"cache_perturbed": {"count": 30, "median_ms": 0.45980799198150635, "p10_ms": 0.45772799849510193, "p90_ms": 0.4609600007534027}, "case": 4, "decision": {"predicted_ms": {"16": 0.5743007899999999, "32": 0.588260421, "64": 0.638657433, "128": 0.7839451}, "reason": "calibrated_score_with_guard_band", "resident_blocks_per_sm": {"16": 4, "32": 4, "64": 3, "128": 2}, "reuse_footprint_bytes": 85327872, "reuse_over_l2": 0.6432806324110671, "value_slice": 16}, "eager": {"count": 60, "median_ms": 0.4591040015220642, "p10_ms": 0.4572159945964813, "p90_ms": 0.45958399772644043}, "graph": {"count": 60, "median_ms": 0.4543040096759796, "p10_ms": 0.45423999428749084, "p90_ms": 0.4561600089073181}, "kind": "performance", "name": "release_auto", "repeat": 2, "shape": {"batch": 1, "fp32": false, "gate": null, "heads": 12, "lengths": null, "state_mode": "both", "tokens": 8192}}
{"case": 4, "kind": "shape_complete", "shape": {"batch": 1, "fp32": false, "gate": null, "heads": 12, "lengths": null, "state_mode": "both", "tokens": 8192}}
{"cache_perturbed": {"count": 30, "median_ms": 1.5451359748840332, "p10_ms": 1.5431679487228394, "p90_ms": 1.5472960472106934}, "case": 5, "decision": {"reason": "environment_override", "value_slice": 128}, "eager": {"count": 60, "median_ms": 1.543824017047882, "p10_ms": 1.5417920351028442, "p90_ms": 1.5451200008392334}, "graph": {"count": 60, "median_ms": 1.5406399965286255, "p10_ms": 1.5395519733428955, "p90_ms": 1.5418239831924438}, "kind": "performance", "name": "release_v128", "repeat": 0, "shape": {"batch": 1, "fp32": false, "gate": null, "heads": 12, "lengths": null, "state_mode": "both", "tokens": 16384}}
{"cache_perturbed": {"count": 30, "median_ms": 1.545151948928833, "p10_ms": 1.5432000160217285, "p90_ms": 1.5472960472106934}, "case": 5, "decision": {"predicted_ms": {}, "reason": "recurrence_length_not_calibrated", "resident_blocks_per_sm": {}, "reuse_footprint_bytes": 170655744, "reuse_over_l2": 1.2865612648221343, "value_slice": 128}, "eager": {"count": 60, "median_ms": 1.5428959727287292, "p10_ms": 1.540768027305603, "p90_ms": 1.5448960065841675}, "graph": {"count": 60, "median_ms": 1.540768027305603, "p10_ms": 1.5406399965286255, "p90_ms": 1.5427199602127075}, "kind": "performance", "name": "baseline_auto", "repeat": 0, "shape": {"batch": 1, "fp32": false, "gate": null, "heads": 12, "lengths": null, "state_mode": "both", "tokens": 16384}}
{"cache_perturbed": {"count": 30, "median_ms": 1.545199990272522, "p10_ms": 1.543071985244751, "p90_ms": 1.547327995300293}, "case": 5, "decision": {"predicted_ms": {}, "reason": "recurrence_length_not_calibrated", "resident_blocks_per_sm": {}, "reuse_footprint_bytes": 170655744, "reuse_over_l2": 1.2865612648221343, "value_slice": 128}, "eager": {"count": 60, "median_ms": 1.5437440276145935, "p10_ms": 1.5417920351028442, "p90_ms": 1.5449919700622559}, "graph": {"count": 60, "median_ms": 1.5386879444122314, "p10_ms": 1.5375679731369019, "p90_ms": 1.5407359600067139}, "kind": "performance", "name": "release_auto", "repeat": 0, "shape": {"batch": 1, "fp32": false, "gate": null, "heads": 12, "lengths": null, "state_mode": "both", "tokens": 16384}}
{"cache_perturbed": {"count": 30, "median_ms": 1.5452160239219666, "p10_ms": 1.5432000160217285, "p90_ms": 1.5472320318222046}, "case": 5, "decision": {"reason": "environment_override", "value_slice": 128}, "eager": {"count": 60, "median_ms": 1.5429439544677734, "p10_ms": 1.5416959524154663, "p90_ms": 1.5456960201263428}, "graph": {"count": 60, "median_ms": 1.5406399965286255, "p10_ms": 1.539520025253296, "p90_ms": 1.5416640043258667}, "kind": "performance", "name": "release_v128", "repeat": 1, "shape": {"batch": 1, "fp32": false, "gate": null, "heads": 12, "lengths": null, "state_mode": "both", "tokens": 16384}}
{"cache_perturbed": {"count": 30, "median_ms": 1.545199990272522, "p10_ms": 1.5431360006332397, "p90_ms": 1.5473599433898926}, "case": 5, "decision": {"predicted_ms": {}, "reason": "recurrence_length_not_calibrated", "resident_blocks_per_sm": {}, "reuse_footprint_bytes": 170655744, "reuse_over_l2": 1.2865612648221343, "value_slice": 128}, "eager": {"count": 60, "median_ms": 1.5429279804229736, "p10_ms": 1.5416959524154663, "p90_ms": 1.5448960065841675}, "graph": {"count": 60, "median_ms": 1.5387200117111206, "p10_ms": 1.5376319885253906, "p90_ms": 1.5406080484390259}, "kind": "performance", "name": "release_auto", "repeat": 1, "shape": {"batch": 1, "fp32": false, "gate": null, "heads": 12, "lengths": null, "state_mode": "both", "tokens": 16384}}
{"cache_perturbed": {"count": 30, "median_ms": 1.5452159643173218, "p10_ms": 1.5431679487228394, "p90_ms": 1.5473599433898926}, "case": 5, "decision": {"predicted_ms": {}, "reason": "recurrence_length_not_calibrated", "resident_blocks_per_sm": {}, "reuse_footprint_bytes": 170655744, "reuse_over_l2": 1.2865612648221343, "value_slice": 128}, "eager": {"count": 60, "median_ms": 1.5429439544677734, "p10_ms": 1.5419520139694214, "p90_ms": 1.5449600219726562}, "graph": {"count": 60, "median_ms": 1.540768027305603, "p10_ms": 1.5397440195083618, "p90_ms": 1.5427839756011963}, "kind": "performance", "name": "baseline_auto", "repeat": 1, "shape": {"batch": 1, "fp32": false, "gate": null, "heads": 12, "lengths": null, "state_mode": "both", "tokens": 16384}}
{"cache_perturbed": {"count": 30, "median_ms": 1.5446879863739014, "p10_ms": 1.5431679487228394, "p90_ms": 1.5472639799118042}, "case": 5, "decision": {"reason": "environment_override", "value_slice": 128}, "eager": {"count": 60, "median_ms": 1.5438400506973267, "p10_ms": 1.540768027305603, "p90_ms": 1.545024037361145}, "graph": {"count": 60, "median_ms": 1.540719985961914, "p10_ms": 1.5396159887313843, "p90_ms": 1.541759967803955}, "kind": "performance", "name": "release_v128", "repeat": 2, "shape": {"batch": 1, "fp32": false, "gate": null, "heads": 12, "lengths": null, "state_mode": "both", "tokens": 16384}}
{"cache_perturbed": {"count": 30, "median_ms": 1.5452319979667664, "p10_ms": 1.543295979499817, "p90_ms": 1.5471680164337158}, "case": 5, "decision": {"predicted_ms": {}, "reason": "recurrence_length_not_calibrated", "resident_blocks_per_sm": {}, "reuse_footprint_bytes": 170655744, "reuse_over_l2": 1.2865612648221343, "value_slice": 128}, "eager": {"count": 60, "median_ms": 1.5436320304870605, "p10_ms": 1.542464017868042, "p90_ms": 1.544927954673767}, "graph": {"count": 60, "median_ms": 1.540768027305603, "p10_ms": 1.5405759811401367, "p90_ms": 1.5427839756011963}, "kind": "performance", "name": "baseline_auto", "repeat": 2, "shape": {"batch": 1, "fp32": false, "gate": null, "heads": 12, "lengths": null, "state_mode": "both", "tokens": 16384}}
{"cache_perturbed": {"count": 30, "median_ms": 1.545248031616211, "p10_ms": 1.5439679622650146, "p90_ms": 1.5472639799118042}, "case": 5, "decision": {"predicted_ms": {}, "reason": "recurrence_length_not_calibrated", "resident_blocks_per_sm": {}, "reuse_footprint_bytes": 170655744, "reuse_over_l2": 1.2865612648221343, "value_slice": 128}, "eager": {"count": 60, "median_ms": 1.5429280400276184, "p10_ms": 1.5408320426940918, "p90_ms": 1.5450559854507446}, "graph": {"count": 60, "median_ms": 1.5387200117111206, "p10_ms": 1.537727952003479, "p90_ms": 1.540768027305603}, "kind": "performance", "name": "release_auto", "repeat": 2, "shape": {"batch": 1, "fp32": false, "gate": null, "heads": 12, "lengths": null, "state_mode": "both", "tokens": 16384}}
{"case": 5, "kind": "shape_complete", "shape": {"batch": 1, "fp32": false, "gate": null, "heads": 12, "lengths": null, "state_mode": "both", "tokens": 16384}}
{"cache_perturbed": {"count": 30, "median_ms": 0.5755839943885803, "p10_ms": 0.5754240155220032, "p90_ms": 0.5765759944915771}, "case": 6, "decision": {"predicted_ms": {"16": 0.5743007899999999, "32": 0.588260421, "64": 0.638657433, "128": 0.7839451}, "reason": "calibrated_score_with_guard_band", "resident_blocks_per_sm": {"16": 4, "32": 4, "64": 3, "128": 2}, "reuse_footprint_bytes": 85327872, "reuse_over_l2": 0.6432806324110671, "value_slice": 16}, "eager": {"count": 60, "median_ms": 0.5738880038261414, "p10_ms": 0.5719040036201477, "p90_ms": 0.5752320289611816}, "graph": {"count": 60, "median_ms": 0.5678719878196716, "p10_ms": 0.566815972328186, "p90_ms": 0.5688959956169128}, "kind": "performance", "name": "baseline_auto", "repeat": 0, "shape": {"batch": 1, "fp32": false, "gate": null, "heads": 12, "lengths": [8192], "state_mode": "both", "tokens": 8192}}
{"cache_perturbed": {"count": 30, "median_ms": 0.7905440032482147, "p10_ms": 0.7893120050430298, "p90_ms": 0.7916479706764221}, "case": 6, "decision": {"reason": "environment_override", "value_slice": 128}, "eager": {"count": 60, "median_ms": 0.7889759838581085, "p10_ms": 0.7870399951934814, "p90_ms": 0.7903040051460266}, "graph": {"count": 60, "median_ms": 0.7830719947814941, "p10_ms": 0.7819839715957642, "p90_ms": 0.7841600179672241}, "kind": "performance", "name": "release_v128", "repeat": 0, "shape": {"batch": 1, "fp32": false, "gate": null, "heads": 12, "lengths": [8192], "state_mode": "both", "tokens": 8192}}
{"cache_perturbed": {"count": 30, "median_ms": 0.46483200788497925, "p10_ms": 0.46374401450157166, "p90_ms": 0.46511998772621155}, "case": 6, "decision": {"predicted_ms": {"16": 0.5743007899999999, "32": 0.588260421, "64": 0.638657433, "128": 0.7839451}, "reason": "calibrated_score_with_guard_band", "resident_blocks_per_sm": {"16": 4, "32": 4, "64": 3, "128": 2}, "reuse_footprint_bytes": 85327872, "reuse_over_l2": 0.6432806324110671, "value_slice": 16}, "eager": {"count": 60, "median_ms": 0.46241599321365356, "p10_ms": 0.46134400367736816, "p90_ms": 0.4636160135269165}, "graph": {"count": 60, "median_ms": 0.45635199546813965, "p10_ms": 0.4561919867992401, "p90_ms": 0.45737600326538086}, "kind": "performance", "name": "release_auto", "repeat": 0, "shape": {"batch": 1, "fp32": false, "gate": null, "heads": 12, "lengths": [8192], "state_mode": "both", "tokens": 8192}}
{"cache_perturbed": {"count": 30, "median_ms": 0.46489599347114563, "p10_ms": 0.4639039933681488, "p90_ms": 0.4657280147075653}, "case": 6, "decision": {"predicted_ms": {"16": 0.5743007899999999, "32": 0.588260421, "64": 0.638657433, "128": 0.7839451}, "reason": "calibrated_score_with_guard_band", "resident_blocks_per_sm": {"16": 4, "32": 4, "64": 3, "128": 2}, "reuse_footprint_bytes": 85327872, "reuse_over_l2": 0.6432806324110671, "value_slice": 16}, "eager": {"count": 60, "median_ms": 0.4631520062685013, "p10_ms": 0.4612799882888794, "p90_ms": 0.4636799991130829}, "graph": {"count": 60, "median_ms": 0.4562560021877289, "p10_ms": 0.45609599351882935, "p90_ms": 0.4572800099849701}, "kind": "performance", "name": "release_auto", "repeat": 1, "shape": {"batch": 1, "fp32": false, "gate": null, "heads": 12, "lengths": [8192], "state_mode": "both", "tokens": 8192}}
{"cache_perturbed": {"count": 30, "median_ms": 0.7906239926815033, "p10_ms": 0.7895359992980957, "p90_ms": 0.7916160225868225}, "case": 6, "decision": {"reason": "environment_override", "value_slice": 128}, "eager": {"count": 60, "median_ms": 0.7888480126857758, "p10_ms": 0.7869759798049927, "p90_ms": 0.7893120050430298}, "graph": {"count": 60, "median_ms": 0.7830079793930054, "p10_ms": 0.7819520235061646, "p90_ms": 0.784063994884491}, "kind": "performance", "name": "release_v128", "repeat": 1, "shape": {"batch": 1, "fp32": false, "gate": null, "heads": 12, "lengths": [8192], "state_mode": "both", "tokens": 8192}}
{"cache_perturbed": {"count": 30, "median_ms": 0.5755359828472137, "p10_ms": 0.5743039846420288, "p90_ms": 0.5766080021858215}, "case": 6, "decision": {"predicted_ms": {"16": 0.5743007899999999, "32": 0.588260421, "64": 0.638657433, "128": 0.7839451}, "reason": "calibrated_score_with_guard_band", "resident_blocks_per_sm": {"16": 4, "32": 4, "64": 3, "128": 2}, "reuse_footprint_bytes": 85327872, "reuse_over_l2": 0.6432806324110671, "value_slice": 16}, "eager": {"count": 60, "median_ms": 0.5733759999275208, "p10_ms": 0.5720319747924805, "p90_ms": 0.5742080211639404}, "graph": {"count": 60, "median_ms": 0.5674559772014618, "p10_ms": 0.5669119954109192, "p90_ms": 0.568992018699646}, "kind": "performance", "name": "baseline_auto", "repeat": 1, "shape": {"batch": 1, "fp32": false, "gate": null, "heads": 12, "lengths": [8192], "state_mode": "both", "tokens": 8192}}
{"cache_perturbed": {"count": 30, "median_ms": 0.5754240155220032, "p10_ms": 0.574400007724762, "p90_ms": 0.5765439867973328}, "case": 6, "decision": {"predicted_ms": {"16": 0.5743007899999999, "32": 0.588260421, "64": 0.638657433, "128": 0.7839451}, "reason": "calibrated_score_with_guard_band", "resident_blocks_per_sm": {"16": 4, "32": 4, "64": 3, "128": 2}, "reuse_footprint_bytes": 85327872, "reuse_over_l2": 0.6432806324110671, "value_slice": 16}, "eager": {"count": 60, "median_ms": 0.5734719932079315, "p10_ms": 0.5719040036201477, "p90_ms": 0.574783980846405}, "graph": {"count": 60, "median_ms": 0.567903995513916, "p10_ms": 0.566815972328186, "p90_ms": 0.5688959956169128}, "kind": "performance", "name": "baseline_auto", "repeat": 2, "shape": {"batch": 1, "fp32": false, "gate": null, "heads": 12, "lengths": [8192], "state_mode": "both", "tokens": 8192}}
{"cache_perturbed": {"count": 30, "median_ms": 0.46487998962402344, "p10_ms": 0.46380800008773804, "p90_ms": 0.46508800983428955}, "case": 6, "decision": {"predicted_ms": {"16": 0.5743007899999999, "32": 0.588260421, "64": 0.638657433, "128": 0.7839451}, "reason": "calibrated_score_with_guard_band", "resident_blocks_per_sm": {"16": 4, "32": 4, "64": 3, "128": 2}, "reuse_footprint_bytes": 85327872, "reuse_over_l2": 0.6432806324110671, "value_slice": 16}, "eager": {"count": 60, "median_ms": 0.46323201060295105, "p10_ms": 0.46134400367736816, "p90_ms": 0.4635840058326721}, "graph": {"count": 60, "median_ms": 0.45635199546813965, "p10_ms": 0.4561600089073181, "p90_ms": 0.4573439955711365}, "kind": "performance", "name": "release_auto", "repeat": 2, "shape": {"batch": 1, "fp32": false, "gate": null, "heads": 12, "lengths": [8192], "state_mode": "both", "tokens": 8192}}
{"cache_perturbed": {"count": 30, "median_ms": 0.7906559705734253, "p10_ms": 0.7895039916038513, "p90_ms": 0.7924799919128418}, "case": 6, "decision": {"reason": "environment_override", "value_slice": 128}, "eager": {"count": 60, "median_ms": 0.7884480059146881, "p10_ms": 0.7870399951934814, "p90_ms": 0.7893120050430298}, "graph": {"count": 60, "median_ms": 0.7830079793930054, "p10_ms": 0.7819520235061646, "p90_ms": 0.7840319871902466}, "kind": "performance", "name": "release_v128", "repeat": 2, "shape": {"batch": 1, "fp32": false, "gate": null, "heads": 12, "lengths": [8192], "state_mode": "both", "tokens": 8192}}
{"case": 6, "kind": "shape_complete", "shape": {"batch": 1, "fp32": false, "gate": null, "heads": 12, "lengths": [8192], "state_mode": "both", "tokens": 8192}}
{"cache_perturbed": {"count": 30, "median_ms": 0.6195680201053619, "p10_ms": 0.6176959872245789, "p90_ms": 0.6207680106163025}, "case": 7, "decision": {"predicted_ms": {"16": 0.648004583, "32": 0.623512569, "64": 0.6726791010000001, "128": 0.8191179639999999}, "reason": "calibrated_score_with_guard_band", "resident_blocks_per_sm": {"16": 4, "32": 4, "64": 3, "128": 2}, "reuse_footprint_bytes": 170655744, "reuse_over_l2": 1.2865612648221343, "value_slice": 32}, "eager": {"count": 60, "median_ms": 0.6188799738883972, "p10_ms": 0.6170240044593811, "p90_ms": 0.6191999912261963}, "graph": {"count": 60, "median_ms": 0.6159679889678955, "p10_ms": 0.6149119734764099, "p90_ms": 0.6161280274391174}, "kind": "performance", "name": "release_auto", "repeat": 0, "shape": {"batch": 2, "fp32": false, "gate": null, "heads": 12, "lengths": null, "state_mode": "both", "tokens": 8192}}
{"cache_perturbed": {"count": 30, "median_ms": 0.6195040047168732, "p10_ms": 0.6174399852752686, "p90_ms": 0.6215999722480774}, "case": 7, "decision": {"predicted_ms": {"16": 0.648004583, "32": 0.623512569, "64": 0.6726791010000001, "128": 0.8191179639999999}, "reason": "calibrated_score_with_guard_band", "resident_blocks_per_sm": {"16": 4, "32": 4, "64": 3, "128": 2}, "reuse_footprint_bytes": 170655744, "reuse_over_l2": 1.2865612648221343, "value_slice": 32}, "eager": {"count": 60, "median_ms": 0.618943989276886, "p10_ms": 0.6170560121536255, "p90_ms": 0.6192640066146851}, "graph": {"count": 60, "median_ms": 0.6149599850177765, "p10_ms": 0.6139199733734131, "p90_ms": 0.6159999966621399}, "kind": "performance", "name": "baseline_auto", "repeat": 0, "shape": {"batch": 2, "fp32": false, "gate": null, "heads": 12, "lengths": null, "state_mode": "both", "tokens": 8192}}
{"cache_perturbed": {"count": 30, "median_ms": 0.8197600245475769, "p10_ms": 0.8171200156211853, "p90_ms": 0.8212800025939941}, "case": 7, "decision": {"reason": "environment_override", "value_slice": 128}, "eager": {"count": 60, "median_ms": 0.8177119791507721, "p10_ms": 0.8156480193138123, "p90_ms": 0.819648027420044}, "graph": {"count": 60, "median_ms": 0.813696026802063, "p10_ms": 0.8127040266990662, "p90_ms": 0.8149120211601257}, "kind": "performance", "name": "release_v128", "repeat": 0, "shape": {"batch": 2, "fp32": false, "gate": null, "heads": 12, "lengths": null, "state_mode": "both", "tokens": 8192}}
{"cache_perturbed": {"count": 30, "median_ms": 0.6196320056915283, "p10_ms": 0.6174719929695129, "p90_ms": 0.6216319799423218}, "case": 7, "decision": {"predicted_ms": {"16": 0.648004583, "32": 0.623512569, "64": 0.6726791010000001, "128": 0.8191179639999999}, "reason": "calibrated_score_with_guard_band", "resident_blocks_per_sm": {"16": 4, "32": 4, "64": 3, "128": 2}, "reuse_footprint_bytes": 170655744, "reuse_over_l2": 1.2865612648221343, "value_slice": 32}, "eager": {"count": 60, "median_ms": 0.6189279854297638, "p10_ms": 0.6170240044593811, "p90_ms": 0.6193919777870178}, "graph": {"count": 60, "median_ms": 0.6149439811706543, "p10_ms": 0.6140159964561462, "p90_ms": 0.616096019744873}, "kind": "performance", "name": "baseline_auto", "repeat": 1, "shape": {"batch": 2, "fp32": false, "gate": null, "heads": 12, "lengths": null, "state_mode": "both", "tokens": 8192}}
{"cache_perturbed": {"count": 30, "median_ms": 0.619488000869751, "p10_ms": 0.6183680295944214, "p90_ms": 0.6216639876365662}, "case": 7, "decision": {"predicted_ms": {"16": 0.648004583, "32": 0.623512569, "64": 0.6726791010000001, "128": 0.8191179639999999}, "reason": "calibrated_score_with_guard_band", "resident_blocks_per_sm": {"16": 4, "32": 4, "64": 3, "128": 2}, "reuse_footprint_bytes": 170655744, "reuse_over_l2": 1.2865612648221343, "value_slice": 32}, "eager": {"count": 60, "median_ms": 0.618943989276886, "p10_ms": 0.616927981376648, "p90_ms": 0.6194239854812622}, "graph": {"count": 60, "median_ms": 0.6159679889678955, "p10_ms": 0.6150400042533875, "p90_ms": 0.616096019744873}, "kind": "performance", "name": "release_auto", "repeat": 1, "shape": {"batch": 2, "fp32": false, "gate": null, "heads": 12, "lengths": null, "state_mode": "both", "tokens": 8192}}
{"cache_perturbed": {"count": 30, "median_ms": 0.818992018699646, "p10_ms": 0.8180480003356934, "p90_ms": 0.8212479948997498}, "case": 7, "decision": {"reason": "environment_override", "value_slice": 128}, "eager": {"count": 60, "median_ms": 0.8178240060806274, "p10_ms": 0.815775990486145, "p90_ms": 0.8198400139808655}, "graph": {"count": 60, "median_ms": 0.8139040172100067, "p10_ms": 0.8127040266990662, "p90_ms": 0.8148800134658813}, "kind": "performance", "name": "release_v128", "repeat": 1, "shape": {"batch": 2, "fp32": false, "gate": null, "heads": 12, "lengths": null, "state_mode": "both", "tokens": 8192}}
{"cache_perturbed": {"count": 30, "median_ms": 0.6195360124111176, "p10_ms": 0.618399977684021, "p90_ms": 0.6215680241584778}, "case": 7, "decision": {"predicted_ms": {"16": 0.648004583, "32": 0.623512569, "64": 0.6726791010000001, "128": 0.8191179639999999}, "reason": "calibrated_score_with_guard_band", "resident_blocks_per_sm": {"16": 4, "32": 4, "64": 3, "128": 2}, "reuse_footprint_bytes": 170655744, "reuse_over_l2": 1.2865612648221343, "value_slice": 32}, "eager": {"count": 60, "median_ms": 0.6190080046653748, "p10_ms": 0.6169919967651367, "p90_ms": 0.6192960143089294}, "graph": {"count": 60, "median_ms": 0.6159999966621399, "p10_ms": 0.6142399907112122, "p90_ms": 0.6161280274391174}, "kind": "performance", "name": "release_auto", "repeat": 2, "shape": {"batch": 2, "fp32": false, "gate": null, "heads": 12, "lengths": null, "state_mode": "both", "tokens": 8192}}
{"cache_perturbed": {"count": 30, "median_ms": 0.8192319869995117, "p10_ms": 0.8172479867935181, "p90_ms": 0.821183979511261}, "case": 7, "decision": {"reason": "environment_override", "value_slice": 128}, "eager": {"count": 60, "median_ms": 0.8177439868450165, "p10_ms": 0.8156800270080566, "p90_ms": 0.8198080062866211}, "graph": {"count": 60, "median_ms": 0.8137279748916626, "p10_ms": 0.8126720190048218, "p90_ms": 0.8148159980773926}, "kind": "performance", "name": "release_v128", "repeat": 2, "shape": {"batch": 2, "fp32": false, "gate": null, "heads": 12, "lengths": null, "state_mode": "both", "tokens": 8192}}
{"cache_perturbed": {"count": 30, "median_ms": 0.6195360124111176, "p10_ms": 0.618399977684021, "p90_ms": 0.6215999722480774}, "case": 7, "decision": {"predicted_ms": {"16": 0.648004583, "32": 0.623512569, "64": 0.6726791010000001, "128": 0.8191179639999999}, "reason": "calibrated_score_with_guard_band", "resident_blocks_per_sm": {"16": 4, "32": 4, "64": 3, "128": 2}, "reuse_footprint_bytes": 170655744, "reuse_over_l2": 1.2865612648221343, "value_slice": 32}, "eager": {"count": 60, "median_ms": 0.619024008512497, "p10_ms": 0.6170560121536255, "p90_ms": 0.6193280220031738}, "graph": {"count": 60, "median_ms": 0.6150400042533875, "p10_ms": 0.6140159964561462, "p90_ms": 0.616096019744873}, "kind": "performance", "name": "baseline_auto", "repeat": 2, "shape": {"batch": 2, "fp32": false, "gate": null, "heads": 12, "lengths": null, "state_mode": "both", "tokens": 8192}}
{"case": 7, "kind": "shape_complete", "shape": {"batch": 2, "fp32": false, "gate": null, "heads": 12, "lengths": null, "state_mode": "both", "tokens": 8192}}
{"cache_perturbed": {"count": 30, "median_ms": 0.15571199357509613, "p10_ms": 0.1547199934720993, "p90_ms": 0.15782399475574493}, "case": 8, "decision": {"reason": "environment_override", "value_slice": 128}, "eager": {"count": 60, "median_ms": 0.156031996011734, "p10_ms": 0.15408000349998474, "p90_ms": 0.1563519984483719}, "graph": {"count": 60, "median_ms": 0.1491519957780838, "p10_ms": 0.14902399480342865, "p90_ms": 0.15119999647140503}, "kind": "performance", "name": "release_v128", "repeat": 0, "shape": {"batch": 1, "fp32": false, "gate": null, "heads": 12, "lengths": [1024, 1024, 1024, 1024, 1024, 1024, 1024, 1024], "state_mode": "both", "tokens": 8192}}
{"cache_perturbed": {"count": 30, "median_ms": 0.15568000078201294, "p10_ms": 0.15545600652694702, "p90_ms": 0.15775999426841736}, "case": 8, "decision": {"predicted_ms": {}, "reason": "varlen_not_calibrated", "resident_blocks_per_sm": {}, "reuse_footprint_bytes": 85327872, "reuse_over_l2": 0.6432806324110671, "value_slice": 128}, "eager": {"count": 60, "median_ms": 0.15451200306415558, "p10_ms": 0.15423999726772308, "p90_ms": 0.15644800662994385}, "graph": {"count": 60, "median_ms": 0.1491519957780838, "p10_ms": 0.14902399480342865, "p90_ms": 0.15119999647140503}, "kind": "performance", "name": "release_auto", "repeat": 0, "shape": {"batch": 1, "fp32": false, "gate": null, "heads": 12, "lengths": [1024, 1024, 1024, 1024, 1024, 1024, 1024, 1024], "state_mode": "both", "tokens": 8192}}
{"cache_perturbed": {"count": 30, "median_ms": 0.15568000078201294, "p10_ms": 0.15462400019168854, "p90_ms": 0.1576319932937622}, "case": 8, "decision": {"predicted_ms": {}, "reason": "varlen_not_calibrated", "resident_blocks_per_sm": {}, "reuse_footprint_bytes": 85327872, "reuse_over_l2": 0.6432806324110671, "value_slice": 128}, "eager": {"count": 60, "median_ms": 0.15614400058984756, "p10_ms": 0.1541759967803955, "p90_ms": 0.15641599893569946}, "graph": {"count": 60, "median_ms": 0.1491519957780838, "p10_ms": 0.14895999431610107, "p90_ms": 0.14927999675273895}, "kind": "performance", "name": "baseline_auto", "repeat": 0, "shape": {"batch": 1, "fp32": false, "gate": null, "heads": 12, "lengths": [1024, 1024, 1024, 1024, 1024, 1024, 1024, 1024], "state_mode": "both", "tokens": 8192}}
{"cache_perturbed": {"count": 30, "median_ms": 0.15566399693489075, "p10_ms": 0.1547520011663437, "p90_ms": 0.15760000050067902}, "case": 8, "decision": {"predicted_ms": {}, "reason": "varlen_not_calibrated", "resident_blocks_per_sm": {}, "reuse_footprint_bytes": 85327872, "reuse_over_l2": 0.6432806324110671, "value_slice": 128}, "eager": {"count": 60, "median_ms": 0.15451200306415558, "p10_ms": 0.1542080044746399, "p90_ms": 0.15644800662994385}, "graph": {"count": 60, "median_ms": 0.1491519957780838, "p10_ms": 0.14899200201034546, "p90_ms": 0.15119999647140503}, "kind": "performance", "name": "release_auto", "repeat": 1, "shape": {"batch": 1, "fp32": false, "gate": null, "heads": 12, "lengths": [1024, 1024, 1024, 1024, 1024, 1024, 1024, 1024], "state_mode": "both", "tokens": 8192}}
{"cache_perturbed": {"count": 30, "median_ms": 0.15571199357509613, "p10_ms": 0.1555519998073578, "p90_ms": 0.15769599378108978}, "case": 8, "decision": {"predicted_ms": {}, "reason": "varlen_not_calibrated", "resident_blocks_per_sm": {}, "reuse_footprint_bytes": 85327872, "reuse_over_l2": 0.6432806324110671, "value_slice": 128}, "eager": {"count": 60, "median_ms": 0.15569599717855453, "p10_ms": 0.1541759967803955, "p90_ms": 0.1563519984483719}, "graph": {"count": 60, "median_ms": 0.1491519957780838, "p10_ms": 0.14895999431610107, "p90_ms": 0.14924800395965576}, "kind": "performance", "name": "baseline_auto", "repeat": 1, "shape": {"batch": 1, "fp32": false, "gate": null, "heads": 12, "lengths": [1024, 1024, 1024, 1024, 1024, 1024, 1024, 1024], "state_mode": "both", "tokens": 8192}}
{"cache_perturbed": {"count": 30, "median_ms": 0.15567999333143234, "p10_ms": 0.15452800691127777, "p90_ms": 0.15769599378108978}, "case": 8, "decision": {"reason": "environment_override", "value_slice": 128}, "eager": {"count": 60, "median_ms": 0.15584000200033188, "p10_ms": 0.1541759967803955, "p90_ms": 0.15641599893569946}, "graph": {"count": 60, "median_ms": 0.1491519957780838, "p10_ms": 0.14902399480342865, "p90_ms": 0.15119999647140503}, "kind": "performance", "name": "release_v128", "repeat": 1, "shape": {"batch": 1, "fp32": false, "gate": null, "heads": 12, "lengths": [1024, 1024, 1024, 1024, 1024, 1024, 1024, 1024], "state_mode": "both", "tokens": 8192}}
{"cache_perturbed": {"count": 30, "median_ms": 0.15569599717855453, "p10_ms": 0.15462400019168854, "p90_ms": 0.15769599378108978}, "case": 8, "decision": {"predicted_ms": {}, "reason": "varlen_not_calibrated", "resident_blocks_per_sm": {}, "reuse_footprint_bytes": 85327872, "reuse_over_l2": 0.6432806324110671, "value_slice": 128}, "eager": {"count": 60, "median_ms": 0.15599999576807022, "p10_ms": 0.1542080044746399, "p90_ms": 0.15641599893569946}, "graph": {"count": 60, "median_ms": 0.1491359993815422, "p10_ms": 0.14902399480342865, "p90_ms": 0.15110400319099426}, "kind": "performance", "name": "release_auto", "repeat": 2, "shape": {"batch": 1, "fp32": false, "gate": null, "heads": 12, "lengths": [1024, 1024, 1024, 1024, 1024, 1024, 1024, 1024], "state_mode": "both", "tokens": 8192}}
{"cache_perturbed": {"count": 30, "median_ms": 0.15571199357509613, "p10_ms": 0.1544959992170334, "p90_ms": 0.15782399475574493}, "case": 8, "decision": {"reason": "environment_override", "value_slice": 128}, "eager": {"count": 60, "median_ms": 0.15609599649906158, "p10_ms": 0.15408000349998474, "p90_ms": 0.1563519984483719}, "graph": {"count": 60, "median_ms": 0.14905600249767303, "p10_ms": 0.14902399480342865, "p90_ms": 0.15110400319099426}, "kind": "performance", "name": "release_v128", "repeat": 2, "shape": {"batch": 1, "fp32": false, "gate": null, "heads": 12, "lengths": [1024, 1024, 1024, 1024, 1024, 1024, 1024, 1024], "state_mode": "both", "tokens": 8192}}
{"cache_perturbed": {"count": 30, "median_ms": 0.15572799742221832, "p10_ms": 0.15459200739860535, "p90_ms": 0.15775999426841736}, "case": 8, "decision": {"predicted_ms": {}, "reason": "varlen_not_calibrated", "resident_blocks_per_sm": {}, "reuse_footprint_bytes": 85327872, "reuse_over_l2": 0.6432806324110671, "value_slice": 128}, "eager": {"count": 60, "median_ms": 0.1560640037059784, "p10_ms": 0.15414400398731232, "p90_ms": 0.1562879979610443}, "graph": {"count": 60, "median_ms": 0.14905600249767303, "p10_ms": 0.1488959938287735, "p90_ms": 0.1491200029850006}, "kind": "performance", "name": "baseline_auto", "repeat": 2, "shape": {"batch": 1, "fp32": false, "gate": null, "heads": 12, "lengths": [1024, 1024, 1024, 1024, 1024, 1024, 1024, 1024], "state_mode": "both", "tokens": 8192}}
{"case": 8, "kind": "shape_complete", "shape": {"batch": 1, "fp32": false, "gate": null, "heads": 12, "lengths": [1024, 1024, 1024, 1024, 1024, 1024, 1024, 1024], "state_mode": "both", "tokens": 8192}}
{"cache_perturbed": {"count": 30, "median_ms": 0.30265599489212036, "p10_ms": 0.3019840121269226, "p90_ms": 0.3040960133075714}, "case": 9, "decision": {"predicted_ms": {"16": 0.307985406, "32": 0.315194022, "64": 0.35227749799999997, "128": 0.396578621}, "reason": "calibrated_score_with_guard_band", "resident_blocks_per_sm": {"16": 4, "32": 4, "64": 3, "128": 2}, "reuse_footprint_bytes": 42663936, "reuse_over_l2": 0.32164031620553357, "value_slice": 16}, "eager": {"count": 60, "median_ms": 0.30347199738025665, "p10_ms": 0.30156800150871277, "p90_ms": 0.3038400113582611}, "graph": {"count": 60, "median_ms": 0.3006080090999603, "p10_ms": 0.3004480004310608, "p90_ms": 0.3006719946861267}, "kind": "performance", "name": "baseline_auto", "repeat": 0, "shape": {"batch": 1, "fp32": true, "gate": null, "heads": 12, "lengths": null, "state_mode": "both", "tokens": 4096}}
{"cache_perturbed": {"count": 30, "median_ms": 0.3025600016117096, "p10_ms": 0.3019840121269226, "p90_ms": 0.30428799986839294}, "case": 9, "decision": {"predicted_ms": {"16": 0.307985406, "32": 0.315194022, "64": 0.35227749799999997, "128": 0.396578621}, "reason": "calibrated_score_with_guard_band", "resident_blocks_per_sm": {"16": 4, "32": 4, "64": 3, "128": 2}, "reuse_footprint_bytes": 42663936, "reuse_over_l2": 0.32164031620553357, "value_slice": 16}, "eager": {"count": 60, "median_ms": 0.3034079968929291, "p10_ms": 0.30156800150871277, "p90_ms": 0.30377599596977234}, "graph": {"count": 60, "median_ms": 0.2995679974555969, "p10_ms": 0.2985279858112335, "p90_ms": 0.3006080090999603}, "kind": "performance", "name": "release_auto", "repeat": 0, "shape": {"batch": 1, "fp32": true, "gate": null, "heads": 12, "lengths": null, "state_mode": "both", "tokens": 4096}}
{"cache_perturbed": {"count": 30, "median_ms": 0.3912000060081482, "p10_ms": 0.39004799723625183, "p90_ms": 0.3922240138053894}, "case": 9, "decision": {"reason": "environment_override", "value_slice": 128}, "eager": {"count": 60, "median_ms": 0.38785600662231445, "p10_ms": 0.38761600852012634, "p90_ms": 0.38979199528694153}, "graph": {"count": 60, "median_ms": 0.38465599715709686, "p10_ms": 0.38364800810813904, "p90_ms": 0.3848319947719574}, "kind": "performance", "name": "release_v128", "repeat": 0, "shape": {"batch": 1, "fp32": true, "gate": null, "heads": 12, "lengths": null, "state_mode": "both", "tokens": 4096}}
{"cache_perturbed": {"count": 30, "median_ms": 0.3030080050230026, "p10_ms": 0.3020159900188446, "p90_ms": 0.3040960133075714}, "case": 9, "decision": {"predicted_ms": {"16": 0.307985406, "32": 0.315194022, "64": 0.35227749799999997, "128": 0.396578621}, "reason": "calibrated_score_with_guard_band", "resident_blocks_per_sm": {"16": 4, "32": 4, "64": 3, "128": 2}, "reuse_footprint_bytes": 42663936, "reuse_over_l2": 0.32164031620553357, "value_slice": 16}, "eager": {"count": 60, "median_ms": 0.3017919957637787, "p10_ms": 0.30163198709487915, "p90_ms": 0.3038400113582611}, "graph": {"count": 60, "median_ms": 0.29868799448013306, "p10_ms": 0.2986240088939667, "p90_ms": 0.3006719946861267}, "kind": "performance", "name": "release_auto", "repeat": 1, "shape": {"batch": 1, "fp32": true, "gate": null, "heads": 12, "lengths": null, "state_mode": "both", "tokens": 4096}}
{"cache_perturbed": {"count": 30, "median_ms": 0.3030880093574524, "p10_ms": 0.3019520044326782, "p90_ms": 0.3041279911994934}, "case": 9, "decision": {"predicted_ms": {"16": 0.307985406, "32": 0.315194022, "64": 0.35227749799999997, "128": 0.396578621}, "reason": "calibrated_score_with_guard_band", "resident_blocks_per_sm": {"16": 4, "32": 4, "64": 3, "128": 2}, "reuse_footprint_bytes": 42663936, "reuse_over_l2": 0.32164031620553357, "value_slice": 16}, "eager": {"count": 60, "median_ms": 0.30351999402046204, "p10_ms": 0.301472008228302, "p90_ms": 0.3038400113582611}, "graph": {"count": 60, "median_ms": 0.3006080090999603, "p10_ms": 0.2995840013027191, "p90_ms": 0.3006399869918823}, "kind": "performance", "name": "baseline_auto", "repeat": 1, "shape": {"batch": 1, "fp32": true, "gate": null, "heads": 12, "lengths": null, "state_mode": "both", "tokens": 4096}}
{"cache_perturbed": {"count": 30, "median_ms": 0.39108800888061523, "p10_ms": 0.39004799723625183, "p90_ms": 0.39129599928855896}, "case": 9, "decision": {"reason": "environment_override", "value_slice": 128}, "eager": {"count": 60, "median_ms": 0.3883519917726517, "p10_ms": 0.3875519931316376, "p90_ms": 0.3916800022125244}, "graph": {"count": 60, "median_ms": 0.38464000821113586, "p10_ms": 0.38441601395606995, "p90_ms": 0.3855679929256439}, "kind": "performance", "name": "release_v128", "repeat": 1, "shape": {"batch": 1, "fp32": true, "gate": null, "heads": 12, "lengths": null, "state_mode": "both", "tokens": 4096}}
{"cache_perturbed": {"count": 30, "median_ms": 0.39027199149131775, "p10_ms": 0.3900800049304962, "p90_ms": 0.39190399646759033}, "case": 9, "decision": {"reason": "environment_override", "value_slice": 128}, "eager": {"count": 60, "median_ms": 0.38787201046943665, "p10_ms": 0.38761600852012634, "p90_ms": 0.39078399538993835}, "graph": {"count": 60, "median_ms": 0.38467198610305786, "p10_ms": 0.38447999954223633, "p90_ms": 0.3856959939002991}, "kind": "performance", "name": "release_v128", "repeat": 2, "shape": {"batch": 1, "fp32": true, "gate": null, "heads": 12, "lengths": null, "state_mode": "both", "tokens": 4096}}
{"cache_perturbed": {"count": 30, "median_ms": 0.3025760054588318, "p10_ms": 0.3019520044326782, "p90_ms": 0.3051519989967346}, "case": 9, "decision": {"predicted_ms": {"16": 0.307985406, "32": 0.315194022, "64": 0.35227749799999997, "128": 0.396578621}, "reason": "calibrated_score_with_guard_band", "resident_blocks_per_sm": {"16": 4, "32": 4, "64": 3, "128": 2}, "reuse_footprint_bytes": 42663936, "reuse_over_l2": 0.32164031620553357, "value_slice": 16}, "eager": {"count": 60, "median_ms": 0.3023200035095215, "p10_ms": 0.301503986120224, "p90_ms": 0.30374398827552795}, "graph": {"count": 60, "median_ms": 0.3006080090999603, "p10_ms": 0.2996799945831299, "p90_ms": 0.3007360100746155}, "kind": "performance", "name": "baseline_auto", "repeat": 2, "shape": {"batch": 1, "fp32": true, "gate": null, "heads": 12, "lengths": null, "state_mode": "both", "tokens": 4096}}
{"cache_perturbed": {"count": 30, "median_ms": 0.3025919944047928, "p10_ms": 0.3019840121269226, "p90_ms": 0.30326399207115173}, "case": 9, "decision": {"predicted_ms": {"16": 0.307985406, "32": 0.315194022, "64": 0.35227749799999997, "128": 0.396578621}, "reason": "calibrated_score_with_guard_band", "resident_blocks_per_sm": {"16": 4, "32": 4, "64": 3, "128": 2}, "reuse_footprint_bytes": 42663936, "reuse_over_l2": 0.32164031620553357, "value_slice": 16}, "eager": {"count": 60, "median_ms": 0.30350399017333984, "p10_ms": 0.3015359938144684, "p90_ms": 0.30374398827552795}, "graph": {"count": 60, "median_ms": 0.299344003200531, "p10_ms": 0.2985279858112335, "p90_ms": 0.3006080090999603}, "kind": "performance", "name": "release_auto", "repeat": 2, "shape": {"batch": 1, "fp32": true, "gate": null, "heads": 12, "lengths": null, "state_mode": "both", "tokens": 4096}}
{"case": 9, "kind": "shape_complete", "shape": {"batch": 1, "fp32": true, "gate": null, "heads": 12, "lengths": null, "state_mode": "both", "tokens": 4096}}
{"cache_perturbed": {"count": 30, "median_ms": 0.7895520031452179, "p10_ms": 0.7874559760093689, "p90_ms": 0.7916479706764221}, "case": 10, "decision": {"reason": "environment_override", "value_slice": 128}, "eager": {"count": 60, "median_ms": 0.7890720069408417, "p10_ms": 0.7869759798049927, "p90_ms": 0.7910400032997131}, "graph": {"count": 60, "median_ms": 0.7859839797019958, "p10_ms": 0.784928023815155, "p90_ms": 0.7869759798049927}, "kind": "performance", "name": "release_v128", "repeat": 0, "shape": {"batch": 1, "fp32": false, "gate": null, "heads": 12, "lengths": null, "state_mode": "out", "tokens": 8192}}
{"cache_perturbed": {"count": 30, "median_ms": 0.6028960049152374, "p10_ms": 0.6010879874229431, "p90_ms": 0.6042879819869995}, "case": 10, "decision": {"predicted_ms": {"16": 0.5743007899999999, "32": 0.588260421, "64": 0.638657433, "128": 0.7839451}, "reason": "calibrated_score_with_guard_band", "resident_blocks_per_sm": {"16": 4, "32": 4, "64": 3, "128": 2}, "reuse_footprint_bytes": 85327872, "reuse_over_l2": 0.6432806324110671, "value_slice": 16}, "eager": {"count": 60, "median_ms": 0.6024160087108612, "p10_ms": 0.6005120277404785, "p90_ms": 0.6027839779853821}, "graph": {"count": 60, "median_ms": 0.5976639986038208, "p10_ms": 0.5975040197372437, "p90_ms": 0.5987200140953064}, "kind": "performance", "name": "baseline_auto", "repeat": 0, "shape": {"batch": 1, "fp32": false, "gate": null, "heads": 12, "lengths": null, "state_mode": "out", "tokens": 8192}}
{"cache_perturbed": {"count": 30, "median_ms": 0.5497280061244965, "p10_ms": 0.5477759838104248, "p90_ms": 0.5518400073051453}, "case": 10, "decision": {"predicted_ms": {"16": 0.5743007899999999, "32": 0.588260421, "64": 0.638657433, "128": 0.7839451}, "reason": "calibrated_score_with_guard_band", "resident_blocks_per_sm": {"16": 4, "32": 4, "64": 3, "128": 2}, "reuse_footprint_bytes": 85327872, "reuse_over_l2": 0.6432806324110671, "value_slice": 16}, "eager": {"count": 60, "median_ms": 0.5475679934024811, "p10_ms": 0.5465919971466064, "p90_ms": 0.5495359897613525}, "graph": {"count": 60, "median_ms": 0.5444160103797913, "p10_ms": 0.5442240238189697, "p90_ms": 0.5454400181770325}, "kind": "performance", "name": "release_auto", "repeat": 0, "shape": {"batch": 1, "fp32": false, "gate": null, "heads": 12, "lengths": null, "state_mode": "out", "tokens": 8192}}
{"cache_perturbed": {"count": 30, "median_ms": 0.7896160185337067, "p10_ms": 0.7874879837036133, "p90_ms": 0.7925440073013306}, "case": 10, "decision": {"reason": "environment_override", "value_slice": 128}, "eager": {"count": 60, "median_ms": 0.7889599800109863, "p10_ms": 0.7869759798049927, "p90_ms": 0.7911040186882019}, "graph": {"count": 60, "median_ms": 0.7859679758548737, "p10_ms": 0.7849599719047546, "p90_ms": 0.7869759798049927}, "kind": "performance", "name": "release_v128", "repeat": 1, "shape": {"batch": 1, "fp32": false, "gate": null, "heads": 12, "lengths": null, "state_mode": "out", "tokens": 8192}}
{"cache_perturbed": {"count": 30, "median_ms": 0.5493919849395752, "p10_ms": 0.5477759838104248, "p90_ms": 0.5510079860687256}, "case": 10, "decision": {"predicted_ms": {"16": 0.5743007899999999, "32": 0.588260421, "64": 0.638657433, "128": 0.7839451}, "reason": "calibrated_score_with_guard_band", "resident_blocks_per_sm": {"16": 4, "32": 4, "64": 3, "128": 2}, "reuse_footprint_bytes": 85327872, "reuse_over_l2": 0.6432806324110671, "value_slice": 16}, "eager": {"count": 60, "median_ms": 0.5475679934024811, "p10_ms": 0.5465599894523621, "p90_ms": 0.5495679974555969}, "graph": {"count": 60, "median_ms": 0.5444160103797913, "p10_ms": 0.5442240238189697, "p90_ms": 0.5454400181770325}, "kind": "performance", "name": "release_auto", "repeat": 1, "shape": {"batch": 1, "fp32": false, "gate": null, "heads": 12, "lengths": null, "state_mode": "out", "tokens": 8192}}
{"cache_perturbed": {"count": 30, "median_ms": 0.602319985628128, "p10_ms": 0.6010879874229431, "p90_ms": 0.6042240262031555}, "case": 10, "decision": {"predicted_ms": {"16": 0.5743007899999999, "32": 0.588260421, "64": 0.638657433, "128": 0.7839451}, "reason": "calibrated_score_with_guard_band", "resident_blocks_per_sm": {"16": 4, "32": 4, "64": 3, "128": 2}, "reuse_footprint_bytes": 85327872, "reuse_over_l2": 0.6432806324110671, "value_slice": 16}, "eager": {"count": 60, "median_ms": 0.600847989320755, "p10_ms": 0.6005120277404785, "p90_ms": 0.6028800010681152}, "graph": {"count": 60, "median_ms": 0.5976639986038208, "p10_ms": 0.597536027431488, "p90_ms": 0.598688006401062}, "kind": "performance", "name": "baseline_auto", "repeat": 1, "shape": {"batch": 1, "fp32": false, "gate": null, "heads": 12, "lengths": null, "state_mode": "out", "tokens": 8192}}
{"cache_perturbed": {"count": 30, "median_ms": 0.7897120118141174, "p10_ms": 0.7874559760093689, "p90_ms": 0.7916479706764221}, "case": 10, "decision": {"reason": "environment_override", "value_slice": 128}, "eager": {"count": 60, "median_ms": 0.7891520261764526, "p10_ms": 0.7870399951934814, "p90_ms": 0.7912319898605347}, "graph": {"count": 60, "median_ms": 0.7859519720077515, "p10_ms": 0.784928023815155, "p90_ms": 0.7868800163269043}, "kind": "performance", "name": "release_v128", "repeat": 2, "shape": {"batch": 1, "fp32": false, "gate": null, "heads": 12, "lengths": null, "state_mode": "out", "tokens": 8192}}
{"cache_perturbed": {"count": 30, "median_ms": 0.5497759878635406, "p10_ms": 0.5478399991989136, "p90_ms": 0.5509120225906372}, "case": 10, "decision": {"predicted_ms": {"16": 0.5743007899999999, "32": 0.588260421, "64": 0.638657433, "128": 0.7839451}, "reason": "calibrated_score_with_guard_band", "resident_blocks_per_sm": {"16": 4, "32": 4, "64": 3, "128": 2}, "reuse_footprint_bytes": 85327872, "reuse_over_l2": 0.6432806324110671, "value_slice": 16}, "eager": {"count": 60, "median_ms": 0.5475679934024811, "p10_ms": 0.5465919971466064, "p90_ms": 0.5495359897613525}, "graph": {"count": 60, "median_ms": 0.5443199872970581, "p10_ms": 0.5441280007362366, "p90_ms": 0.5453439950942993}, "kind": "performance", "name": "release_auto", "repeat": 2, "shape": {"batch": 1, "fp32": false, "gate": null, "heads": 12, "lengths": null, "state_mode": "out", "tokens": 8192}}
{"cache_perturbed": {"count": 30, "median_ms": 0.6022879779338837, "p10_ms": 0.6011840105056763, "p90_ms": 0.6042559742927551}, "case": 10, "decision": {"predicted_ms": {"16": 0.5743007899999999, "32": 0.588260421, "64": 0.638657433, "128": 0.7839451}, "reason": "calibrated_score_with_guard_band", "resident_blocks_per_sm": {"16": 4, "32": 4, "64": 3, "128": 2}, "reuse_footprint_bytes": 85327872, "reuse_over_l2": 0.6432806324110671, "value_slice": 16}, "eager": {"count": 60, "median_ms": 0.6018399894237518, "p10_ms": 0.6006079912185669, "p90_ms": 0.6028159856796265}, "graph": {"count": 60, "median_ms": 0.5976639986038208, "p10_ms": 0.5974400043487549, "p90_ms": 0.598688006401062}, "kind": "performance", "name": "baseline_auto", "repeat": 2, "shape": {"batch": 1, "fp32": false, "gate": null, "heads": 12, "lengths": null, "state_mode": "out", "tokens": 8192}}
{"case": 10, "kind": "shape_complete", "shape": {"batch": 1, "fp32": false, "gate": null, "heads": 12, "lengths": null, "state_mode": "out", "tokens": 8192}}
{"kind": "concurrent", "name": "release_auto", "pair": {"count": 30, "median_ms": 0.6688160002231598, "p10_ms": 0.6669120192527771, "p90_ms": 0.6708800196647644}, "repeat": 0, "requests": 2, "shape": {"batch": 1, "fp32": false, "gate": null, "heads": 12, "lengths": null, "state_mode": "both", "tokens": 8192}}
{"kind": "concurrent", "name": "baseline_auto", "pair": {"count": 30, "median_ms": 0.6722079813480377, "p10_ms": 0.6446080207824707, "p90_ms": 0.6745920181274414}, "repeat": 0, "requests": 2, "shape": {"batch": 1, "fp32": false, "gate": null, "heads": 12, "lengths": null, "state_mode": "both", "tokens": 8192}}
{"kind": "concurrent", "name": "release_auto", "pair": {"count": 30, "median_ms": 0.6691680252552032, "p10_ms": 0.6474239826202393, "p90_ms": 0.6710079908370972}, "repeat": 1, "requests": 2, "shape": {"batch": 1, "fp32": false, "gate": null, "heads": 12, "lengths": null, "state_mode": "both", "tokens": 8192}}
{"kind": "concurrent", "name": "baseline_auto", "pair": {"count": 30, "median_ms": 0.671392023563385, "p10_ms": 0.6467840075492859, "p90_ms": 0.6744319796562195}, "repeat": 1, "requests": 2, "shape": {"batch": 1, "fp32": false, "gate": null, "heads": 12, "lengths": null, "state_mode": "both", "tokens": 8192}}
{"kind": "concurrent", "name": "release_auto", "pair": {"count": 30, "median_ms": 0.6690399944782257, "p10_ms": 0.6406400203704834, "p90_ms": 0.6704000234603882}, "repeat": 2, "requests": 2, "shape": {"batch": 1, "fp32": false, "gate": null, "heads": 12, "lengths": null, "state_mode": "both", "tokens": 8192}}
{"kind": "concurrent", "name": "baseline_auto", "pair": {"count": 30, "median_ms": 0.6724319756031036, "p10_ms": 0.6711360216140747, "p90_ms": 0.6744639873504639}, "repeat": 2, "requests": 2, "shape": {"batch": 1, "fp32": false, "gate": null, "heads": 12, "lengths": null, "state_mode": "both", "tokens": 8192}}
{"case": 0, "kind": "concurrent_correctness", "status": "PASS", "tensors": {"final_state": {"bitwise": true, "finite": true}, "out": {"bitwise": true, "finite": true}}}
{"case": 1, "kind": "concurrent_correctness", "status": "PASS", "tensors": {"final_state": {"bitwise": true, "finite": true}, "out": {"bitwise": true, "finite": true}}}
{"kind": "complete", "sanitizer": false}
{"kind":"sanitizer_exit","tool":"memcheck","exit_code":0}
{"kind":"sanitizer_exit","tool":"synccheck","exit_code":0}
{"kind":"profile_exit","variant":"baseline","exit_code":0}
{"kind":"profile_exit","variant":"release","exit_code":0}
Sat Sep  5 02:32:08 UTC 2026
