Sat Sep  5 03:31:43 UTC 2026
name, driver_version, memory.total [MiB]
NVIDIA B300 SXM6 AC, 580.126.09, 275040 MiB
{"candidate": "/home/lcpu/YOUR_USER_ID/kda-zero-state-20260905/build/lib/flash_kda_zero_C.cpython-312-x86_64-linux-gnu.so", "candidate_sha256": "42cf4fef69bfc018c7269fe3d468ae944492f3cde879b01f6e41e0051cdf7ac3", "device": {"device": 0, "l2_bytes": 132644864, "major": 10, "max_blocks_per_sm": 32, "max_threads_per_sm": 2048, "minor": 3, "registers_per_sm": 65536, "shared_memory_per_sm": 233472, "sm_count": 148, "warp_size": 32}, "experiment": "zero-init-ablation", "kind": "environment", "legacy": "/home/lcpu/YOUR_USER_ID/kda-mainline-20260905/release_build/lib/flash_kda_release_C.cpython-312-x86_64-linux-gnu.so", "legacy_sha256": "34e2c68cf80de0bd24278afb035fdcd44e4a6205241dfcb9aab4ee95891bc486", "scope": "actual wrapper via experiment-only raw adapter; GPU events and separate per-call synchronized host wall", "strategies": {"base": 16, "onewarp": 20016, "unified": 30016, "vector": 10016}}
{"case": 0, "kind": "correctness", "name": "base", "shape": {"batch": 1, "fp32": false, "gate": null, "heads": 12, "lengths": null, "state_mode": "out", "tokens": 1}, "status": "PASS", "tensors": {"final_state": {"bitwise": true, "finite": true}, "out": {"bitwise": true, "finite": true}}}
{"case": 0, "kind": "correctness", "name": "vector", "shape": {"batch": 1, "fp32": false, "gate": null, "heads": 12, "lengths": null, "state_mode": "out", "tokens": 1}, "status": "PASS", "tensors": {"final_state": {"bitwise": true, "finite": true}, "out": {"bitwise": true, "finite": true}}}
{"case": 0, "kind": "correctness", "name": "onewarp", "shape": {"batch": 1, "fp32": false, "gate": null, "heads": 12, "lengths": null, "state_mode": "out", "tokens": 1}, "status": "PASS", "tensors": {"final_state": {"bitwise": true, "finite": true}, "out": {"bitwise": true, "finite": true}}}
{"case": 0, "kind": "correctness", "name": "unified", "shape": {"batch": 1, "fp32": false, "gate": null, "heads": 12, "lengths": null, "state_mode": "out", "tokens": 1}, "status": "PASS", "tensors": {"final_state": {"bitwise": true, "finite": true}, "out": {"bitwise": true, "finite": true}}}
{"case": 1, "kind": "correctness", "name": "base", "shape": {"batch": 1, "fp32": false, "gate": null, "heads": 12, "lengths": null, "state_mode": "out", "tokens": 17}, "status": "PASS", "tensors": {"final_state": {"bitwise": true, "finite": true}, "out": {"bitwise": true, "finite": true}}}
{"case": 1, "kind": "correctness", "name": "vector", "shape": {"batch": 1, "fp32": false, "gate": null, "heads": 12, "lengths": null, "state_mode": "out", "tokens": 17}, "status": "PASS", "tensors": {"final_state": {"bitwise": true, "finite": true}, "out": {"bitwise": true, "finite": true}}}
{"case": 1, "kind": "correctness", "name": "onewarp", "shape": {"batch": 1, "fp32": false, "gate": null, "heads": 12, "lengths": null, "state_mode": "out", "tokens": 17}, "status": "PASS", "tensors": {"final_state": {"bitwise": true, "finite": true}, "out": {"bitwise": true, "finite": true}}}
{"case": 1, "kind": "correctness", "name": "unified", "shape": {"batch": 1, "fp32": false, "gate": null, "heads": 12, "lengths": null, "state_mode": "out", "tokens": 17}, "status": "PASS", "tensors": {"final_state": {"bitwise": true, "finite": true}, "out": {"bitwise": true, "finite": true}}}
{"case": 2, "kind": "correctness", "name": "base", "shape": {"batch": 1, "fp32": false, "gate": null, "heads": 12, "lengths": null, "state_mode": "out", "tokens": 33}, "status": "PASS", "tensors": {"final_state": {"bitwise": true, "finite": true}, "out": {"bitwise": true, "finite": true}}}
{"case": 2, "kind": "correctness", "name": "vector", "shape": {"batch": 1, "fp32": false, "gate": null, "heads": 12, "lengths": null, "state_mode": "out", "tokens": 33}, "status": "PASS", "tensors": {"final_state": {"bitwise": true, "finite": true}, "out": {"bitwise": true, "finite": true}}}
{"case": 2, "kind": "correctness", "name": "onewarp", "shape": {"batch": 1, "fp32": false, "gate": null, "heads": 12, "lengths": null, "state_mode": "out", "tokens": 33}, "status": "PASS", "tensors": {"final_state": {"bitwise": true, "finite": true}, "out": {"bitwise": true, "finite": true}}}
{"case": 2, "kind": "correctness", "name": "unified", "shape": {"batch": 1, "fp32": false, "gate": null, "heads": 12, "lengths": null, "state_mode": "out", "tokens": 33}, "status": "PASS", "tensors": {"final_state": {"bitwise": true, "finite": true}, "out": {"bitwise": true, "finite": true}}}
{"case": 3, "kind": "correctness", "name": "base", "shape": {"batch": 1, "fp32": false, "gate": null, "heads": 12, "lengths": null, "state_mode": "out", "tokens": 2047}, "status": "PASS", "tensors": {"final_state": {"bitwise": true, "finite": true}, "out": {"bitwise": true, "finite": true}}}
{"case": 3, "kind": "correctness", "name": "vector", "shape": {"batch": 1, "fp32": false, "gate": null, "heads": 12, "lengths": null, "state_mode": "out", "tokens": 2047}, "status": "PASS", "tensors": {"final_state": {"bitwise": true, "finite": true}, "out": {"bitwise": true, "finite": true}}}
{"case": 3, "kind": "correctness", "name": "onewarp", "shape": {"batch": 1, "fp32": false, "gate": null, "heads": 12, "lengths": null, "state_mode": "out", "tokens": 2047}, "status": "PASS", "tensors": {"final_state": {"bitwise": true, "finite": true}, "out": {"bitwise": true, "finite": true}}}
{"case": 3, "kind": "correctness", "name": "unified", "shape": {"batch": 1, "fp32": false, "gate": null, "heads": 12, "lengths": null, "state_mode": "out", "tokens": 2047}, "status": "PASS", "tensors": {"final_state": {"bitwise": true, "finite": true}, "out": {"bitwise": true, "finite": true}}}
{"case": 4, "kind": "correctness", "name": "base", "shape": {"batch": 1, "fp32": false, "gate": null, "heads": 12, "lengths": null, "state_mode": "out", "tokens": 2048}, "status": "PASS", "tensors": {"final_state": {"bitwise": true, "finite": true}, "out": {"bitwise": true, "finite": true}}}
{"case": 4, "kind": "correctness", "name": "vector", "shape": {"batch": 1, "fp32": false, "gate": null, "heads": 12, "lengths": null, "state_mode": "out", "tokens": 2048}, "status": "PASS", "tensors": {"final_state": {"bitwise": true, "finite": true}, "out": {"bitwise": true, "finite": true}}}
{"case": 4, "kind": "correctness", "name": "onewarp", "shape": {"batch": 1, "fp32": false, "gate": null, "heads": 12, "lengths": null, "state_mode": "out", "tokens": 2048}, "status": "PASS", "tensors": {"final_state": {"bitwise": true, "finite": true}, "out": {"bitwise": true, "finite": true}}}
{"case": 4, "kind": "correctness", "name": "unified", "shape": {"batch": 1, "fp32": false, "gate": null, "heads": 12, "lengths": null, "state_mode": "out", "tokens": 2048}, "status": "PASS", "tensors": {"final_state": {"bitwise": true, "finite": true}, "out": {"bitwise": true, "finite": true}}}
{"case": 5, "kind": "correctness", "name": "base", "shape": {"batch": 1, "fp32": false, "gate": null, "heads": 12, "lengths": null, "state_mode": "out", "tokens": 2049}, "status": "PASS", "tensors": {"final_state": {"bitwise": true, "finite": true}, "out": {"bitwise": true, "finite": true}}}
{"case": 5, "kind": "correctness", "name": "vector", "shape": {"batch": 1, "fp32": false, "gate": null, "heads": 12, "lengths": null, "state_mode": "out", "tokens": 2049}, "status": "PASS", "tensors": {"final_state": {"bitwise": true, "finite": true}, "out": {"bitwise": true, "finite": true}}}
{"case": 5, "kind": "correctness", "name": "onewarp", "shape": {"batch": 1, "fp32": false, "gate": null, "heads": 12, "lengths": null, "state_mode": "out", "tokens": 2049}, "status": "PASS", "tensors": {"final_state": {"bitwise": true, "finite": true}, "out": {"bitwise": true, "finite": true}}}
{"case": 5, "kind": "correctness", "name": "unified", "shape": {"batch": 1, "fp32": false, "gate": null, "heads": 12, "lengths": null, "state_mode": "out", "tokens": 2049}, "status": "PASS", "tensors": {"final_state": {"bitwise": true, "finite": true}, "out": {"bitwise": true, "finite": true}}}
{"case": 6, "kind": "correctness", "name": "base", "shape": {"batch": 1, "fp32": false, "gate": null, "heads": 12, "lengths": null, "state_mode": "out", "tokens": 4095}, "status": "PASS", "tensors": {"final_state": {"bitwise": true, "finite": true}, "out": {"bitwise": true, "finite": true}}}
{"case": 6, "kind": "correctness", "name": "vector", "shape": {"batch": 1, "fp32": false, "gate": null, "heads": 12, "lengths": null, "state_mode": "out", "tokens": 4095}, "status": "PASS", "tensors": {"final_state": {"bitwise": true, "finite": true}, "out": {"bitwise": true, "finite": true}}}
{"case": 6, "kind": "correctness", "name": "onewarp", "shape": {"batch": 1, "fp32": false, "gate": null, "heads": 12, "lengths": null, "state_mode": "out", "tokens": 4095}, "status": "PASS", "tensors": {"final_state": {"bitwise": true, "finite": true}, "out": {"bitwise": true, "finite": true}}}
{"case": 6, "kind": "correctness", "name": "unified", "shape": {"batch": 1, "fp32": false, "gate": null, "heads": 12, "lengths": null, "state_mode": "out", "tokens": 4095}, "status": "PASS", "tensors": {"final_state": {"bitwise": true, "finite": true}, "out": {"bitwise": true, "finite": true}}}
{"case": 7, "kind": "correctness", "name": "base", "shape": {"batch": 1, "fp32": false, "gate": null, "heads": 12, "lengths": null, "state_mode": "out", "tokens": 4096}, "status": "PASS", "tensors": {"final_state": {"bitwise": true, "finite": true}, "out": {"bitwise": true, "finite": true}}}
{"case": 7, "kind": "correctness", "name": "vector", "shape": {"batch": 1, "fp32": false, "gate": null, "heads": 12, "lengths": null, "state_mode": "out", "tokens": 4096}, "status": "PASS", "tensors": {"final_state": {"bitwise": true, "finite": true}, "out": {"bitwise": true, "finite": true}}}
{"case": 7, "kind": "correctness", "name": "onewarp", "shape": {"batch": 1, "fp32": false, "gate": null, "heads": 12, "lengths": null, "state_mode": "out", "tokens": 4096}, "status": "PASS", "tensors": {"final_state": {"bitwise": true, "finite": true}, "out": {"bitwise": true, "finite": true}}}
{"case": 7, "kind": "correctness", "name": "unified", "shape": {"batch": 1, "fp32": false, "gate": null, "heads": 12, "lengths": null, "state_mode": "out", "tokens": 4096}, "status": "PASS", "tensors": {"final_state": {"bitwise": true, "finite": true}, "out": {"bitwise": true, "finite": true}}}
{"case": 8, "kind": "correctness", "name": "base", "shape": {"batch": 1, "fp32": false, "gate": null, "heads": 12, "lengths": null, "state_mode": "out", "tokens": 4097}, "status": "PASS", "tensors": {"final_state": {"bitwise": true, "finite": true}, "out": {"bitwise": true, "finite": true}}}
{"case": 8, "kind": "correctness", "name": "vector", "shape": {"batch": 1, "fp32": false, "gate": null, "heads": 12, "lengths": null, "state_mode": "out", "tokens": 4097}, "status": "PASS", "tensors": {"final_state": {"bitwise": true, "finite": true}, "out": {"bitwise": true, "finite": true}}}
{"case": 8, "kind": "correctness", "name": "onewarp", "shape": {"batch": 1, "fp32": false, "gate": null, "heads": 12, "lengths": null, "state_mode": "out", "tokens": 4097}, "status": "PASS", "tensors": {"final_state": {"bitwise": true, "finite": true}, "out": {"bitwise": true, "finite": true}}}
{"case": 8, "kind": "correctness", "name": "unified", "shape": {"batch": 1, "fp32": false, "gate": null, "heads": 12, "lengths": null, "state_mode": "out", "tokens": 4097}, "status": "PASS", "tensors": {"final_state": {"bitwise": true, "finite": true}, "out": {"bitwise": true, "finite": true}}}
{"case": 9, "kind": "correctness", "name": "base", "shape": {"batch": 1, "fp32": false, "gate": null, "heads": 12, "lengths": null, "state_mode": "out", "tokens": 8191}, "status": "PASS", "tensors": {"final_state": {"bitwise": true, "finite": true}, "out": {"bitwise": true, "finite": true}}}
{"case": 9, "kind": "correctness", "name": "vector", "shape": {"batch": 1, "fp32": false, "gate": null, "heads": 12, "lengths": null, "state_mode": "out", "tokens": 8191}, "status": "PASS", "tensors": {"final_state": {"bitwise": true, "finite": true}, "out": {"bitwise": true, "finite": true}}}
{"case": 9, "kind": "correctness", "name": "onewarp", "shape": {"batch": 1, "fp32": false, "gate": null, "heads": 12, "lengths": null, "state_mode": "out", "tokens": 8191}, "status": "PASS", "tensors": {"final_state": {"bitwise": true, "finite": true}, "out": {"bitwise": true, "finite": true}}}
{"case": 9, "kind": "correctness", "name": "unified", "shape": {"batch": 1, "fp32": false, "gate": null, "heads": 12, "lengths": null, "state_mode": "out", "tokens": 8191}, "status": "PASS", "tensors": {"final_state": {"bitwise": true, "finite": true}, "out": {"bitwise": true, "finite": true}}}
{"case": 10, "kind": "correctness", "name": "base", "shape": {"batch": 1, "fp32": false, "gate": null, "heads": 12, "lengths": null, "state_mode": "out", "tokens": 8192}, "status": "PASS", "tensors": {"final_state": {"bitwise": true, "finite": true}, "out": {"bitwise": true, "finite": true}}}
{"case": 10, "kind": "correctness", "name": "vector", "shape": {"batch": 1, "fp32": false, "gate": null, "heads": 12, "lengths": null, "state_mode": "out", "tokens": 8192}, "status": "PASS", "tensors": {"final_state": {"bitwise": true, "finite": true}, "out": {"bitwise": true, "finite": true}}}
{"case": 10, "kind": "correctness", "name": "onewarp", "shape": {"batch": 1, "fp32": false, "gate": null, "heads": 12, "lengths": null, "state_mode": "out", "tokens": 8192}, "status": "PASS", "tensors": {"final_state": {"bitwise": true, "finite": true}, "out": {"bitwise": true, "finite": true}}}
{"case": 10, "kind": "correctness", "name": "unified", "shape": {"batch": 1, "fp32": false, "gate": null, "heads": 12, "lengths": null, "state_mode": "out", "tokens": 8192}, "status": "PASS", "tensors": {"final_state": {"bitwise": true, "finite": true}, "out": {"bitwise": true, "finite": true}}}
{"case": 11, "kind": "correctness", "name": "base", "shape": {"batch": 1, "fp32": false, "gate": null, "heads": 12, "lengths": null, "state_mode": "out", "tokens": 8193}, "status": "PASS", "tensors": {"final_state": {"bitwise": true, "finite": true}, "out": {"bitwise": true, "finite": true}}}
{"case": 11, "kind": "correctness", "name": "vector", "shape": {"batch": 1, "fp32": false, "gate": null, "heads": 12, "lengths": null, "state_mode": "out", "tokens": 8193}, "status": "PASS", "tensors": {"final_state": {"bitwise": true, "finite": true}, "out": {"bitwise": true, "finite": true}}}
{"case": 11, "kind": "correctness", "name": "onewarp", "shape": {"batch": 1, "fp32": false, "gate": null, "heads": 12, "lengths": null, "state_mode": "out", "tokens": 8193}, "status": "PASS", "tensors": {"final_state": {"bitwise": true, "finite": true}, "out": {"bitwise": true, "finite": true}}}
{"case": 11, "kind": "correctness", "name": "unified", "shape": {"batch": 1, "fp32": false, "gate": null, "heads": 12, "lengths": null, "state_mode": "out", "tokens": 8193}, "status": "PASS", "tensors": {"final_state": {"bitwise": true, "finite": true}, "out": {"bitwise": true, "finite": true}}}
{"case": 12, "kind": "correctness", "name": "base", "shape": {"batch": 1, "fp32": false, "gate": null, "heads": 12, "lengths": null, "state_mode": "both", "tokens": 2048}, "status": "PASS", "tensors": {"final_state": {"bitwise": true, "finite": true}, "out": {"bitwise": true, "finite": true}}}
{"case": 12, "kind": "correctness", "name": "vector", "shape": {"batch": 1, "fp32": false, "gate": null, "heads": 12, "lengths": null, "state_mode": "both", "tokens": 2048}, "status": "PASS", "tensors": {"final_state": {"bitwise": true, "finite": true}, "out": {"bitwise": true, "finite": true}}}
{"case": 12, "kind": "correctness", "name": "onewarp", "shape": {"batch": 1, "fp32": false, "gate": null, "heads": 12, "lengths": null, "state_mode": "both", "tokens": 2048}, "status": "PASS", "tensors": {"final_state": {"bitwise": true, "finite": true}, "out": {"bitwise": true, "finite": true}}}
{"case": 12, "kind": "correctness", "name": "unified", "shape": {"batch": 1, "fp32": false, "gate": null, "heads": 12, "lengths": null, "state_mode": "both", "tokens": 2048}, "status": "PASS", "tensors": {"final_state": {"bitwise": true, "finite": true}, "out": {"bitwise": true, "finite": true}}}
{"case": 13, "kind": "correctness", "name": "base", "shape": {"batch": 1, "fp32": false, "gate": null, "heads": 12, "lengths": null, "state_mode": "in", "tokens": 2048}, "status": "PASS", "tensors": {"out": {"bitwise": true, "finite": true}}}
{"case": 13, "kind": "correctness", "name": "vector", "shape": {"batch": 1, "fp32": false, "gate": null, "heads": 12, "lengths": null, "state_mode": "in", "tokens": 2048}, "status": "PASS", "tensors": {"out": {"bitwise": true, "finite": true}}}
{"case": 13, "kind": "correctness", "name": "onewarp", "shape": {"batch": 1, "fp32": false, "gate": null, "heads": 12, "lengths": null, "state_mode": "in", "tokens": 2048}, "status": "PASS", "tensors": {"out": {"bitwise": true, "finite": true}}}
{"case": 13, "kind": "correctness", "name": "unified", "shape": {"batch": 1, "fp32": false, "gate": null, "heads": 12, "lengths": null, "state_mode": "in", "tokens": 2048}, "status": "PASS", "tensors": {"out": {"bitwise": true, "finite": true}}}
{"case": 14, "kind": "correctness", "name": "base", "shape": {"batch": 1, "fp32": false, "gate": null, "heads": 12, "lengths": null, "state_mode": "none", "tokens": 2048}, "status": "PASS", "tensors": {"out": {"bitwise": true, "finite": true}}}
{"case": 14, "kind": "correctness", "name": "vector", "shape": {"batch": 1, "fp32": false, "gate": null, "heads": 12, "lengths": null, "state_mode": "none", "tokens": 2048}, "status": "PASS", "tensors": {"out": {"bitwise": true, "finite": true}}}
{"case": 14, "kind": "correctness", "name": "onewarp", "shape": {"batch": 1, "fp32": false, "gate": null, "heads": 12, "lengths": null, "state_mode": "none", "tokens": 2048}, "status": "PASS", "tensors": {"out": {"bitwise": true, "finite": true}}}
{"case": 14, "kind": "correctness", "name": "unified", "shape": {"batch": 1, "fp32": false, "gate": null, "heads": 12, "lengths": null, "state_mode": "none", "tokens": 2048}, "status": "PASS", "tensors": {"out": {"bitwise": true, "finite": true}}}
{"case": 15, "kind": "correctness", "name": "base", "shape": {"batch": 1, "fp32": false, "gate": null, "heads": 12, "lengths": null, "state_mode": "both", "tokens": 8192}, "status": "PASS", "tensors": {"final_state": {"bitwise": true, "finite": true}, "out": {"bitwise": true, "finite": true}}}
{"case": 15, "kind": "correctness", "name": "vector", "shape": {"batch": 1, "fp32": false, "gate": null, "heads": 12, "lengths": null, "state_mode": "both", "tokens": 8192}, "status": "PASS", "tensors": {"final_state": {"bitwise": true, "finite": true}, "out": {"bitwise": true, "finite": true}}}
{"case": 15, "kind": "correctness", "name": "onewarp", "shape": {"batch": 1, "fp32": false, "gate": null, "heads": 12, "lengths": null, "state_mode": "both", "tokens": 8192}, "status": "PASS", "tensors": {"final_state": {"bitwise": true, "finite": true}, "out": {"bitwise": true, "finite": true}}}
{"case": 15, "kind": "correctness", "name": "unified", "shape": {"batch": 1, "fp32": false, "gate": null, "heads": 12, "lengths": null, "state_mode": "both", "tokens": 8192}, "status": "PASS", "tensors": {"final_state": {"bitwise": true, "finite": true}, "out": {"bitwise": true, "finite": true}}}
{"case": 16, "kind": "correctness", "name": "base", "shape": {"batch": 1, "fp32": false, "gate": null, "heads": 12, "lengths": null, "state_mode": "in", "tokens": 8192}, "status": "PASS", "tensors": {"out": {"bitwise": true, "finite": true}}}
{"case": 16, "kind": "correctness", "name": "vector", "shape": {"batch": 1, "fp32": false, "gate": null, "heads": 12, "lengths": null, "state_mode": "in", "tokens": 8192}, "status": "PASS", "tensors": {"out": {"bitwise": true, "finite": true}}}
{"case": 16, "kind": "correctness", "name": "onewarp", "shape": {"batch": 1, "fp32": false, "gate": null, "heads": 12, "lengths": null, "state_mode": "in", "tokens": 8192}, "status": "PASS", "tensors": {"out": {"bitwise": true, "finite": true}}}
{"case": 16, "kind": "correctness", "name": "unified", "shape": {"batch": 1, "fp32": false, "gate": null, "heads": 12, "lengths": null, "state_mode": "in", "tokens": 8192}, "status": "PASS", "tensors": {"out": {"bitwise": true, "finite": true}}}
{"case": 17, "kind": "correctness", "name": "base", "shape": {"batch": 1, "fp32": false, "gate": null, "heads": 12, "lengths": null, "state_mode": "none", "tokens": 8192}, "status": "PASS", "tensors": {"out": {"bitwise": true, "finite": true}}}
{"case": 17, "kind": "correctness", "name": "vector", "shape": {"batch": 1, "fp32": false, "gate": null, "heads": 12, "lengths": null, "state_mode": "none", "tokens": 8192}, "status": "PASS", "tensors": {"out": {"bitwise": true, "finite": true}}}
{"case": 17, "kind": "correctness", "name": "onewarp", "shape": {"batch": 1, "fp32": false, "gate": null, "heads": 12, "lengths": null, "state_mode": "none", "tokens": 8192}, "status": "PASS", "tensors": {"out": {"bitwise": true, "finite": true}}}
{"case": 17, "kind": "correctness", "name": "unified", "shape": {"batch": 1, "fp32": false, "gate": null, "heads": 12, "lengths": null, "state_mode": "none", "tokens": 8192}, "status": "PASS", "tensors": {"out": {"bitwise": true, "finite": true}}}
{"case": 18, "kind": "correctness", "name": "base", "shape": {"batch": 1, "fp32": false, "gate": -8.0, "heads": 12, "lengths": null, "state_mode": "out", "tokens": 8192}, "status": "PASS", "tensors": {"final_state": {"bitwise": true, "finite": true}, "out": {"bitwise": true, "finite": true}}}
{"case": 18, "kind": "correctness", "name": "vector", "shape": {"batch": 1, "fp32": false, "gate": -8.0, "heads": 12, "lengths": null, "state_mode": "out", "tokens": 8192}, "status": "PASS", "tensors": {"final_state": {"bitwise": true, "finite": true}, "out": {"bitwise": true, "finite": true}}}
{"case": 18, "kind": "correctness", "name": "onewarp", "shape": {"batch": 1, "fp32": false, "gate": -8.0, "heads": 12, "lengths": null, "state_mode": "out", "tokens": 8192}, "status": "PASS", "tensors": {"final_state": {"bitwise": true, "finite": true}, "out": {"bitwise": true, "finite": true}}}
{"case": 18, "kind": "correctness", "name": "unified", "shape": {"batch": 1, "fp32": false, "gate": -8.0, "heads": 12, "lengths": null, "state_mode": "out", "tokens": 8192}, "status": "PASS", "tensors": {"final_state": {"bitwise": true, "finite": true}, "out": {"bitwise": true, "finite": true}}}
{"case": 19, "kind": "correctness", "name": "base", "shape": {"batch": 1, "fp32": false, "gate": 12.0, "heads": 12, "lengths": null, "state_mode": "out", "tokens": 8192}, "status": "PASS", "tensors": {"final_state": {"bitwise": true, "finite": true}, "out": {"bitwise": true, "finite": true}}}
{"case": 19, "kind": "correctness", "name": "vector", "shape": {"batch": 1, "fp32": false, "gate": 12.0, "heads": 12, "lengths": null, "state_mode": "out", "tokens": 8192}, "status": "PASS", "tensors": {"final_state": {"bitwise": true, "finite": true}, "out": {"bitwise": true, "finite": true}}}
{"case": 19, "kind": "correctness", "name": "onewarp", "shape": {"batch": 1, "fp32": false, "gate": 12.0, "heads": 12, "lengths": null, "state_mode": "out", "tokens": 8192}, "status": "PASS", "tensors": {"final_state": {"bitwise": true, "finite": true}, "out": {"bitwise": true, "finite": true}}}
{"case": 19, "kind": "correctness", "name": "unified", "shape": {"batch": 1, "fp32": false, "gate": 12.0, "heads": 12, "lengths": null, "state_mode": "out", "tokens": 8192}, "status": "PASS", "tensors": {"final_state": {"bitwise": true, "finite": true}, "out": {"bitwise": true, "finite": true}}}
{"case": 20, "kind": "correctness", "name": "base", "shape": {"batch": 1, "fp32": false, "gate": null, "heads": 12, "lengths": [2048], "state_mode": "both", "tokens": 2048}, "status": "PASS", "tensors": {"final_state": {"bitwise": true, "finite": true}, "out": {"bitwise": true, "finite": true}}}
{"case": 20, "kind": "correctness", "name": "vector", "shape": {"batch": 1, "fp32": false, "gate": null, "heads": 12, "lengths": [2048], "state_mode": "both", "tokens": 2048}, "status": "PASS", "tensors": {"final_state": {"bitwise": true, "finite": true}, "out": {"bitwise": true, "finite": true}}}
{"case": 20, "kind": "correctness", "name": "onewarp", "shape": {"batch": 1, "fp32": false, "gate": null, "heads": 12, "lengths": [2048], "state_mode": "both", "tokens": 2048}, "status": "PASS", "tensors": {"final_state": {"bitwise": true, "finite": true}, "out": {"bitwise": true, "finite": true}}}
{"case": 20, "kind": "correctness", "name": "unified", "shape": {"batch": 1, "fp32": false, "gate": null, "heads": 12, "lengths": [2048], "state_mode": "both", "tokens": 2048}, "status": "PASS", "tensors": {"final_state": {"bitwise": true, "finite": true}, "out": {"bitwise": true, "finite": true}}}
{"case": 21, "kind": "correctness", "name": "base", "shape": {"batch": 1, "fp32": false, "gate": null, "heads": 12, "lengths": [2048], "state_mode": "out", "tokens": 2048}, "status": "PASS", "tensors": {"final_state": {"bitwise": true, "finite": true}, "out": {"bitwise": true, "finite": true}}}
{"case": 21, "kind": "correctness", "name": "vector", "shape": {"batch": 1, "fp32": false, "gate": null, "heads": 12, "lengths": [2048], "state_mode": "out", "tokens": 2048}, "status": "PASS", "tensors": {"final_state": {"bitwise": true, "finite": true}, "out": {"bitwise": true, "finite": true}}}
{"case": 21, "kind": "correctness", "name": "onewarp", "shape": {"batch": 1, "fp32": false, "gate": null, "heads": 12, "lengths": [2048], "state_mode": "out", "tokens": 2048}, "status": "PASS", "tensors": {"final_state": {"bitwise": true, "finite": true}, "out": {"bitwise": true, "finite": true}}}
{"case": 21, "kind": "correctness", "name": "unified", "shape": {"batch": 1, "fp32": false, "gate": null, "heads": 12, "lengths": [2048], "state_mode": "out", "tokens": 2048}, "status": "PASS", "tensors": {"final_state": {"bitwise": true, "finite": true}, "out": {"bitwise": true, "finite": true}}}
{"case": 22, "kind": "correctness", "name": "base", "shape": {"batch": 1, "fp32": false, "gate": null, "heads": 12, "lengths": [2048], "state_mode": "none", "tokens": 2048}, "status": "PASS", "tensors": {"out": {"bitwise": true, "finite": true}}}
{"case": 22, "kind": "correctness", "name": "vector", "shape": {"batch": 1, "fp32": false, "gate": null, "heads": 12, "lengths": [2048], "state_mode": "none", "tokens": 2048}, "status": "PASS", "tensors": {"out": {"bitwise": true, "finite": true}}}
{"case": 22, "kind": "correctness", "name": "onewarp", "shape": {"batch": 1, "fp32": false, "gate": null, "heads": 12, "lengths": [2048], "state_mode": "none", "tokens": 2048}, "status": "PASS", "tensors": {"out": {"bitwise": true, "finite": true}}}
{"case": 22, "kind": "correctness", "name": "unified", "shape": {"batch": 1, "fp32": false, "gate": null, "heads": 12, "lengths": [2048], "state_mode": "none", "tokens": 2048}, "status": "PASS", "tensors": {"out": {"bitwise": true, "finite": true}}}
{"case": 23, "kind": "correctness", "name": "base", "shape": {"batch": 1, "fp32": false, "gate": null, "heads": 12, "lengths": [8192], "state_mode": "both", "tokens": 8192}, "status": "PASS", "tensors": {"final_state": {"bitwise": true, "finite": true}, "out": {"bitwise": true, "finite": true}}}
{"case": 23, "kind": "correctness", "name": "vector", "shape": {"batch": 1, "fp32": false, "gate": null, "heads": 12, "lengths": [8192], "state_mode": "both", "tokens": 8192}, "status": "PASS", "tensors": {"final_state": {"bitwise": true, "finite": true}, "out": {"bitwise": true, "finite": true}}}
{"case": 23, "kind": "correctness", "name": "onewarp", "shape": {"batch": 1, "fp32": false, "gate": null, "heads": 12, "lengths": [8192], "state_mode": "both", "tokens": 8192}, "status": "PASS", "tensors": {"final_state": {"bitwise": true, "finite": true}, "out": {"bitwise": true, "finite": true}}}
{"case": 23, "kind": "correctness", "name": "unified", "shape": {"batch": 1, "fp32": false, "gate": null, "heads": 12, "lengths": [8192], "state_mode": "both", "tokens": 8192}, "status": "PASS", "tensors": {"final_state": {"bitwise": true, "finite": true}, "out": {"bitwise": true, "finite": true}}}
{"case": 24, "kind": "correctness", "name": "base", "shape": {"batch": 1, "fp32": false, "gate": null, "heads": 12, "lengths": [8192], "state_mode": "out", "tokens": 8192}, "status": "PASS", "tensors": {"final_state": {"bitwise": true, "finite": true}, "out": {"bitwise": true, "finite": true}}}
{"case": 24, "kind": "correctness", "name": "vector", "shape": {"batch": 1, "fp32": false, "gate": null, "heads": 12, "lengths": [8192], "state_mode": "out", "tokens": 8192}, "status": "PASS", "tensors": {"final_state": {"bitwise": true, "finite": true}, "out": {"bitwise": true, "finite": true}}}
{"case": 24, "kind": "correctness", "name": "onewarp", "shape": {"batch": 1, "fp32": false, "gate": null, "heads": 12, "lengths": [8192], "state_mode": "out", "tokens": 8192}, "status": "PASS", "tensors": {"final_state": {"bitwise": true, "finite": true}, "out": {"bitwise": true, "finite": true}}}
{"case": 24, "kind": "correctness", "name": "unified", "shape": {"batch": 1, "fp32": false, "gate": null, "heads": 12, "lengths": [8192], "state_mode": "out", "tokens": 8192}, "status": "PASS", "tensors": {"final_state": {"bitwise": true, "finite": true}, "out": {"bitwise": true, "finite": true}}}
{"case": 25, "kind": "correctness", "name": "base", "shape": {"batch": 1, "fp32": false, "gate": null, "heads": 12, "lengths": [8192], "state_mode": "none", "tokens": 8192}, "status": "PASS", "tensors": {"out": {"bitwise": true, "finite": true}}}
{"case": 25, "kind": "correctness", "name": "vector", "shape": {"batch": 1, "fp32": false, "gate": null, "heads": 12, "lengths": [8192], "state_mode": "none", "tokens": 8192}, "status": "PASS", "tensors": {"out": {"bitwise": true, "finite": true}}}
{"case": 25, "kind": "correctness", "name": "onewarp", "shape": {"batch": 1, "fp32": false, "gate": null, "heads": 12, "lengths": [8192], "state_mode": "none", "tokens": 8192}, "status": "PASS", "tensors": {"out": {"bitwise": true, "finite": true}}}
{"case": 25, "kind": "correctness", "name": "unified", "shape": {"batch": 1, "fp32": false, "gate": null, "heads": 12, "lengths": [8192], "state_mode": "none", "tokens": 8192}, "status": "PASS", "tensors": {"out": {"bitwise": true, "finite": true}}}
{"case": 26, "kind": "correctness", "name": "base", "shape": {"batch": 2, "fp32": false, "gate": null, "heads": 12, "lengths": null, "state_mode": "out", "tokens": 33}, "status": "PASS", "tensors": {"final_state": {"bitwise": true, "finite": true}, "out": {"bitwise": true, "finite": true}}}
{"case": 26, "kind": "correctness", "name": "vector", "shape": {"batch": 2, "fp32": false, "gate": null, "heads": 12, "lengths": null, "state_mode": "out", "tokens": 33}, "status": "PASS", "tensors": {"final_state": {"bitwise": true, "finite": true}, "out": {"bitwise": true, "finite": true}}}
{"case": 26, "kind": "correctness", "name": "onewarp", "shape": {"batch": 2, "fp32": false, "gate": null, "heads": 12, "lengths": null, "state_mode": "out", "tokens": 33}, "status": "PASS", "tensors": {"final_state": {"bitwise": true, "finite": true}, "out": {"bitwise": true, "finite": true}}}
{"case": 26, "kind": "correctness", "name": "unified", "shape": {"batch": 2, "fp32": false, "gate": null, "heads": 12, "lengths": null, "state_mode": "out", "tokens": 33}, "status": "PASS", "tensors": {"final_state": {"bitwise": true, "finite": true}, "out": {"bitwise": true, "finite": true}}}
{"case": 27, "kind": "correctness", "name": "base", "shape": {"batch": 1, "fp32": false, "gate": null, "heads": 12, "lengths": [0, 1, 16, 2031], "state_mode": "out", "tokens": 2048}, "status": "PASS", "tensors": {"final_state": {"bitwise": true, "finite": true}, "out": {"bitwise": true, "finite": true}}}
{"case": 27, "kind": "correctness", "name": "vector", "shape": {"batch": 1, "fp32": false, "gate": null, "heads": 12, "lengths": [0, 1, 16, 2031], "state_mode": "out", "tokens": 2048}, "status": "PASS", "tensors": {"final_state": {"bitwise": true, "finite": true}, "out": {"bitwise": true, "finite": true}}}
{"case": 27, "kind": "correctness", "name": "onewarp", "shape": {"batch": 1, "fp32": false, "gate": null, "heads": 12, "lengths": [0, 1, 16, 2031], "state_mode": "out", "tokens": 2048}, "status": "PASS", "tensors": {"final_state": {"bitwise": true, "finite": true}, "out": {"bitwise": true, "finite": true}}}
{"case": 27, "kind": "correctness", "name": "unified", "shape": {"batch": 1, "fp32": false, "gate": null, "heads": 12, "lengths": [0, 1, 16, 2031], "state_mode": "out", "tokens": 2048}, "status": "PASS", "tensors": {"final_state": {"bitwise": true, "finite": true}, "out": {"bitwise": true, "finite": true}}}
{"case": 28, "kind": "correctness", "name": "base", "shape": {"batch": 1, "fp32": true, "gate": null, "heads": 12, "lengths": null, "state_mode": "out", "tokens": 4096}, "status": "PASS", "tensors": {"final_state": {"bitwise": true, "finite": true}, "out": {"bitwise": true, "finite": true}}}
{"case": 28, "kind": "correctness", "name": "vector", "shape": {"batch": 1, "fp32": true, "gate": null, "heads": 12, "lengths": null, "state_mode": "out", "tokens": 4096}, "status": "PASS", "tensors": {"final_state": {"bitwise": true, "finite": true}, "out": {"bitwise": true, "finite": true}}}
{"case": 28, "kind": "correctness", "name": "onewarp", "shape": {"batch": 1, "fp32": true, "gate": null, "heads": 12, "lengths": null, "state_mode": "out", "tokens": 4096}, "status": "PASS", "tensors": {"final_state": {"bitwise": true, "finite": true}, "out": {"bitwise": true, "finite": true}}}
{"case": 28, "kind": "correctness", "name": "unified", "shape": {"batch": 1, "fp32": true, "gate": null, "heads": 12, "lengths": null, "state_mode": "out", "tokens": 4096}, "status": "PASS", "tensors": {"final_state": {"bitwise": true, "finite": true}, "out": {"bitwise": true, "finite": true}}}
{"case": 29, "kind": "correctness", "name": "base", "shape": {"batch": 1, "fp32": true, "gate": null, "heads": 12, "lengths": null, "state_mode": "both", "tokens": 4096}, "status": "PASS", "tensors": {"final_state": {"bitwise": true, "finite": true}, "out": {"bitwise": true, "finite": true}}}
{"case": 29, "kind": "correctness", "name": "vector", "shape": {"batch": 1, "fp32": true, "gate": null, "heads": 12, "lengths": null, "state_mode": "both", "tokens": 4096}, "status": "PASS", "tensors": {"final_state": {"bitwise": true, "finite": true}, "out": {"bitwise": true, "finite": true}}}
{"case": 29, "kind": "correctness", "name": "onewarp", "shape": {"batch": 1, "fp32": true, "gate": null, "heads": 12, "lengths": null, "state_mode": "both", "tokens": 4096}, "status": "PASS", "tensors": {"final_state": {"bitwise": true, "finite": true}, "out": {"bitwise": true, "finite": true}}}
{"case": 29, "kind": "correctness", "name": "unified", "shape": {"batch": 1, "fp32": true, "gate": null, "heads": 12, "lengths": null, "state_mode": "both", "tokens": 4096}, "status": "PASS", "tensors": {"final_state": {"bitwise": true, "finite": true}, "out": {"bitwise": true, "finite": true}}}
{"case": 30, "kind": "correctness", "name": "base", "shape": {"batch": 1, "fp32": false, "gate": null, "heads": 24, "lengths": null, "state_mode": "out", "tokens": 8192}, "status": "PASS", "tensors": {"final_state": {"bitwise": true, "finite": true}, "out": {"bitwise": true, "finite": true}}}
{"case": 30, "kind": "correctness", "name": "vector", "shape": {"batch": 1, "fp32": false, "gate": null, "heads": 24, "lengths": null, "state_mode": "out", "tokens": 8192}, "status": "PASS", "tensors": {"final_state": {"bitwise": true, "finite": true}, "out": {"bitwise": true, "finite": true}}}
{"case": 30, "kind": "correctness", "name": "onewarp", "shape": {"batch": 1, "fp32": false, "gate": null, "heads": 24, "lengths": null, "state_mode": "out", "tokens": 8192}, "status": "PASS", "tensors": {"final_state": {"bitwise": true, "finite": true}, "out": {"bitwise": true, "finite": true}}}
{"case": 30, "kind": "correctness", "name": "unified", "shape": {"batch": 1, "fp32": false, "gate": null, "heads": 24, "lengths": null, "state_mode": "out", "tokens": 8192}, "status": "PASS", "tensors": {"final_state": {"bitwise": true, "finite": true}, "out": {"bitwise": true, "finite": true}}}
{"kind": "correctness_complete", "rows": 124, "shapes": 31}
{"case": 0, "kind": "graph_correctness", "name": "legacy", "status": "PASS", "tensors": {"final_state": {"bitwise": true, "finite": true}, "out": {"bitwise": true, "finite": true}}}
{"case": 0, "kind": "graph_correctness", "name": "base", "status": "PASS", "tensors": {"final_state": {"bitwise": true, "finite": true}, "out": {"bitwise": true, "finite": true}}}
{"case": 0, "kind": "graph_correctness", "name": "vector", "status": "PASS", "tensors": {"final_state": {"bitwise": true, "finite": true}, "out": {"bitwise": true, "finite": true}}}
{"case": 0, "kind": "graph_correctness", "name": "onewarp", "status": "PASS", "tensors": {"final_state": {"bitwise": true, "finite": true}, "out": {"bitwise": true, "finite": true}}}
{"case": 0, "kind": "graph_correctness", "name": "unified", "status": "PASS", "tensors": {"final_state": {"bitwise": true, "finite": true}, "out": {"bitwise": true, "finite": true}}}
{"cache_perturbed": {"count": 30, "median_ms": 0.15056000649929047, "p10_ms": 0.15043200552463531, "p90_ms": 0.15167999267578125}, "case": 0, "decision": {"predicted_ms": {"16": 0.161239153, "32": 0.16542915800000002, "64": 0.178696517, "128": 0.214718326}, "reason": "calibrated_score_with_guard_band", "resident_blocks_per_sm": {"16": 4, "32": 4, "64": 3, "128": 2}, "reuse_footprint_bytes": 21331968, "reuse_over_l2": 0.16082015810276679, "value_slice": 16}, "eager": {"count": 60, "median_ms": 0.14796799421310425, "p10_ms": 0.14777599275112152, "p90_ms": 0.14815999567508698}, "graph": {"count": 60, "median_ms": 0.14486399292945862, "p10_ms": 0.14467200636863708, "p90_ms": 0.14496000111103058}, "kind": "performance", "name": "onewarp", "repeat": 0, "shape": {"batch": 1, "fp32": false, "gate": null, "heads": 12, "lengths": null, "state_mode": "out", "tokens": 2048}, "wall_sync": {"count": 20, "median_ms": 0.161613, "p10_ms": 0.160407, "p90_ms": 0.168118}}
{"cache_perturbed": {"count": 30, "median_ms": 0.15195199847221375, "p10_ms": 0.15052799880504608, "p90_ms": 0.15276800096035004}, "case": 0, "decision": {"predicted_ms": {"16": 0.161239153, "32": 0.16542915800000002, "64": 0.178696517, "128": 0.214718326}, "reason": "calibrated_score_with_guard_band", "resident_blocks_per_sm": {"16": 4, "32": 4, "64": 3, "128": 2}, "reuse_footprint_bytes": 21331968, "reuse_over_l2": 0.16082015810276679, "value_slice": 16}, "eager": {"count": 60, "median_ms": 0.14800000190734863, "p10_ms": 0.1478399932384491, "p90_ms": 0.1499519944190979}, "graph": {"count": 60, "median_ms": 0.14486399292945862, "p10_ms": 0.14480000734329224, "p90_ms": 0.1451839953660965}, "kind": "performance", "name": "vector", "repeat": 0, "shape": {"batch": 1, "fp32": false, "gate": null, "heads": 12, "lengths": null, "state_mode": "out", "tokens": 2048}, "wall_sync": {"count": 20, "median_ms": 0.16140300000000002, "p10_ms": 0.160568, "p90_ms": 0.162039}}
{"cache_perturbed": {"count": 30, "median_ms": 0.15256000310182571, "p10_ms": 0.1515199989080429, "p90_ms": 0.15276800096035004}, "case": 0, "decision": {"predicted_ms": {"16": 0.161239153, "32": 0.16542915800000002, "64": 0.178696517, "128": 0.214718326}, "reason": "calibrated_score_with_guard_band", "resident_blocks_per_sm": {"16": 4, "32": 4, "64": 3, "128": 2}, "reuse_footprint_bytes": 21331968, "reuse_over_l2": 0.16082015810276679, "value_slice": 16}, "eager": {"count": 60, "median_ms": 0.14905599504709244, "p10_ms": 0.14787200093269348, "p90_ms": 0.15004800260066986}, "graph": {"count": 60, "median_ms": 0.14496000111103058, "p10_ms": 0.14483200013637543, "p90_ms": 0.14588800072669983}, "kind": "performance", "name": "unified", "repeat": 0, "shape": {"batch": 1, "fp32": false, "gate": null, "heads": 12, "lengths": null, "state_mode": "out", "tokens": 2048}, "wall_sync": {"count": 20, "median_ms": 0.161878, "p10_ms": 0.161228, "p90_ms": 0.164368}}
{"cache_perturbed": {"count": 30, "median_ms": 0.15244800597429276, "p10_ms": 0.1504960060119629, "p90_ms": 0.15273599326610565}, "case": 0, "decision": {"predicted_ms": {"16": 0.161239153, "32": 0.16542915800000002, "64": 0.178696517, "128": 0.214718326}, "reason": "calibrated_score_with_guard_band", "resident_blocks_per_sm": {"16": 4, "32": 4, "64": 3, "128": 2}, "reuse_footprint_bytes": 21331968, "reuse_over_l2": 0.16082015810276679, "value_slice": 16}, "eager": {"count": 60, "median_ms": 0.1480959951877594, "p10_ms": 0.14787200093269348, "p90_ms": 0.15007999539375305}, "graph": {"count": 60, "median_ms": 0.14496000111103058, "p10_ms": 0.14476799964904785, "p90_ms": 0.14502400159835815}, "kind": "performance", "name": "legacy", "repeat": 0, "shape": {"batch": 1, "fp32": false, "gate": null, "heads": 12, "lengths": null, "state_mode": "out", "tokens": 2048}, "wall_sync": {"count": 20, "median_ms": 0.16175299999999998, "p10_ms": 0.160109, "p90_ms": 0.162417}}
{"cache_perturbed": {"count": 30, "median_ms": 0.15243200212717056, "p10_ms": 0.1504639983177185, "p90_ms": 0.15270400047302246}, "case": 0, "decision": {"predicted_ms": {"16": 0.161239153, "32": 0.16542915800000002, "64": 0.178696517, "128": 0.214718326}, "reason": "calibrated_score_with_guard_band", "resident_blocks_per_sm": {"16": 4, "32": 4, "64": 3, "128": 2}, "reuse_footprint_bytes": 21331968, "reuse_over_l2": 0.16082015810276679, "value_slice": 16}, "eager": {"count": 60, "median_ms": 0.14804799854755402, "p10_ms": 0.14793600142002106, "p90_ms": 0.14905600249767303}, "graph": {"count": 60, "median_ms": 0.14496000111103058, "p10_ms": 0.14476799964904785, "p90_ms": 0.14508800208568573}, "kind": "performance", "name": "base", "repeat": 0, "shape": {"batch": 1, "fp32": false, "gate": null, "heads": 12, "lengths": null, "state_mode": "out", "tokens": 2048}, "wall_sync": {"count": 20, "median_ms": 0.16175299999999998, "p10_ms": 0.160708, "p90_ms": 0.163038}}
{"cache_perturbed": {"count": 30, "median_ms": 0.1525759994983673, "p10_ms": 0.15142400562763214, "p90_ms": 0.15270400047302246}, "case": 0, "decision": {"predicted_ms": {"16": 0.161239153, "32": 0.16542915800000002, "64": 0.178696517, "128": 0.214718326}, "reason": "calibrated_score_with_guard_band", "resident_blocks_per_sm": {"16": 4, "32": 4, "64": 3, "128": 2}, "reuse_footprint_bytes": 21331968, "reuse_over_l2": 0.16082015810276679, "value_slice": 16}, "eager": {"count": 60, "median_ms": 0.1494559943675995, "p10_ms": 0.14796799421310425, "p90_ms": 0.1502400040626526}, "graph": {"count": 60, "median_ms": 0.14496000111103058, "p10_ms": 0.14480000734329224, "p90_ms": 0.14591999351978302}, "kind": "performance", "name": "unified", "repeat": 1, "shape": {"batch": 1, "fp32": false, "gate": null, "heads": 12, "lengths": null, "state_mode": "out", "tokens": 2048}, "wall_sync": {"count": 20, "median_ms": 0.162103, "p10_ms": 0.160998, "p90_ms": 0.163558}}
{"cache_perturbed": {"count": 30, "median_ms": 0.15059199929237366, "p10_ms": 0.15039999783039093, "p90_ms": 0.1518079936504364}, "case": 0, "decision": {"predicted_ms": {"16": 0.161239153, "32": 0.16542915800000002, "64": 0.178696517, "128": 0.214718326}, "reason": "calibrated_score_with_guard_band", "resident_blocks_per_sm": {"16": 4, "32": 4, "64": 3, "128": 2}, "reuse_footprint_bytes": 21331968, "reuse_over_l2": 0.16082015810276679, "value_slice": 16}, "eager": {"count": 60, "median_ms": 0.1480640023946762, "p10_ms": 0.14790399372577667, "p90_ms": 0.14825600385665894}, "graph": {"count": 60, "median_ms": 0.14496000111103058, "p10_ms": 0.14480000734329224, "p90_ms": 0.14505599439144135}, "kind": "performance", "name": "onewarp", "repeat": 1, "shape": {"batch": 1, "fp32": false, "gate": null, "heads": 12, "lengths": null, "state_mode": "out", "tokens": 2048}, "wall_sync": {"count": 20, "median_ms": 0.160988, "p10_ms": 0.159738, "p90_ms": 0.163849}}
{"cache_perturbed": {"count": 30, "median_ms": 0.15254400670528412, "p10_ms": 0.1504960060119629, "p90_ms": 0.15273599326610565}, "case": 0, "decision": {"predicted_ms": {"16": 0.161239153, "32": 0.16542915800000002, "64": 0.178696517, "128": 0.214718326}, "reason": "calibrated_score_with_guard_band", "resident_blocks_per_sm": {"16": 4, "32": 4, "64": 3, "128": 2}, "reuse_footprint_bytes": 21331968, "reuse_over_l2": 0.16082015810276679, "value_slice": 16}, "eager": {"count": 60, "median_ms": 0.14812800288200378, "p10_ms": 0.14787200093269348, "p90_ms": 0.15001599490642548}, "graph": {"count": 60, "median_ms": 0.14496000111103058, "p10_ms": 0.14480000734329224, "p90_ms": 0.1451839953660965}, "kind": "performance", "name": "vector", "repeat": 1, "shape": {"batch": 1, "fp32": false, "gate": null, "heads": 12, "lengths": null, "state_mode": "out", "tokens": 2048}, "wall_sync": {"count": 20, "median_ms": 0.16162300000000002, "p10_ms": 0.160838, "p90_ms": 0.163119}}
{"cache_perturbed": {"count": 30, "median_ms": 0.1523360013961792, "p10_ms": 0.15039999783039093, "p90_ms": 0.15263999998569489}, "case": 0, "decision": {"predicted_ms": {"16": 0.161239153, "32": 0.16542915800000002, "64": 0.178696517, "128": 0.214718326}, "reason": "calibrated_score_with_guard_band", "resident_blocks_per_sm": {"16": 4, "32": 4, "64": 3, "128": 2}, "reuse_footprint_bytes": 21331968, "reuse_over_l2": 0.16082015810276679, "value_slice": 16}, "eager": {"count": 60, "median_ms": 0.1480640023946762, "p10_ms": 0.14790399372577667, "p90_ms": 0.15011200308799744}, "graph": {"count": 60, "median_ms": 0.14496000111103058, "p10_ms": 0.14486399292945862, "p90_ms": 0.14511999487876892}, "kind": "performance", "name": "legacy", "repeat": 1, "shape": {"batch": 1, "fp32": false, "gate": null, "heads": 12, "lengths": null, "state_mode": "out", "tokens": 2048}, "wall_sync": {"count": 20, "median_ms": 0.161928, "p10_ms": 0.160877, "p90_ms": 0.168308}}
{"cache_perturbed": {"count": 30, "median_ms": 0.1523519977927208, "p10_ms": 0.15039999783039093, "p90_ms": 0.15270400047302246}, "case": 0, "decision": {"predicted_ms": {"16": 0.161239153, "32": 0.16542915800000002, "64": 0.178696517, "128": 0.214718326}, "reason": "calibrated_score_with_guard_band", "resident_blocks_per_sm": {"16": 4, "32": 4, "64": 3, "128": 2}, "reuse_footprint_bytes": 21331968, "reuse_over_l2": 0.16082015810276679, "value_slice": 16}, "eager": {"count": 60, "median_ms": 0.1480959951877594, "p10_ms": 0.14790399372577667, "p90_ms": 0.15007999539375305}, "graph": {"count": 60, "median_ms": 0.14496000111103058, "p10_ms": 0.14483200013637543, "p90_ms": 0.14508800208568573}, "kind": "performance", "name": "base", "repeat": 1, "shape": {"batch": 1, "fp32": false, "gate": null, "heads": 12, "lengths": null, "state_mode": "out", "tokens": 2048}, "wall_sync": {"count": 20, "median_ms": 0.161498, "p10_ms": 0.160168, "p90_ms": 0.162928}}
{"cache_perturbed": {"count": 30, "median_ms": 0.15244799852371216, "p10_ms": 0.1504960060119629, "p90_ms": 0.15279999375343323}, "case": 0, "decision": {"predicted_ms": {"16": 0.161239153, "32": 0.16542915800000002, "64": 0.178696517, "128": 0.214718326}, "reason": "calibrated_score_with_guard_band", "resident_blocks_per_sm": {"16": 4, "32": 4, "64": 3, "128": 2}, "reuse_footprint_bytes": 21331968, "reuse_over_l2": 0.16082015810276679, "value_slice": 16}, "eager": {"count": 60, "median_ms": 0.1480640023946762, "p10_ms": 0.1478399932384491, "p90_ms": 0.14905600249767303}, "graph": {"count": 60, "median_ms": 0.14496000111103058, "p10_ms": 0.14476799964904785, "p90_ms": 0.14499199390411377}, "kind": "performance", "name": "base", "repeat": 2, "shape": {"batch": 1, "fp32": false, "gate": null, "heads": 12, "lengths": null, "state_mode": "out", "tokens": 2048}, "wall_sync": {"count": 20, "median_ms": 0.16172350000000002, "p10_ms": 0.160798, "p90_ms": 0.163998}}
{"cache_perturbed": {"count": 30, "median_ms": 0.15054400265216827, "p10_ms": 0.15043200552463531, "p90_ms": 0.15241600573062897}, "case": 0, "decision": {"predicted_ms": {"16": 0.161239153, "32": 0.16542915800000002, "64": 0.178696517, "128": 0.214718326}, "reason": "calibrated_score_with_guard_band", "resident_blocks_per_sm": {"16": 4, "32": 4, "64": 3, "128": 2}, "reuse_footprint_bytes": 21331968, "reuse_over_l2": 0.16082015810276679, "value_slice": 16}, "eager": {"count": 60, "median_ms": 0.14804799854755402, "p10_ms": 0.1478080004453659, "p90_ms": 0.14819200336933136}, "graph": {"count": 60, "median_ms": 0.14496000111103058, "p10_ms": 0.14473600685596466, "p90_ms": 0.14499199390411377}, "kind": "performance", "name": "onewarp", "repeat": 2, "shape": {"batch": 1, "fp32": false, "gate": null, "heads": 12, "lengths": null, "state_mode": "out", "tokens": 2048}, "wall_sync": {"count": 20, "median_ms": 0.16066750000000002, "p10_ms": 0.159748, "p90_ms": 0.163538}}
{"cache_perturbed": {"count": 30, "median_ms": 0.15244800597429276, "p10_ms": 0.1504639983177185, "p90_ms": 0.15360000729560852}, "case": 0, "decision": {"predicted_ms": {"16": 0.161239153, "32": 0.16542915800000002, "64": 0.178696517, "128": 0.214718326}, "reason": "calibrated_score_with_guard_band", "resident_blocks_per_sm": {"16": 4, "32": 4, "64": 3, "128": 2}, "reuse_footprint_bytes": 21331968, "reuse_over_l2": 0.16082015810276679, "value_slice": 16}, "eager": {"count": 60, "median_ms": 0.1480799987912178, "p10_ms": 0.14790399372577667, "p90_ms": 0.15004800260066986}, "graph": {"count": 60, "median_ms": 0.14496000111103058, "p10_ms": 0.14483200013637543, "p90_ms": 0.1451839953660965}, "kind": "performance", "name": "vector", "repeat": 2, "shape": {"batch": 1, "fp32": false, "gate": null, "heads": 12, "lengths": null, "state_mode": "out", "tokens": 2048}, "wall_sync": {"count": 20, "median_ms": 0.161684, "p10_ms": 0.160708, "p90_ms": 0.164228}}
{"cache_perturbed": {"count": 30, "median_ms": 0.1525759994983673, "p10_ms": 0.15244799852371216, "p90_ms": 0.15279999375343323}, "case": 0, "decision": {"predicted_ms": {"16": 0.161239153, "32": 0.16542915800000002, "64": 0.178696517, "128": 0.214718326}, "reason": "calibrated_score_with_guard_band", "resident_blocks_per_sm": {"16": 4, "32": 4, "64": 3, "128": 2}, "reuse_footprint_bytes": 21331968, "reuse_over_l2": 0.16082015810276679, "value_slice": 16}, "eager": {"count": 60, "median_ms": 0.14905600249767303, "p10_ms": 0.14793600142002106, "p90_ms": 0.1502079963684082}, "graph": {"count": 60, "median_ms": 0.14496000111103058, "p10_ms": 0.144896000623703, "p90_ms": 0.14521600306034088}, "kind": "performance", "name": "unified", "repeat": 2, "shape": {"batch": 1, "fp32": false, "gate": null, "heads": 12, "lengths": null, "state_mode": "out", "tokens": 2048}, "wall_sync": {"count": 20, "median_ms": 0.16183799999999998, "p10_ms": 0.160968, "p90_ms": 0.163627}}
{"cache_perturbed": {"count": 30, "median_ms": 0.15174399316310883, "p10_ms": 0.1504639983177185, "p90_ms": 0.15267199277877808}, "case": 0, "decision": {"predicted_ms": {"16": 0.161239153, "32": 0.16542915800000002, "64": 0.178696517, "128": 0.214718326}, "reason": "calibrated_score_with_guard_band", "resident_blocks_per_sm": {"16": 4, "32": 4, "64": 3, "128": 2}, "reuse_footprint_bytes": 21331968, "reuse_over_l2": 0.16082015810276679, "value_slice": 16}, "eager": {"count": 60, "median_ms": 0.1480959951877594, "p10_ms": 0.14787200093269348, "p90_ms": 0.15007999539375305}, "graph": {"count": 60, "median_ms": 0.14496000111103058, "p10_ms": 0.14483200013637543, "p90_ms": 0.14505599439144135}, "kind": "performance", "name": "legacy", "repeat": 2, "shape": {"batch": 1, "fp32": false, "gate": null, "heads": 12, "lengths": null, "state_mode": "out", "tokens": 2048}, "wall_sync": {"count": 20, "median_ms": 0.16120299999999999, "p10_ms": 0.160438, "p90_ms": 0.163808}}
{"case": 0, "kind": "shape_complete", "shape": {"batch": 1, "fp32": false, "gate": null, "heads": 12, "lengths": null, "state_mode": "out", "tokens": 2048}}
{"case": 1, "kind": "graph_correctness", "name": "legacy", "status": "PASS", "tensors": {"final_state": {"bitwise": true, "finite": true}, "out": {"bitwise": true, "finite": true}}}
{"case": 1, "kind": "graph_correctness", "name": "base", "status": "PASS", "tensors": {"final_state": {"bitwise": true, "finite": true}, "out": {"bitwise": true, "finite": true}}}
{"case": 1, "kind": "graph_correctness", "name": "vector", "status": "PASS", "tensors": {"final_state": {"bitwise": true, "finite": true}, "out": {"bitwise": true, "finite": true}}}
{"case": 1, "kind": "graph_correctness", "name": "onewarp", "status": "PASS", "tensors": {"final_state": {"bitwise": true, "finite": true}, "out": {"bitwise": true, "finite": true}}}
{"case": 1, "kind": "graph_correctness", "name": "unified", "status": "PASS", "tensors": {"final_state": {"bitwise": true, "finite": true}, "out": {"bitwise": true, "finite": true}}}
{"cache_perturbed": {"count": 30, "median_ms": 0.1525759994983673, "p10_ms": 0.15238399803638458, "p90_ms": 0.15276800096035004}, "case": 1, "decision": {"predicted_ms": {"16": 0.161239153, "32": 0.16542915800000002, "64": 0.178696517, "128": 0.214718326}, "reason": "calibrated_score_with_guard_band", "resident_blocks_per_sm": {"16": 4, "32": 4, "64": 3, "128": 2}, "reuse_footprint_bytes": 21331968, "reuse_over_l2": 0.16082015810276679, "value_slice": 16}, "eager": {"count": 60, "median_ms": 0.14998400211334229, "p10_ms": 0.14982399344444275, "p90_ms": 0.15014399588108063}, "graph": {"count": 60, "median_ms": 0.14499199390411377, "p10_ms": 0.14483200013637543, "p90_ms": 0.14691199362277985}, "kind": "performance", "name": "unified", "repeat": 0, "shape": {"batch": 1, "fp32": false, "gate": null, "heads": 12, "lengths": null, "state_mode": "both", "tokens": 2048}, "wall_sync": {"count": 20, "median_ms": 0.16139350000000002, "p10_ms": 0.160738, "p90_ms": 0.163458}}
{"cache_perturbed": {"count": 30, "median_ms": 0.130048006772995, "p10_ms": 0.12992000579833984, "p90_ms": 0.13014400005340576}, "case": 1, "decision": {"predicted_ms": {"16": 0.161239153, "32": 0.16542915800000002, "64": 0.178696517, "128": 0.214718326}, "reason": "calibrated_score_with_guard_band", "resident_blocks_per_sm": {"16": 4, "32": 4, "64": 3, "128": 2}, "reuse_footprint_bytes": 21331968, "reuse_over_l2": 0.16082015810276679, "value_slice": 16}, "eager": {"count": 60, "median_ms": 0.12745599448680878, "p10_ms": 0.12726399302482605, "p90_ms": 0.1276800036430359}, "graph": {"count": 60, "median_ms": 0.1244800016283989, "p10_ms": 0.12422399967908859, "p90_ms": 0.12454400211572647}, "kind": "performance", "name": "legacy", "repeat": 0, "shape": {"batch": 1, "fp32": false, "gate": null, "heads": 12, "lengths": null, "state_mode": "both", "tokens": 2048}, "wall_sync": {"count": 20, "median_ms": 0.13962799999999997, "p10_ms": 0.138238, "p90_ms": 0.140849}}
{"cache_perturbed": {"count": 30, "median_ms": 0.1300640031695366, "p10_ms": 0.12992000579833984, "p90_ms": 0.13184000551700592}, "case": 1, "decision": {"predicted_ms": {"16": 0.161239153, "32": 0.16542915800000002, "64": 0.178696517, "128": 0.214718326}, "reason": "calibrated_score_with_guard_band", "resident_blocks_per_sm": {"16": 4, "32": 4, "64": 3, "128": 2}, "reuse_footprint_bytes": 21331968, "reuse_over_l2": 0.16082015810276679, "value_slice": 16}, "eager": {"count": 60, "median_ms": 0.12755200266838074, "p10_ms": 0.1273919939994812, "p90_ms": 0.12774400413036346}, "graph": {"count": 60, "median_ms": 0.12243200093507767, "p10_ms": 0.12227199971675873, "p90_ms": 0.12256000190973282}, "kind": "performance", "name": "base", "repeat": 0, "shape": {"batch": 1, "fp32": false, "gate": null, "heads": 12, "lengths": null, "state_mode": "both", "tokens": 2048}, "wall_sync": {"count": 20, "median_ms": 0.140013, "p10_ms": 0.139478, "p90_ms": 0.142378}}
{"cache_perturbed": {"count": 30, "median_ms": 0.1300320029258728, "p10_ms": 0.12992000579833984, "p90_ms": 0.1303039938211441}, "case": 1, "decision": {"predicted_ms": {"16": 0.161239153, "32": 0.16542915800000002, "64": 0.178696517, "128": 0.214718326}, "reason": "calibrated_score_with_guard_band", "resident_blocks_per_sm": {"16": 4, "32": 4, "64": 3, "128": 2}, "reuse_footprint_bytes": 21331968, "reuse_over_l2": 0.16082015810276679, "value_slice": 16}, "eager": {"count": 60, "median_ms": 0.12755200266838074, "p10_ms": 0.127360001206398, "p90_ms": 0.12771199643611908}, "graph": {"count": 60, "median_ms": 0.12243200093507767, "p10_ms": 0.12227199971675873, "p90_ms": 0.12249600142240524}, "kind": "performance", "name": "vector", "repeat": 0, "shape": {"batch": 1, "fp32": false, "gate": null, "heads": 12, "lengths": null, "state_mode": "both", "tokens": 2048}, "wall_sync": {"count": 20, "median_ms": 0.13987349999999998, "p10_ms": 0.139078, "p90_ms": 0.141349}}
{"cache_perturbed": {"count": 30, "median_ms": 0.1300320029258728, "p10_ms": 0.12992000579833984, "p90_ms": 0.13020800054073334}, "case": 1, "decision": {"predicted_ms": {"16": 0.161239153, "32": 0.16542915800000002, "64": 0.178696517, "128": 0.214718326}, "reason": "calibrated_score_with_guard_band", "resident_blocks_per_sm": {"16": 4, "32": 4, "64": 3, "128": 2}, "reuse_footprint_bytes": 21331968, "reuse_over_l2": 0.16082015810276679, "value_slice": 16}, "eager": {"count": 60, "median_ms": 0.12751999497413635, "p10_ms": 0.127360001206398, "p90_ms": 0.12771199643611908}, "graph": {"count": 60, "median_ms": 0.12374399974942207, "p10_ms": 0.12243200093507767, "p90_ms": 0.12451200187206268}, "kind": "performance", "name": "onewarp", "repeat": 0, "shape": {"batch": 1, "fp32": false, "gate": null, "heads": 12, "lengths": null, "state_mode": "both", "tokens": 2048}, "wall_sync": {"count": 20, "median_ms": 0.139783, "p10_ms": 0.138878, "p90_ms": 0.141349}}
{"cache_perturbed": {"count": 30, "median_ms": 0.130048006772995, "p10_ms": 0.1297920048236847, "p90_ms": 0.13020800054073334}, "case": 1, "decision": {"predicted_ms": {"16": 0.161239153, "32": 0.16542915800000002, "64": 0.178696517, "128": 0.214718326}, "reason": "calibrated_score_with_guard_band", "resident_blocks_per_sm": {"16": 4, "32": 4, "64": 3, "128": 2}, "reuse_footprint_bytes": 21331968, "reuse_over_l2": 0.16082015810276679, "value_slice": 16}, "eager": {"count": 60, "median_ms": 0.12756799906492233, "p10_ms": 0.12732799351215363, "p90_ms": 0.12774400413036346}, "graph": {"count": 60, "median_ms": 0.12243200093507767, "p10_ms": 0.12230399996042252, "p90_ms": 0.12265600264072418}, "kind": "performance", "name": "base", "repeat": 1, "shape": {"batch": 1, "fp32": false, "gate": null, "heads": 12, "lengths": null, "state_mode": "both", "tokens": 2048}, "wall_sync": {"count": 20, "median_ms": 0.139593, "p10_ms": 0.138578, "p90_ms": 0.142278}}
{"cache_perturbed": {"count": 30, "median_ms": 0.1526080071926117, "p10_ms": 0.15248000621795654, "p90_ms": 0.15273599326610565}, "case": 1, "decision": {"predicted_ms": {"16": 0.161239153, "32": 0.16542915800000002, "64": 0.178696517, "128": 0.214718326}, "reason": "calibrated_score_with_guard_band", "resident_blocks_per_sm": {"16": 4, "32": 4, "64": 3, "128": 2}, "reuse_footprint_bytes": 21331968, "reuse_over_l2": 0.16082015810276679, "value_slice": 16}, "eager": {"count": 60, "median_ms": 0.15007999539375305, "p10_ms": 0.14985600113868713, "p90_ms": 0.1502400040626526}, "graph": {"count": 60, "median_ms": 0.14500799775123596, "p10_ms": 0.14496000111103058, "p90_ms": 0.1470080018043518}, "kind": "performance", "name": "unified", "repeat": 1, "shape": {"batch": 1, "fp32": false, "gate": null, "heads": 12, "lengths": null, "state_mode": "both", "tokens": 2048}, "wall_sync": {"count": 20, "median_ms": 0.161988, "p10_ms": 0.161088, "p90_ms": 0.164738}}
{"cache_perturbed": {"count": 30, "median_ms": 0.13007999956607819, "p10_ms": 0.12995199859142303, "p90_ms": 0.1302720010280609}, "case": 1, "decision": {"predicted_ms": {"16": 0.161239153, "32": 0.16542915800000002, "64": 0.178696517, "128": 0.214718326}, "reason": "calibrated_score_with_guard_band", "resident_blocks_per_sm": {"16": 4, "32": 4, "64": 3, "128": 2}, "reuse_footprint_bytes": 21331968, "reuse_over_l2": 0.16082015810276679, "value_slice": 16}, "eager": {"count": 60, "median_ms": 0.12755200266838074, "p10_ms": 0.12732799351215363, "p90_ms": 0.1276479959487915}, "graph": {"count": 60, "median_ms": 0.1244800016283989, "p10_ms": 0.12428800016641617, "p90_ms": 0.12451200187206268}, "kind": "performance", "name": "legacy", "repeat": 1, "shape": {"batch": 1, "fp32": false, "gate": null, "heads": 12, "lengths": null, "state_mode": "both", "tokens": 2048}, "wall_sync": {"count": 20, "median_ms": 0.1395385, "p10_ms": 0.138658, "p90_ms": 0.140288}}
{"cache_perturbed": {"count": 30, "median_ms": 0.13007999956607819, "p10_ms": 0.12988799810409546, "p90_ms": 0.13120000064373016}, "case": 1, "decision": {"predicted_ms": {"16": 0.161239153, "32": 0.16542915800000002, "64": 0.178696517, "128": 0.214718326}, "reason": "calibrated_score_with_guard_band", "resident_blocks_per_sm": {"16": 4, "32": 4, "64": 3, "128": 2}, "reuse_footprint_bytes": 21331968, "reuse_over_l2": 0.16082015810276679, "value_slice": 16}, "eager": {"count": 60, "median_ms": 0.12755200266838074, "p10_ms": 0.127360001206398, "p90_ms": 0.12771199643611908}, "graph": {"count": 60, "median_ms": 0.12415999919176102, "p10_ms": 0.12243200093507767, "p90_ms": 0.1244800016283989}, "kind": "performance", "name": "onewarp", "repeat": 1, "shape": {"batch": 1, "fp32": false, "gate": null, "heads": 12, "lengths": null, "state_mode": "both", "tokens": 2048}, "wall_sync": {"count": 20, "median_ms": 0.139868, "p10_ms": 0.139118, "p90_ms": 0.144889}}
{"cache_perturbed": {"count": 30, "median_ms": 0.130048006772995, "p10_ms": 0.12988799810409546, "p90_ms": 0.13023999333381653}, "case": 1, "decision": {"predicted_ms": {"16": 0.161239153, "32": 0.16542915800000002, "64": 0.178696517, "128": 0.214718326}, "reason": "calibrated_score_with_guard_band", "resident_blocks_per_sm": {"16": 4, "32": 4, "64": 3, "128": 2}, "reuse_footprint_bytes": 21331968, "reuse_over_l2": 0.16082015810276679, "value_slice": 16}, "eager": {"count": 60, "median_ms": 0.12751999497413635, "p10_ms": 0.127360001206398, "p90_ms": 0.12771199643611908}, "graph": {"count": 60, "median_ms": 0.12243200093507767, "p10_ms": 0.12227199971675873, "p90_ms": 0.1225920021533966}, "kind": "performance", "name": "vector", "repeat": 1, "shape": {"batch": 1, "fp32": false, "gate": null, "heads": 12, "lengths": null, "state_mode": "both", "tokens": 2048}, "wall_sync": {"count": 20, "median_ms": 0.139843, "p10_ms": 0.139038, "p90_ms": 0.140779}}
{"cache_perturbed": {"count": 30, "median_ms": 0.1300159990787506, "p10_ms": 0.12988799810409546, "p90_ms": 0.13014400005340576}, "case": 1, "decision": {"predicted_ms": {"16": 0.161239153, "32": 0.16542915800000002, "64": 0.178696517, "128": 0.214718326}, "reason": "calibrated_score_with_guard_band", "resident_blocks_per_sm": {"16": 4, "32": 4, "64": 3, "128": 2}, "reuse_footprint_bytes": 21331968, "reuse_over_l2": 0.16082015810276679, "value_slice": 16}, "eager": {"count": 60, "median_ms": 0.12751999497413635, "p10_ms": 0.1273919939994812, "p90_ms": 0.12780800461769104}, "graph": {"count": 60, "median_ms": 0.1244800016283989, "p10_ms": 0.12348800152540207, "p90_ms": 0.12454400211572647}, "kind": "performance", "name": "legacy", "repeat": 2, "shape": {"batch": 1, "fp32": false, "gate": null, "heads": 12, "lengths": null, "state_mode": "both", "tokens": 2048}, "wall_sync": {"count": 20, "median_ms": 0.1397785, "p10_ms": 0.139098, "p90_ms": 0.141168}}
{"cache_perturbed": {"count": 30, "median_ms": 0.1526080071926117, "p10_ms": 0.15248000621795654, "p90_ms": 0.15276800096035004}, "case": 1, "decision": {"predicted_ms": {"16": 0.161239153, "32": 0.16542915800000002, "64": 0.178696517, "128": 0.214718326}, "reason": "calibrated_score_with_guard_band", "resident_blocks_per_sm": {"16": 4, "32": 4, "64": 3, "128": 2}, "reuse_footprint_bytes": 21331968, "reuse_over_l2": 0.16082015810276679, "value_slice": 16}, "eager": {"count": 60, "median_ms": 0.15009599924087524, "p10_ms": 0.1499200016260147, "p90_ms": 0.15033599734306335}, "graph": {"count": 60, "median_ms": 0.14496000111103058, "p10_ms": 0.144896000623703, "p90_ms": 0.14697599411010742}, "kind": "performance", "name": "unified", "repeat": 2, "shape": {"batch": 1, "fp32": false, "gate": null, "heads": 12, "lengths": null, "state_mode": "both", "tokens": 2048}, "wall_sync": {"count": 20, "median_ms": 0.16220299999999999, "p10_ms": 0.161338, "p90_ms": 0.163138}}
{"cache_perturbed": {"count": 30, "median_ms": 0.1300640031695366, "p10_ms": 0.12992000579833984, "p90_ms": 0.13129599392414093}, "case": 1, "decision": {"predicted_ms": {"16": 0.161239153, "32": 0.16542915800000002, "64": 0.178696517, "128": 0.214718326}, "reason": "calibrated_score_with_guard_band", "resident_blocks_per_sm": {"16": 4, "32": 4, "64": 3, "128": 2}, "reuse_footprint_bytes": 21331968, "reuse_over_l2": 0.16082015810276679, "value_slice": 16}, "eager": {"count": 60, "median_ms": 0.12753599882125854, "p10_ms": 0.127360001206398, "p90_ms": 0.12777599692344666}, "graph": {"count": 60, "median_ms": 0.12430400028824806, "p10_ms": 0.12243200093507767, "p90_ms": 0.12451200187206268}, "kind": "performance", "name": "onewarp", "repeat": 2, "shape": {"batch": 1, "fp32": false, "gate": null, "heads": 12, "lengths": null, "state_mode": "both", "tokens": 2048}, "wall_sync": {"count": 20, "median_ms": 0.139713, "p10_ms": 0.139349, "p90_ms": 0.140458}}
{"cache_perturbed": {"count": 30, "median_ms": 0.130048006772995, "p10_ms": 0.12992000579833984, "p90_ms": 0.1302720010280609}, "case": 1, "decision": {"predicted_ms": {"16": 0.161239153, "32": 0.16542915800000002, "64": 0.178696517, "128": 0.214718326}, "reason": "calibrated_score_with_guard_band", "resident_blocks_per_sm": {"16": 4, "32": 4, "64": 3, "128": 2}, "reuse_footprint_bytes": 21331968, "reuse_over_l2": 0.16082015810276679, "value_slice": 16}, "eager": {"count": 60, "median_ms": 0.12751999497413635, "p10_ms": 0.12742400169372559, "p90_ms": 0.12774400413036346}, "graph": {"count": 60, "median_ms": 0.12243200093507767, "p10_ms": 0.12230399996042252, "p90_ms": 0.1225920021533966}, "kind": "performance", "name": "base", "repeat": 2, "shape": {"batch": 1, "fp32": false, "gate": null, "heads": 12, "lengths": null, "state_mode": "both", "tokens": 2048}, "wall_sync": {"count": 20, "median_ms": 0.1400285, "p10_ms": 0.139478, "p90_ms": 0.143969}}
{"cache_perturbed": {"count": 30, "median_ms": 0.13007999956607819, "p10_ms": 0.1297920048236847, "p90_ms": 0.13023999333381653}, "case": 1, "decision": {"predicted_ms": {"16": 0.161239153, "32": 0.16542915800000002, "64": 0.178696517, "128": 0.214718326}, "reason": "calibrated_score_with_guard_band", "resident_blocks_per_sm": {"16": 4, "32": 4, "64": 3, "128": 2}, "reuse_footprint_bytes": 21331968, "reuse_over_l2": 0.16082015810276679, "value_slice": 16}, "eager": {"count": 60, "median_ms": 0.12755200266838074, "p10_ms": 0.1273919939994812, "p90_ms": 0.12774400413036346}, "graph": {"count": 60, "median_ms": 0.12243200093507767, "p10_ms": 0.12227199971675873, "p90_ms": 0.12252800166606903}, "kind": "performance", "name": "vector", "repeat": 2, "shape": {"batch": 1, "fp32": false, "gate": null, "heads": 12, "lengths": null, "state_mode": "both", "tokens": 2048}, "wall_sync": {"count": 20, "median_ms": 0.139704, "p10_ms": 0.138638, "p90_ms": 0.143608}}
{"case": 1, "kind": "shape_complete", "shape": {"batch": 1, "fp32": false, "gate": null, "heads": 12, "lengths": null, "state_mode": "both", "tokens": 2048}}
{"case": 2, "kind": "graph_correctness", "name": "legacy", "status": "PASS", "tensors": {"final_state": {"bitwise": true, "finite": true}, "out": {"bitwise": true, "finite": true}}}
{"case": 2, "kind": "graph_correctness", "name": "base", "status": "PASS", "tensors": {"final_state": {"bitwise": true, "finite": true}, "out": {"bitwise": true, "finite": true}}}
{"case": 2, "kind": "graph_correctness", "name": "vector", "status": "PASS", "tensors": {"final_state": {"bitwise": true, "finite": true}, "out": {"bitwise": true, "finite": true}}}
{"case": 2, "kind": "graph_correctness", "name": "onewarp", "status": "PASS", "tensors": {"final_state": {"bitwise": true, "finite": true}, "out": {"bitwise": true, "finite": true}}}
{"case": 2, "kind": "graph_correctness", "name": "unified", "status": "PASS", "tensors": {"final_state": {"bitwise": true, "finite": true}, "out": {"bitwise": true, "finite": true}}}
{"cache_perturbed": {"count": 30, "median_ms": 0.2836640030145645, "p10_ms": 0.28332799673080444, "p90_ms": 0.28569599986076355}, "case": 2, "decision": {"predicted_ms": {"16": 0.299137361, "32": 0.306526279, "64": 0.332568288, "128": 0.40464422899999997}, "reason": "calibrated_score_with_guard_band", "resident_blocks_per_sm": {"16": 4, "32": 4, "64": 3, "128": 2}, "reuse_footprint_bytes": 42663936, "reuse_over_l2": 0.32164031620553357, "value_slice": 16}, "eager": {"count": 60, "median_ms": 0.28507199883461, "p10_ms": 0.28307199478149414, "p90_ms": 0.2852799892425537}, "graph": {"count": 60, "median_ms": 0.2813760042190552, "p10_ms": 0.2800320088863373, "p90_ms": 0.2821120023727417}, "kind": "performance", "name": "unified", "repeat": 0, "shape": {"batch": 1, "fp32": false, "gate": null, "heads": 12, "lengths": null, "state_mode": "out", "tokens": 4096}, "wall_sync": {"count": 20, "median_ms": 0.295886, "p10_ms": 0.294717, "p90_ms": 0.297586}}
{"cache_perturbed": {"count": 30, "median_ms": 0.28360000252723694, "p10_ms": 0.28172799944877625, "p90_ms": 0.2847360074520111}, "case": 2, "decision": {"predicted_ms": {"16": 0.299137361, "32": 0.306526279, "64": 0.332568288, "128": 0.40464422899999997}, "reason": "calibrated_score_with_guard_band", "resident_blocks_per_sm": {"16": 4, "32": 4, "64": 3, "128": 2}, "reuse_footprint_bytes": 42663936, "reuse_over_l2": 0.32164031620553357, "value_slice": 16}, "eager": {"count": 60, "median_ms": 0.284975990653038, "p10_ms": 0.28300800919532776, "p90_ms": 0.2852799892425537}, "graph": {"count": 60, "median_ms": 0.2800320088863373, "p10_ms": 0.27983999252319336, "p90_ms": 0.2802560031414032}, "kind": "performance", "name": "base", "repeat": 0, "shape": {"batch": 1, "fp32": false, "gate": null, "heads": 12, "lengths": null, "state_mode": "out", "tokens": 4096}, "wall_sync": {"count": 20, "median_ms": 0.2956165, "p10_ms": 0.293677, "p90_ms": 0.303736}}
{"cache_perturbed": {"count": 30, "median_ms": 0.2816320061683655, "p10_ms": 0.2813119888305664, "p90_ms": 0.28361600637435913}, "case": 2, "decision": {"predicted_ms": {"16": 0.299137361, "32": 0.306526279, "64": 0.332568288, "128": 0.40464422899999997}, "reason": "calibrated_score_with_guard_band", "resident_blocks_per_sm": {"16": 4, "32": 4, "64": 3, "128": 2}, "reuse_footprint_bytes": 42663936, "reuse_over_l2": 0.32164031620553357, "value_slice": 16}, "eager": {"count": 60, "median_ms": 0.28303998708724976, "p10_ms": 0.2810559868812561, "p90_ms": 0.2832320034503937}, "graph": {"count": 60, "median_ms": 0.27798399329185486, "p10_ms": 0.2779200077056885, "p90_ms": 0.27900800108909607}, "kind": "performance", "name": "onewarp", "repeat": 0, "shape": {"batch": 1, "fp32": false, "gate": null, "heads": 12, "lengths": null, "state_mode": "out", "tokens": 4096}, "wall_sync": {"count": 20, "median_ms": 0.2936875, "p10_ms": 0.292258, "p90_ms": 0.297868}}
{"cache_perturbed": {"count": 30, "median_ms": 0.2837599962949753, "p10_ms": 0.28358399868011475, "p90_ms": 0.2855679988861084}, "case": 2, "decision": {"predicted_ms": {"16": 0.299137361, "32": 0.306526279, "64": 0.332568288, "128": 0.40464422899999997}, "reason": "calibrated_score_with_guard_band", "resident_blocks_per_sm": {"16": 4, "32": 4, "64": 3, "128": 2}, "reuse_footprint_bytes": 42663936, "reuse_over_l2": 0.32164031620553357, "value_slice": 16}, "eager": {"count": 60, "median_ms": 0.2850559949874878, "p10_ms": 0.28303998708724976, "p90_ms": 0.2852799892425537}, "graph": {"count": 60, "median_ms": 0.2800320088863373, "p10_ms": 0.27987200021743774, "p90_ms": 0.2802560031414032}, "kind": "performance", "name": "vector", "repeat": 0, "shape": {"batch": 1, "fp32": false, "gate": null, "heads": 12, "lengths": null, "state_mode": "out", "tokens": 4096}, "wall_sync": {"count": 20, "median_ms": 0.2950965, "p10_ms": 0.293987, "p90_ms": 0.302096}}
{"cache_perturbed": {"count": 30, "median_ms": 0.28361600637435913, "p10_ms": 0.28176000714302063, "p90_ms": 0.2845120131969452}, "case": 2, "decision": {"predicted_ms": {"16": 0.299137361, "32": 0.306526279, "64": 0.332568288, "128": 0.40464422899999997}, "reason": "calibrated_score_with_guard_band", "resident_blocks_per_sm": {"16": 4, "32": 4, "64": 3, "128": 2}, "reuse_footprint_bytes": 42663936, "reuse_over_l2": 0.32164031620553357, "value_slice": 16}, "eager": {"count": 60, "median_ms": 0.2850079983472824, "p10_ms": 0.28303998708724976, "p90_ms": 0.2853119969367981}, "graph": {"count": 60, "median_ms": 0.2800320088863373, "p10_ms": 0.2799359858036041, "p90_ms": 0.2810559868812561}, "kind": "performance", "name": "legacy", "repeat": 0, "shape": {"batch": 1, "fp32": false, "gate": null, "heads": 12, "lengths": null, "state_mode": "out", "tokens": 4096}, "wall_sync": {"count": 20, "median_ms": 0.295011, "p10_ms": 0.293856, "p90_ms": 0.299036}}
{"cache_perturbed": {"count": 30, "median_ms": 0.28355199098587036, "p10_ms": 0.2826240062713623, "p90_ms": 0.284960001707077}, "case": 2, "decision": {"predicted_ms": {"16": 0.299137361, "32": 0.306526279, "64": 0.332568288, "128": 0.40464422899999997}, "reason": "calibrated_score_with_guard_band", "resident_blocks_per_sm": {"16": 4, "32": 4, "64": 3, "128": 2}, "reuse_footprint_bytes": 42663936, "reuse_over_l2": 0.32164031620553357, "value_slice": 16}, "eager": {"count": 60, "median_ms": 0.2850559949874878, "p10_ms": 0.28118398785591125, "p90_ms": 0.2852799892425537}, "graph": {"count": 60, "median_ms": 0.2800320088863373, "p10_ms": 0.27987200021743774, "p90_ms": 0.2802560031414032}, "kind": "performance", "name": "legacy", "repeat": 1, "shape": {"batch": 1, "fp32": false, "gate": null, "heads": 12, "lengths": null, "state_mode": "out", "tokens": 4096}, "wall_sync": {"count": 20, "median_ms": 0.2952815, "p10_ms": 0.294077, "p90_ms": 0.296656}}
{"cache_perturbed": {"count": 30, "median_ms": 0.2837440073490143, "p10_ms": 0.283488005399704, "p90_ms": 0.28569599986076355}, "case": 2, "decision": {"predicted_ms": {"16": 0.299137361, "32": 0.306526279, "64": 0.332568288, "128": 0.40464422899999997}, "reason": "calibrated_score_with_guard_band", "resident_blocks_per_sm": {"16": 4, "32": 4, "64": 3, "128": 2}, "reuse_footprint_bytes": 42663936, "reuse_over_l2": 0.32164031620553357, "value_slice": 16}, "eager": {"count": 60, "median_ms": 0.28507199883461, "p10_ms": 0.2831360101699829, "p90_ms": 0.2852799892425537}, "graph": {"count": 60, "median_ms": 0.28204798698425293, "p10_ms": 0.2800320088863373, "p90_ms": 0.2821120023727417}, "kind": "performance", "name": "unified", "repeat": 1, "shape": {"batch": 1, "fp32": false, "gate": null, "heads": 12, "lengths": null, "state_mode": "out", "tokens": 4096}, "wall_sync": {"count": 20, "median_ms": 0.2957305, "p10_ms": 0.294696, "p90_ms": 0.297736}}
{"cache_perturbed": {"count": 30, "median_ms": 0.2836480140686035, "p10_ms": 0.28326401114463806, "p90_ms": 0.2857919931411743}, "case": 2, "decision": {"predicted_ms": {"16": 0.299137361, "32": 0.306526279, "64": 0.332568288, "128": 0.40464422899999997}, "reason": "calibrated_score_with_guard_band", "resident_blocks_per_sm": {"16": 4, "32": 4, "64": 3, "128": 2}, "reuse_footprint_bytes": 42663936, "reuse_over_l2": 0.32164031620553357, "value_slice": 16}, "eager": {"count": 60, "median_ms": 0.2850559949874878, "p10_ms": 0.2831040024757385, "p90_ms": 0.2852480113506317}, "graph": {"count": 60, "median_ms": 0.2800320088863373, "p10_ms": 0.2799359858036041, "p90_ms": 0.28095999360084534}, "kind": "performance", "name": "vector", "repeat": 1, "shape": {"batch": 1, "fp32": false, "gate": null, "heads": 12, "lengths": null, "state_mode": "out", "tokens": 4096}, "wall_sync": {"count": 20, "median_ms": 0.295377, "p10_ms": 0.294056, "p90_ms": 0.298517}}
{"cache_perturbed": {"count": 30, "median_ms": 0.28164801001548767, "p10_ms": 0.2812480032444, "p90_ms": 0.2837119996547699}, "case": 2, "decision": {"predicted_ms": {"16": 0.299137361, "32": 0.306526279, "64": 0.332568288, "128": 0.40464422899999997}, "reason": "calibrated_score_with_guard_band", "resident_blocks_per_sm": {"16": 4, "32": 4, "64": 3, "128": 2}, "reuse_footprint_bytes": 42663936, "reuse_over_l2": 0.32164031620553357, "value_slice": 16}, "eager": {"count": 60, "median_ms": 0.28303998708724976, "p10_ms": 0.2810879945755005, "p90_ms": 0.2831999957561493}, "graph": {"count": 60, "median_ms": 0.27798399329185486, "p10_ms": 0.2778880000114441, "p90_ms": 0.2791999876499176}, "kind": "performance", "name": "onewarp", "repeat": 1, "shape": {"batch": 1, "fp32": false, "gate": null, "heads": 12, "lengths": null, "state_mode": "out", "tokens": 4096}, "wall_sync": {"count": 20, "median_ms": 0.2936755, "p10_ms": 0.292717, "p90_ms": 0.298416}}
{"cache_perturbed": {"count": 30, "median_ms": 0.2836799919605255, "p10_ms": 0.28252801299095154, "p90_ms": 0.2847999930381775}, "case": 2, "decision": {"predicted_ms": {"16": 0.299137361, "32": 0.306526279, "64": 0.332568288, "128": 0.40464422899999997}, "reason": "calibrated_score_with_guard_band", "resident_blocks_per_sm": {"16": 4, "32": 4, "64": 3, "128": 2}, "reuse_footprint_bytes": 42663936, "reuse_over_l2": 0.32164031620553357, "value_slice": 16}, "eager": {"count": 60, "median_ms": 0.28409600257873535, "p10_ms": 0.28281599283218384, "p90_ms": 0.28537601232528687}, "graph": {"count": 60, "median_ms": 0.28012800216674805, "p10_ms": 0.2799679934978485, "p90_ms": 0.28070399165153503}, "kind": "performance", "name": "base", "repeat": 1, "shape": {"batch": 1, "fp32": false, "gate": null, "heads": 12, "lengths": null, "state_mode": "out", "tokens": 4096}, "wall_sync": {"count": 20, "median_ms": 0.29529700000000003, "p10_ms": 0.294537, "p90_ms": 0.297486}}
{"cache_perturbed": {"count": 30, "median_ms": 0.2836480140686035, "p10_ms": 0.28172799944877625, "p90_ms": 0.28540799021720886}, "case": 2, "decision": {"predicted_ms": {"16": 0.299137361, "32": 0.306526279, "64": 0.332568288, "128": 0.40464422899999997}, "reason": "calibrated_score_with_guard_band", "resident_blocks_per_sm": {"16": 4, "32": 4, "64": 3, "128": 2}, "reuse_footprint_bytes": 42663936, "reuse_over_l2": 0.32164031620553357, "value_slice": 16}, "eager": {"count": 60, "median_ms": 0.28334400057792664, "p10_ms": 0.28275200724601746, "p90_ms": 0.2852799892425537}, "graph": {"count": 60, "median_ms": 0.28012800216674805, "p10_ms": 0.2799679934978485, "p90_ms": 0.28038400411605835}, "kind": "performance", "name": "legacy", "repeat": 2, "shape": {"batch": 1, "fp32": false, "gate": null, "heads": 12, "lengths": null, "state_mode": "out", "tokens": 4096}, "wall_sync": {"count": 20, "median_ms": 0.295096, "p10_ms": 0.293816, "p90_ms": 0.299985}}
{"cache_perturbed": {"count": 30, "median_ms": 0.2836799919605255, "p10_ms": 0.2826240062713623, "p90_ms": 0.2857919931411743}, "case": 2, "decision": {"predicted_ms": {"16": 0.299137361, "32": 0.306526279, "64": 0.332568288, "128": 0.40464422899999997}, "reason": "calibrated_score_with_guard_band", "resident_blocks_per_sm": {"16": 4, "32": 4, "64": 3, "128": 2}, "reuse_footprint_bytes": 42663936, "reuse_over_l2": 0.32164031620553357, "value_slice": 16}, "eager": {"count": 60, "median_ms": 0.28507199883461, "p10_ms": 0.2831360101699829, "p90_ms": 0.2853440046310425}, "graph": {"count": 60, "median_ms": 0.28012800216674805, "p10_ms": 0.2799679934978485, "p90_ms": 0.2803199887275696}, "kind": "performance", "name": "vector", "repeat": 2, "shape": {"batch": 1, "fp32": false, "gate": null, "heads": 12, "lengths": null, "state_mode": "out", "tokens": 4096}, "wall_sync": {"count": 20, "median_ms": 0.29489600000000005, "p10_ms": 0.294028, "p90_ms": 0.296546}}
{"cache_perturbed": {"count": 30, "median_ms": 0.2837280035018921, "p10_ms": 0.2834239900112152, "p90_ms": 0.28563201427459717}, "case": 2, "decision": {"predicted_ms": {"16": 0.299137361, "32": 0.306526279, "64": 0.332568288, "128": 0.40464422899999997}, "reason": "calibrated_score_with_guard_band", "resident_blocks_per_sm": {"16": 4, "32": 4, "64": 3, "128": 2}, "reuse_footprint_bytes": 42663936, "reuse_over_l2": 0.32164031620553357, "value_slice": 16}, "eager": {"count": 60, "median_ms": 0.28507199883461, "p10_ms": 0.2831360101699829, "p90_ms": 0.2853440046310425}, "graph": {"count": 60, "median_ms": 0.2815359979867935, "p10_ms": 0.28012800216674805, "p90_ms": 0.28220799565315247}, "kind": "performance", "name": "unified", "repeat": 2, "shape": {"batch": 1, "fp32": false, "gate": null, "heads": 12, "lengths": null, "state_mode": "out", "tokens": 4096}, "wall_sync": {"count": 20, "median_ms": 0.296007, "p10_ms": 0.294876, "p90_ms": 0.300786}}
{"cache_perturbed": {"count": 30, "median_ms": 0.2816160023212433, "p10_ms": 0.2813119888305664, "p90_ms": 0.28352001309394836}, "case": 2, "decision": {"predicted_ms": {"16": 0.299137361, "32": 0.306526279, "64": 0.332568288, "128": 0.40464422899999997}, "reason": "calibrated_score_with_guard_band", "resident_blocks_per_sm": {"16": 4, "32": 4, "64": 3, "128": 2}, "reuse_footprint_bytes": 42663936, "reuse_over_l2": 0.32164031620553357, "value_slice": 16}, "eager": {"count": 60, "median_ms": 0.2831360101699829, "p10_ms": 0.2810879945755005, "p90_ms": 0.28332799673080444}, "graph": {"count": 60, "median_ms": 0.2780799865722656, "p10_ms": 0.2779519855976105, "p90_ms": 0.27910399436950684}, "kind": "performance", "name": "onewarp", "repeat": 2, "shape": {"batch": 1, "fp32": false, "gate": null, "heads": 12, "lengths": null, "state_mode": "out", "tokens": 4096}, "wall_sync": {"count": 20, "median_ms": 0.2942475, "p10_ms": 0.292967, "p90_ms": 0.301336}}
{"cache_perturbed": {"count": 30, "median_ms": 0.28361600637435913, "p10_ms": 0.28255999088287354, "p90_ms": 0.285504013299942}, "case": 2, "decision": {"predicted_ms": {"16": 0.299137361, "32": 0.306526279, "64": 0.332568288, "128": 0.40464422899999997}, "reason": "calibrated_score_with_guard_band", "resident_blocks_per_sm": {"16": 4, "32": 4, "64": 3, "128": 2}, "reuse_footprint_bytes": 42663936, "reuse_over_l2": 0.32164031620553357, "value_slice": 16}, "eager": {"count": 60, "median_ms": 0.28336000442504883, "p10_ms": 0.28303998708724976, "p90_ms": 0.2853440046310425}, "graph": {"count": 60, "median_ms": 0.28012800216674805, "p10_ms": 0.27983999252319336, "p90_ms": 0.2802239954471588}, "kind": "performance", "name": "base", "repeat": 2, "shape": {"batch": 1, "fp32": false, "gate": null, "heads": 12, "lengths": null, "state_mode": "out", "tokens": 4096}, "wall_sync": {"count": 20, "median_ms": 0.2951315, "p10_ms": 0.294257, "p90_ms": 0.295976}}
{"case": 2, "kind": "shape_complete", "shape": {"batch": 1, "fp32": false, "gate": null, "heads": 12, "lengths": null, "state_mode": "out", "tokens": 4096}}
{"case": 3, "kind": "graph_correctness", "name": "legacy", "status": "PASS", "tensors": {"final_state": {"bitwise": true, "finite": true}, "out": {"bitwise": true, "finite": true}}}
{"case": 3, "kind": "graph_correctness", "name": "base", "status": "PASS", "tensors": {"final_state": {"bitwise": true, "finite": true}, "out": {"bitwise": true, "finite": true}}}
{"case": 3, "kind": "graph_correctness", "name": "vector", "status": "PASS", "tensors": {"final_state": {"bitwise": true, "finite": true}, "out": {"bitwise": true, "finite": true}}}
{"case": 3, "kind": "graph_correctness", "name": "onewarp", "status": "PASS", "tensors": {"final_state": {"bitwise": true, "finite": true}, "out": {"bitwise": true, "finite": true}}}
{"case": 3, "kind": "graph_correctness", "name": "unified", "status": "PASS", "tensors": {"final_state": {"bitwise": true, "finite": true}, "out": {"bitwise": true, "finite": true}}}
{"cache_perturbed": {"count": 30, "median_ms": 0.23867200314998627, "p10_ms": 0.2385600060224533, "p90_ms": 0.24060800671577454}, "case": 3, "decision": {"predicted_ms": {"16": 0.299137361, "32": 0.306526279, "64": 0.332568288, "128": 0.40464422899999997}, "reason": "calibrated_score_with_guard_band", "resident_blocks_per_sm": {"16": 4, "32": 4, "64": 3, "128": 2}, "reuse_footprint_bytes": 42663936, "reuse_over_l2": 0.32164031620553357, "value_slice": 16}, "eager": {"count": 60, "median_ms": 0.2399199977517128, "p10_ms": 0.23801599442958832, "p90_ms": 0.2404160052537918}, "graph": {"count": 60, "median_ms": 0.23609599471092224, "p10_ms": 0.23503999412059784, "p90_ms": 0.23715199530124664}, "kind": "performance", "name": "onewarp", "repeat": 0, "shape": {"batch": 1, "fp32": false, "gate": null, "heads": 12, "lengths": null, "state_mode": "both", "tokens": 4096}, "wall_sync": {"count": 20, "median_ms": 0.251687, "p10_ms": 0.250657, "p90_ms": 0.254208}}
{"cache_perturbed": {"count": 30, "median_ms": 0.2836480140686035, "p10_ms": 0.282943993806839, "p90_ms": 0.28390398621559143}, "case": 3, "decision": {"predicted_ms": {"16": 0.299137361, "32": 0.306526279, "64": 0.332568288, "128": 0.40464422899999997}, "reason": "calibrated_score_with_guard_band", "resident_blocks_per_sm": {"16": 4, "32": 4, "64": 3, "128": 2}, "reuse_footprint_bytes": 42663936, "reuse_over_l2": 0.32164031620553357, "value_slice": 16}, "eager": {"count": 60, "median_ms": 0.2834720015525818, "p10_ms": 0.2831040024757385, "p90_ms": 0.28540799021720886}, "graph": {"count": 60, "median_ms": 0.28012800216674805, "p10_ms": 0.2799679934978485, "p90_ms": 0.2809920012950897}, "kind": "performance", "name": "unified", "repeat": 0, "shape": {"batch": 1, "fp32": false, "gate": null, "heads": 12, "lengths": null, "state_mode": "both", "tokens": 4096}, "wall_sync": {"count": 20, "median_ms": 0.29635100000000003, "p10_ms": 0.295256, "p90_ms": 0.297526}}
{"cache_perturbed": {"count": 30, "median_ms": 0.23862400650978088, "p10_ms": 0.23852799832820892, "p90_ms": 0.24051199853420258}, "case": 3, "decision": {"predicted_ms": {"16": 0.299137361, "32": 0.306526279, "64": 0.332568288, "128": 0.40464422899999997}, "reason": "calibrated_score_with_guard_band", "resident_blocks_per_sm": {"16": 4, "32": 4, "64": 3, "128": 2}, "reuse_footprint_bytes": 42663936, "reuse_over_l2": 0.32164031620553357, "value_slice": 16}, "eager": {"count": 60, "median_ms": 0.24003200232982635, "p10_ms": 0.23811200261116028, "p90_ms": 0.24038399755954742}, "graph": {"count": 60, "median_ms": 0.23712000250816345, "p10_ms": 0.23686400055885315, "p90_ms": 0.23731200397014618}, "kind": "performance", "name": "vector", "repeat": 0, "shape": {"batch": 1, "fp32": false, "gate": null, "heads": 12, "lengths": null, "state_mode": "both", "tokens": 4096}, "wall_sync": {"count": 20, "median_ms": 0.251662, "p10_ms": 0.250587, "p90_ms": 0.255056}}
{"cache_perturbed": {"count": 30, "median_ms": 0.2385919988155365, "p10_ms": 0.23843200504779816, "p90_ms": 0.24057599902153015}, "case": 3, "decision": {"predicted_ms": {"16": 0.299137361, "32": 0.306526279, "64": 0.332568288, "128": 0.40464422899999997}, "reason": "calibrated_score_with_guard_band", "resident_blocks_per_sm": {"16": 4, "32": 4, "64": 3, "128": 2}, "reuse_footprint_bytes": 42663936, "reuse_over_l2": 0.32164031620553357, "value_slice": 16}, "eager": {"count": 60, "median_ms": 0.239936001598835, "p10_ms": 0.23811200261116028, "p90_ms": 0.24031999707221985}, "graph": {"count": 60, "median_ms": 0.23712000250816345, "p10_ms": 0.2370239943265915, "p90_ms": 0.2372799962759018}, "kind": "performance", "name": "legacy", "repeat": 0, "shape": {"batch": 1, "fp32": false, "gate": null, "heads": 12, "lengths": null, "state_mode": "both", "tokens": 4096}, "wall_sync": {"count": 20, "median_ms": 0.25193750000000004, "p10_ms": 0.250797, "p90_ms": 0.254508}}
{"cache_perturbed": {"count": 30, "median_ms": 0.2385760024189949, "p10_ms": 0.23846399784088135, "p90_ms": 0.2388480007648468}, "case": 3, "decision": {"predicted_ms": {"16": 0.299137361, "32": 0.306526279, "64": 0.332568288, "128": 0.40464422899999997}, "reason": "calibrated_score_with_guard_band", "resident_blocks_per_sm": {"16": 4, "32": 4, "64": 3, "128": 2}, "reuse_footprint_bytes": 42663936, "reuse_over_l2": 0.32164031620553357, "value_slice": 16}, "eager": {"count": 60, "median_ms": 0.24001599848270416, "p10_ms": 0.23811200261116028, "p90_ms": 0.24035200476646423}, "graph": {"count": 60, "median_ms": 0.23712000250816345, "p10_ms": 0.23680000007152557, "p90_ms": 0.2372480034828186}, "kind": "performance", "name": "base", "repeat": 0, "shape": {"batch": 1, "fp32": false, "gate": null, "heads": 12, "lengths": null, "state_mode": "both", "tokens": 4096}, "wall_sync": {"count": 20, "median_ms": 0.25147200000000003, "p10_ms": 0.250557, "p90_ms": 0.253338}}
{"cache_perturbed": {"count": 30, "median_ms": 0.23868800699710846, "p10_ms": 0.23849600553512573, "p90_ms": 0.24048000574111938}, "case": 3, "decision": {"predicted_ms": {"16": 0.299137361, "32": 0.306526279, "64": 0.332568288, "128": 0.40464422899999997}, "reason": "calibrated_score_with_guard_band", "resident_blocks_per_sm": {"16": 4, "32": 4, "64": 3, "128": 2}, "reuse_footprint_bytes": 42663936, "reuse_over_l2": 0.32164031620553357, "value_slice": 16}, "eager": {"count": 60, "median_ms": 0.24000000208616257, "p10_ms": 0.23811200261116028, "p90_ms": 0.24031999707221985}, "graph": {"count": 60, "median_ms": 0.23712000250816345, "p10_ms": 0.23695999383926392, "p90_ms": 0.23740799725055695}, "kind": "performance", "name": "vector", "repeat": 1, "shape": {"batch": 1, "fp32": false, "gate": null, "heads": 12, "lengths": null, "state_mode": "both", "tokens": 4096}, "wall_sync": {"count": 20, "median_ms": 0.2516165, "p10_ms": 0.251277, "p90_ms": 0.266997}}
{"cache_perturbed": {"count": 30, "median_ms": 0.2385919988155365, "p10_ms": 0.23843200504779816, "p90_ms": 0.24054400622844696}, "case": 3, "decision": {"predicted_ms": {"16": 0.299137361, "32": 0.306526279, "64": 0.332568288, "128": 0.40464422899999997}, "reason": "calibrated_score_with_guard_band", "resident_blocks_per_sm": {"16": 4, "32": 4, "64": 3, "128": 2}, "reuse_footprint_bytes": 42663936, "reuse_over_l2": 0.32164031620553357, "value_slice": 16}, "eager": {"count": 60, "median_ms": 0.2399199977517128, "p10_ms": 0.23801599442958832, "p90_ms": 0.24022400379180908}, "graph": {"count": 60, "median_ms": 0.23712000250816345, "p10_ms": 0.23692800104618073, "p90_ms": 0.23721599578857422}, "kind": "performance", "name": "base", "repeat": 1, "shape": {"batch": 1, "fp32": false, "gate": null, "heads": 12, "lengths": null, "state_mode": "both", "tokens": 4096}, "wall_sync": {"count": 20, "median_ms": 0.251747, "p10_ms": 0.250327, "p90_ms": 0.252908}}
{"cache_perturbed": {"count": 30, "median_ms": 0.2836799919605255, "p10_ms": 0.28352001309394836, "p90_ms": 0.2847039997577667}, "case": 3, "decision": {"predicted_ms": {"16": 0.299137361, "32": 0.306526279, "64": 0.332568288, "128": 0.40464422899999997}, "reason": "calibrated_score_with_guard_band", "resident_blocks_per_sm": {"16": 4, "32": 4, "64": 3, "128": 2}, "reuse_footprint_bytes": 42663936, "reuse_over_l2": 0.32164031620553357, "value_slice": 16}, "eager": {"count": 60, "median_ms": 0.28512001037597656, "p10_ms": 0.2831040024757385, "p90_ms": 0.28537601232528687}, "graph": {"count": 60, "median_ms": 0.28012800216674805, "p10_ms": 0.2799679934978485, "p90_ms": 0.2811200022697449}, "kind": "performance", "name": "unified", "repeat": 1, "shape": {"batch": 1, "fp32": false, "gate": null, "heads": 12, "lengths": null, "state_mode": "both", "tokens": 4096}, "wall_sync": {"count": 20, "median_ms": 0.2958415, "p10_ms": 0.294767, "p90_ms": 0.297496}}
{"cache_perturbed": {"count": 30, "median_ms": 0.23868800699710846, "p10_ms": 0.23852799832820892, "p90_ms": 0.24063999950885773}, "case": 3, "decision": {"predicted_ms": {"16": 0.299137361, "32": 0.306526279, "64": 0.332568288, "128": 0.40464422899999997}, "reason": "calibrated_score_with_guard_band", "resident_blocks_per_sm": {"16": 4, "32": 4, "64": 3, "128": 2}, "reuse_footprint_bytes": 42663936, "reuse_over_l2": 0.32164031620553357, "value_slice": 16}, "eager": {"count": 60, "median_ms": 0.23999999463558197, "p10_ms": 0.23814399540424347, "p90_ms": 0.24038399755954742}, "graph": {"count": 60, "median_ms": 0.2353920042514801, "p10_ms": 0.23503999412059784, "p90_ms": 0.23715199530124664}, "kind": "performance", "name": "onewarp", "repeat": 1, "shape": {"batch": 1, "fp32": false, "gate": null, "heads": 12, "lengths": null, "state_mode": "both", "tokens": 4096}, "wall_sync": {"count": 20, "median_ms": 0.2515725, "p10_ms": 0.250597, "p90_ms": 0.256987}}
{"cache_perturbed": {"count": 30, "median_ms": 0.2385919988155365, "p10_ms": 0.23846399784088135, "p90_ms": 0.23980799317359924}, "case": 3, "decision": {"predicted_ms": {"16": 0.299137361, "32": 0.306526279, "64": 0.332568288, "128": 0.40464422899999997}, "reason": "calibrated_score_with_guard_band", "resident_blocks_per_sm": {"16": 4, "32": 4, "64": 3, "128": 2}, "reuse_footprint_bytes": 42663936, "reuse_over_l2": 0.32164031620553357, "value_slice": 16}, "eager": {"count": 60, "median_ms": 0.24003200232982635, "p10_ms": 0.23811200261116028, "p90_ms": 0.24038399755954742}, "graph": {"count": 60, "median_ms": 0.23712000250816345, "p10_ms": 0.23695999383926392, "p90_ms": 0.2372799962759018}, "kind": "performance", "name": "legacy", "repeat": 1, "shape": {"batch": 1, "fp32": false, "gate": null, "heads": 12, "lengths": null, "state_mode": "both", "tokens": 4096}, "wall_sync": {"count": 20, "median_ms": 0.25147200000000003, "p10_ms": 0.249667, "p90_ms": 0.255047}}
{"cache_perturbed": {"count": 30, "median_ms": 0.2386080026626587, "p10_ms": 0.23849600553512573, "p90_ms": 0.24054400622844696}, "case": 3, "decision": {"predicted_ms": {"16": 0.299137361, "32": 0.306526279, "64": 0.332568288, "128": 0.40464422899999997}, "reason": "calibrated_score_with_guard_band", "resident_blocks_per_sm": {"16": 4, "32": 4, "64": 3, "128": 2}, "reuse_footprint_bytes": 42663936, "reuse_over_l2": 0.32164031620553357, "value_slice": 16}, "eager": {"count": 60, "median_ms": 0.23982399702072144, "p10_ms": 0.2380480021238327, "p90_ms": 0.24028800427913666}, "graph": {"count": 60, "median_ms": 0.23712000250816345, "p10_ms": 0.23695999383926392, "p90_ms": 0.23731200397014618}, "kind": "performance", "name": "base", "repeat": 2, "shape": {"batch": 1, "fp32": false, "gate": null, "heads": 12, "lengths": null, "state_mode": "both", "tokens": 4096}, "wall_sync": {"count": 20, "median_ms": 0.2514815, "p10_ms": 0.249797, "p90_ms": 0.254458}}
{"cache_perturbed": {"count": 30, "median_ms": 0.2385919988155365, "p10_ms": 0.23843200504779816, "p90_ms": 0.23984000086784363}, "case": 3, "decision": {"predicted_ms": {"16": 0.299137361, "32": 0.306526279, "64": 0.332568288, "128": 0.40464422899999997}, "reason": "calibrated_score_with_guard_band", "resident_blocks_per_sm": {"16": 4, "32": 4, "64": 3, "128": 2}, "reuse_footprint_bytes": 42663936, "reuse_over_l2": 0.32164031620553357, "value_slice": 16}, "eager": {"count": 60, "median_ms": 0.24007999897003174, "p10_ms": 0.2380799949169159, "p90_ms": 0.24038399755954742}, "graph": {"count": 60, "median_ms": 0.23611199855804443, "p10_ms": 0.23503999412059784, "p90_ms": 0.23715199530124664}, "kind": "performance", "name": "onewarp", "repeat": 2, "shape": {"batch": 1, "fp32": false, "gate": null, "heads": 12, "lengths": null, "state_mode": "both", "tokens": 4096}, "wall_sync": {"count": 20, "median_ms": 0.25206249999999997, "p10_ms": 0.250917, "p90_ms": 0.256767}}
{"cache_perturbed": {"count": 30, "median_ms": 0.2836640030145645, "p10_ms": 0.2833920121192932, "p90_ms": 0.2847360074520111}, "case": 3, "decision": {"predicted_ms": {"16": 0.299137361, "32": 0.306526279, "64": 0.332568288, "128": 0.40464422899999997}, "reason": "calibrated_score_with_guard_band", "resident_blocks_per_sm": {"16": 4, "32": 4, "64": 3, "128": 2}, "reuse_footprint_bytes": 42663936, "reuse_over_l2": 0.32164031620553357, "value_slice": 16}, "eager": {"count": 60, "median_ms": 0.2849920094013214, "p10_ms": 0.2831679880619049, "p90_ms": 0.28537601232528687}, "graph": {"count": 60, "median_ms": 0.28012800216674805, "p10_ms": 0.2800000011920929, "p90_ms": 0.28115200996398926}, "kind": "performance", "name": "unified", "repeat": 2, "shape": {"batch": 1, "fp32": false, "gate": null, "heads": 12, "lengths": null, "state_mode": "both", "tokens": 4096}, "wall_sync": {"count": 20, "median_ms": 0.296942, "p10_ms": 0.295406, "p90_ms": 0.299337}}
{"cache_perturbed": {"count": 30, "median_ms": 0.23867200314998627, "p10_ms": 0.23843200504779816, "p90_ms": 0.2388480007648468}, "case": 3, "decision": {"predicted_ms": {"16": 0.299137361, "32": 0.306526279, "64": 0.332568288, "128": 0.40464422899999997}, "reason": "calibrated_score_with_guard_band", "resident_blocks_per_sm": {"16": 4, "32": 4, "64": 3, "128": 2}, "reuse_footprint_bytes": 42663936, "reuse_over_l2": 0.32164031620553357, "value_slice": 16}, "eager": {"count": 60, "median_ms": 0.24006399512290955, "p10_ms": 0.2380480021238327, "p90_ms": 0.24031999707221985}, "graph": {"count": 60, "median_ms": 0.23707199841737747, "p10_ms": 0.23689599335193634, "p90_ms": 0.2372799962759018}, "kind": "performance", "name": "legacy", "repeat": 2, "shape": {"batch": 1, "fp32": false, "gate": null, "heads": 12, "lengths": null, "state_mode": "both", "tokens": 4096}, "wall_sync": {"count": 20, "median_ms": 0.25131749999999997, "p10_ms": 0.250177, "p90_ms": 0.255678}}
{"cache_perturbed": {"count": 30, "median_ms": 0.23862400650978088, "p10_ms": 0.23846399784088135, "p90_ms": 0.23980799317359924}, "case": 3, "decision": {"predicted_ms": {"16": 0.299137361, "32": 0.306526279, "64": 0.332568288, "128": 0.40464422899999997}, "reason": "calibrated_score_with_guard_band", "resident_blocks_per_sm": {"16": 4, "32": 4, "64": 3, "128": 2}, "reuse_footprint_bytes": 42663936, "reuse_over_l2": 0.32164031620553357, "value_slice": 16}, "eager": {"count": 60, "median_ms": 0.2399039939045906, "p10_ms": 0.2380799949169159, "p90_ms": 0.24031999707221985}, "graph": {"count": 60, "median_ms": 0.23712000250816345, "p10_ms": 0.2369920015335083, "p90_ms": 0.2372480034828186}, "kind": "performance", "name": "vector", "repeat": 2, "shape": {"batch": 1, "fp32": false, "gate": null, "heads": 12, "lengths": null, "state_mode": "both", "tokens": 4096}, "wall_sync": {"count": 20, "median_ms": 0.252051, "p10_ms": 0.250497, "p90_ms": 0.257758}}
{"case": 3, "kind": "shape_complete", "shape": {"batch": 1, "fp32": false, "gate": null, "heads": 12, "lengths": null, "state_mode": "both", "tokens": 4096}}
{"case": 4, "kind": "graph_correctness", "name": "legacy", "status": "PASS", "tensors": {"final_state": {"bitwise": true, "finite": true}, "out": {"bitwise": true, "finite": true}}}
{"case": 4, "kind": "graph_correctness", "name": "base", "status": "PASS", "tensors": {"final_state": {"bitwise": true, "finite": true}, "out": {"bitwise": true, "finite": true}}}
{"case": 4, "kind": "graph_correctness", "name": "vector", "status": "PASS", "tensors": {"final_state": {"bitwise": true, "finite": true}, "out": {"bitwise": true, "finite": true}}}
{"case": 4, "kind": "graph_correctness", "name": "onewarp", "status": "PASS", "tensors": {"final_state": {"bitwise": true, "finite": true}, "out": {"bitwise": true, "finite": true}}}
{"case": 4, "kind": "graph_correctness", "name": "unified", "status": "PASS", "tensors": {"final_state": {"bitwise": true, "finite": true}, "out": {"bitwise": true, "finite": true}}}
{"cache_perturbed": {"count": 30, "median_ms": 0.5500639975070953, "p10_ms": 0.5498560070991516, "p90_ms": 0.5520319938659668}, "case": 4, "decision": {"predicted_ms": {"16": 0.5743007899999999, "32": 0.588260421, "64": 0.638657433, "128": 0.7839451}, "reason": "calibrated_score_with_guard_band", "resident_blocks_per_sm": {"16": 4, "32": 4, "64": 3, "128": 2}, "reuse_footprint_bytes": 85327872, "reuse_over_l2": 0.6432806324110671, "value_slice": 16}, "eager": {"count": 60, "median_ms": 0.5493760108947754, "p10_ms": 0.5472959876060486, "p90_ms": 0.5514240264892578}, "graph": {"count": 60, "median_ms": 0.5462719798088074, "p10_ms": 0.5452479720115662, "p90_ms": 0.5463680028915405}, "kind": "performance", "name": "unified", "repeat": 0, "shape": {"batch": 1, "fp32": false, "gate": null, "heads": 12, "lengths": null, "state_mode": "out", "tokens": 8192}, "wall_sync": {"count": 20, "median_ms": 0.5624235, "p10_ms": 0.561683, "p90_ms": 0.568583}}
{"cache_perturbed": {"count": 30, "median_ms": 0.5499200224876404, "p10_ms": 0.5497599840164185, "p90_ms": 0.5519999861717224}, "case": 4, "decision": {"predicted_ms": {"16": 0.5743007899999999, "32": 0.588260421, "64": 0.638657433, "128": 0.7839451}, "reason": "calibrated_score_with_guard_band", "resident_blocks_per_sm": {"16": 4, "32": 4, "64": 3, "128": 2}, "reuse_footprint_bytes": 85327872, "reuse_over_l2": 0.6432806324110671, "value_slice": 16}, "eager": {"count": 60, "median_ms": 0.5492479801177979, "p10_ms": 0.5472959876060486, "p90_ms": 0.5494719743728638}, "graph": {"count": 60, "median_ms": 0.5462719798088074, "p10_ms": 0.5452479720115662, "p90_ms": 0.5463359951972961}, "kind": "performance", "name": "vector", "repeat": 0, "shape": {"batch": 1, "fp32": false, "gate": null, "heads": 12, "lengths": null, "state_mode": "out", "tokens": 8192}, "wall_sync": {"count": 20, "median_ms": 0.5608685, "p10_ms": 0.559933, "p90_ms": 0.564202}}
{"cache_perturbed": {"count": 30, "median_ms": 0.547648012638092, "p10_ms": 0.5457919836044312, "p90_ms": 0.5479679703712463}, "case": 4, "decision": {"predicted_ms": {"16": 0.5743007899999999, "32": 0.588260421, "64": 0.638657433, "128": 0.7839451}, "reason": "calibrated_score_with_guard_band", "resident_blocks_per_sm": {"16": 4, "32": 4, "64": 3, "128": 2}, "reuse_footprint_bytes": 85327872, "reuse_over_l2": 0.6432806324110671, "value_slice": 16}, "eager": {"count": 60, "median_ms": 0.5453439950942993, "p10_ms": 0.5442879796028137, "p90_ms": 0.5472959876060486}, "graph": {"count": 60, "median_ms": 0.5421760082244873, "p10_ms": 0.5421440005302429, "p90_ms": 0.5437759757041931}, "kind": "performance", "name": "onewarp", "repeat": 0, "shape": {"batch": 1, "fp32": false, "gate": null, "heads": 12, "lengths": null, "state_mode": "out", "tokens": 8192}, "wall_sync": {"count": 20, "median_ms": 0.5578879999999999, "p10_ms": 0.557104, "p90_ms": 0.560283}}
{"cache_perturbed": {"count": 30, "median_ms": 0.5499680042266846, "p10_ms": 0.5490239858627319, "p90_ms": 0.5519359707832336}, "case": 4, "decision": {"predicted_ms": {"16": 0.5743007899999999, "32": 0.588260421, "64": 0.638657433, "128": 0.7839451}, "reason": "calibrated_score_with_guard_band", "resident_blocks_per_sm": {"16": 4, "32": 4, "64": 3, "128": 2}, "reuse_footprint_bytes": 85327872, "reuse_over_l2": 0.6432806324110671, "value_slice": 16}, "eager": {"count": 60, "median_ms": 0.5492479801177979, "p10_ms": 0.5472959876060486, "p90_ms": 0.5495359897613525}, "graph": {"count": 60, "median_ms": 0.5442240238189697, "p10_ms": 0.5441280007362366, "p90_ms": 0.5452479720115662}, "kind": "performance", "name": "base", "repeat": 0, "shape": {"batch": 1, "fp32": false, "gate": null, "heads": 12, "lengths": null, "state_mode": "out", "tokens": 8192}, "wall_sync": {"count": 20, "median_ms": 0.5603579999999999, "p10_ms": 0.559554, "p90_ms": 0.563523}}
{"cache_perturbed": {"count": 30, "median_ms": 0.5499040186405182, "p10_ms": 0.5488640069961548, "p90_ms": 0.551904022693634}, "case": 4, "decision": {"predicted_ms": {"16": 0.5743007899999999, "32": 0.588260421, "64": 0.638657433, "128": 0.7839451}, "reason": "calibrated_score_with_guard_band", "resident_blocks_per_sm": {"16": 4, "32": 4, "64": 3, "128": 2}, "reuse_footprint_bytes": 85327872, "reuse_over_l2": 0.6432806324110671, "value_slice": 16}, "eager": {"count": 60, "median_ms": 0.5491680204868317, "p10_ms": 0.5471680164337158, "p90_ms": 0.5495039820671082}, "graph": {"count": 60, "median_ms": 0.5442559719085693, "p10_ms": 0.5441280007362366, "p90_ms": 0.5452479720115662}, "kind": "performance", "name": "legacy", "repeat": 0, "shape": {"batch": 1, "fp32": false, "gate": null, "heads": 12, "lengths": null, "state_mode": "out", "tokens": 8192}, "wall_sync": {"count": 20, "median_ms": 0.5604985, "p10_ms": 0.559334, "p90_ms": 0.563893}}
{"cache_perturbed": {"count": 30, "median_ms": 0.5499999821186066, "p10_ms": 0.5496960282325745, "p90_ms": 0.551967978477478}, "case": 4, "decision": {"predicted_ms": {"16": 0.5743007899999999, "32": 0.588260421, "64": 0.638657433, "128": 0.7839451}, "reason": "calibrated_score_with_guard_band", "resident_blocks_per_sm": {"16": 4, "32": 4, "64": 3, "128": 2}, "reuse_footprint_bytes": 85327872, "reuse_over_l2": 0.6432806324110671, "value_slice": 16}, "eager": {"count": 60, "median_ms": 0.5493119955062866, "p10_ms": 0.5472959876060486, "p90_ms": 0.5513920187950134}, "graph": {"count": 60, "median_ms": 0.5462719798088074, "p10_ms": 0.5453439950942993, "p90_ms": 0.5464000105857849}, "kind": "performance", "name": "unified", "repeat": 1, "shape": {"batch": 1, "fp32": false, "gate": null, "heads": 12, "lengths": null, "state_mode": "out", "tokens": 8192}, "wall_sync": {"count": 20, "median_ms": 0.5622830000000001, "p10_ms": 0.560813, "p90_ms": 0.569694}}
{"cache_perturbed": {"count": 30, "median_ms": 0.5476160049438477, "p10_ms": 0.5458239912986755, "p90_ms": 0.5480639934539795}, "case": 4, "decision": {"predicted_ms": {"16": 0.5743007899999999, "32": 0.588260421, "64": 0.638657433, "128": 0.7839451}, "reason": "calibrated_score_with_guard_band", "resident_blocks_per_sm": {"16": 4, "32": 4, "64": 3, "128": 2}, "reuse_footprint_bytes": 85327872, "reuse_over_l2": 0.6432806324110671, "value_slice": 16}, "eager": {"count": 60, "median_ms": 0.5453439950942993, "p10_ms": 0.5442559719085693, "p90_ms": 0.5473920106887817}, "graph": {"count": 60, "median_ms": 0.5422879755496979, "p10_ms": 0.5421119928359985, "p90_ms": 0.5442240238189697}, "kind": "performance", "name": "onewarp", "repeat": 1, "shape": {"batch": 1, "fp32": false, "gate": null, "heads": 12, "lengths": null, "state_mode": "out", "tokens": 8192}, "wall_sync": {"count": 20, "median_ms": 0.5576685, "p10_ms": 0.557094, "p90_ms": 0.562413}}
{"cache_perturbed": {"count": 30, "median_ms": 0.54995197057724, "p10_ms": 0.5497599840164185, "p90_ms": 0.551967978477478}, "case": 4, "decision": {"predicted_ms": {"16": 0.5743007899999999, "32": 0.588260421, "64": 0.638657433, "128": 0.7839451}, "reason": "calibrated_score_with_guard_band", "resident_blocks_per_sm": {"16": 4, "32": 4, "64": 3, "128": 2}, "reuse_footprint_bytes": 85327872, "reuse_over_l2": 0.6432806324110671, "value_slice": 16}, "eager": {"count": 60, "median_ms": 0.5492319762706757, "p10_ms": 0.5472959876060486, "p90_ms": 0.5496000051498413}, "graph": {"count": 60, "median_ms": 0.5462719798088074, "p10_ms": 0.5452479720115662, "p90_ms": 0.5463680028915405}, "kind": "performance", "name": "vector", "repeat": 1, "shape": {"batch": 1, "fp32": false, "gate": null, "heads": 12, "lengths": null, "state_mode": "out", "tokens": 8192}, "wall_sync": {"count": 20, "median_ms": 0.560838, "p10_ms": 0.560024, "p90_ms": 0.561643}}
{"cache_perturbed": {"count": 30, "median_ms": 0.5499839782714844, "p10_ms": 0.5497599840164185, "p90_ms": 0.5518720149993896}, "case": 4, "decision": {"predicted_ms": {"16": 0.5743007899999999, "32": 0.588260421, "64": 0.638657433, "128": 0.7839451}, "reason": "calibrated_score_with_guard_band", "resident_blocks_per_sm": {"16": 4, "32": 4, "64": 3, "128": 2}, "reuse_footprint_bytes": 85327872, "reuse_over_l2": 0.6432806324110671, "value_slice": 16}, "eager": {"count": 60, "median_ms": 0.5492319762706757, "p10_ms": 0.5472639799118042, "p90_ms": 0.5495679974555969}, "graph": {"count": 60, "median_ms": 0.5442240238189697, "p10_ms": 0.544160008430481, "p90_ms": 0.5452479720115662}, "kind": "performance", "name": "base", "repeat": 1, "shape": {"batch": 1, "fp32": false, "gate": null, "heads": 12, "lengths": null, "state_mode": "out", "tokens": 8192}, "wall_sync": {"count": 20, "median_ms": 0.5607385, "p10_ms": 0.559603, "p90_ms": 0.567843}}
{"cache_perturbed": {"count": 30, "median_ms": 0.54995197057724, "p10_ms": 0.5497279763221741, "p90_ms": 0.5519359707832336}, "case": 4, "decision": {"predicted_ms": {"16": 0.5743007899999999, "32": 0.588260421, "64": 0.638657433, "128": 0.7839451}, "reason": "calibrated_score_with_guard_band", "resident_blocks_per_sm": {"16": 4, "32": 4, "64": 3, "128": 2}, "reuse_footprint_bytes": 85327872, "reuse_over_l2": 0.6432806324110671, "value_slice": 16}, "eager": {"count": 60, "median_ms": 0.5492479801177979, "p10_ms": 0.5472000241279602, "p90_ms": 0.5494400262832642}, "graph": {"count": 60, "median_ms": 0.5442240238189697, "p10_ms": 0.5440959930419922, "p90_ms": 0.5452799797058105}, "kind": "performance", "name": "legacy", "repeat": 1, "shape": {"batch": 1, "fp32": false, "gate": null, "heads": 12, "lengths": null, "state_mode": "out", "tokens": 8192}, "wall_sync": {"count": 20, "median_ms": 0.560703, "p10_ms": 0.560013, "p90_ms": 0.565952}}
{"cache_perturbed": {"count": 30, "median_ms": 0.5499679744243622, "p10_ms": 0.5497599840164185, "p90_ms": 0.551904022693634}, "case": 4, "decision": {"predicted_ms": {"16": 0.5743007899999999, "32": 0.588260421, "64": 0.638657433, "128": 0.7839451}, "reason": "calibrated_score_with_guard_band", "resident_blocks_per_sm": {"16": 4, "32": 4, "64": 3, "128": 2}, "reuse_footprint_bytes": 85327872, "reuse_over_l2": 0.6432806324110671, "value_slice": 16}, "eager": {"count": 60, "median_ms": 0.5492319762706757, "p10_ms": 0.5472959876060486, "p90_ms": 0.5496320128440857}, "graph": {"count": 60, "median_ms": 0.546239972114563, "p10_ms": 0.5452479720115662, "p90_ms": 0.5463680028915405}, "kind": "performance", "name": "vector", "repeat": 2, "shape": {"batch": 1, "fp32": false, "gate": null, "heads": 12, "lengths": null, "state_mode": "out", "tokens": 8192}, "wall_sync": {"count": 20, "median_ms": 0.560773, "p10_ms": 0.559514, "p90_ms": 0.568043}}
{"cache_perturbed": {"count": 30, "median_ms": 0.5474079847335815, "p10_ms": 0.5457280278205872, "p90_ms": 0.5479999780654907}, "case": 4, "decision": {"predicted_ms": {"16": 0.5743007899999999, "32": 0.588260421, "64": 0.638657433, "128": 0.7839451}, "reason": "calibrated_score_with_guard_band", "resident_blocks_per_sm": {"16": 4, "32": 4, "64": 3, "128": 2}, "reuse_footprint_bytes": 85327872, "reuse_over_l2": 0.6432806324110671, "value_slice": 16}, "eager": {"count": 60, "median_ms": 0.5452799797058105, "p10_ms": 0.5432000160217285, "p90_ms": 0.5473600029945374}, "graph": {"count": 60, "median_ms": 0.5421920120716095, "p10_ms": 0.5421440005302429, "p90_ms": 0.5440000295639038}, "kind": "performance", "name": "onewarp", "repeat": 2, "shape": {"batch": 1, "fp32": false, "gate": null, "heads": 12, "lengths": null, "state_mode": "out", "tokens": 8192}, "wall_sync": {"count": 20, "median_ms": 0.5572385, "p10_ms": 0.556784, "p90_ms": 0.564484}}
{"cache_perturbed": {"count": 30, "median_ms": 0.549888014793396, "p10_ms": 0.5497919917106628, "p90_ms": 0.5519359707832336}, "case": 4, "decision": {"predicted_ms": {"16": 0.5743007899999999, "32": 0.588260421, "64": 0.638657433, "128": 0.7839451}, "reason": "calibrated_score_with_guard_band", "resident_blocks_per_sm": {"16": 4, "32": 4, "64": 3, "128": 2}, "reuse_footprint_bytes": 85327872, "reuse_over_l2": 0.6432806324110671, "value_slice": 16}, "eager": {"count": 60, "median_ms": 0.5491360127925873, "p10_ms": 0.5472639799118042, "p90_ms": 0.5494719743728638}, "graph": {"count": 60, "median_ms": 0.5442240238189697, "p10_ms": 0.5440319776535034, "p90_ms": 0.5452479720115662}, "kind": "performance", "name": "base", "repeat": 2, "shape": {"batch": 1, "fp32": false, "gate": null, "heads": 12, "lengths": null, "state_mode": "out", "tokens": 8192}, "wall_sync": {"count": 20, "median_ms": 0.5602929999999999, "p10_ms": 0.559124, "p90_ms": 0.568253}}
{"cache_perturbed": {"count": 30, "median_ms": 0.5500639975070953, "p10_ms": 0.5497919917106628, "p90_ms": 0.5519359707832336}, "case": 4, "decision": {"predicted_ms": {"16": 0.5743007899999999, "32": 0.588260421, "64": 0.638657433, "128": 0.7839451}, "reason": "calibrated_score_with_guard_band", "resident_blocks_per_sm": {"16": 4, "32": 4, "64": 3, "128": 2}, "reuse_footprint_bytes": 85327872, "reuse_over_l2": 0.6432806324110671, "value_slice": 16}, "eager": {"count": 60, "median_ms": 0.5493600070476532, "p10_ms": 0.5472959876060486, "p90_ms": 0.5514240264892578}, "graph": {"count": 60, "median_ms": 0.5462719798088074, "p10_ms": 0.5452479720115662, "p90_ms": 0.5463680028915405}, "kind": "performance", "name": "unified", "repeat": 2, "shape": {"batch": 1, "fp32": false, "gate": null, "heads": 12, "lengths": null, "state_mode": "out", "tokens": 8192}, "wall_sync": {"count": 20, "median_ms": 0.5622085, "p10_ms": 0.560973, "p90_ms": 0.565363}}
{"cache_perturbed": {"count": 30, "median_ms": 0.54995197057724, "p10_ms": 0.5497599840164185, "p90_ms": 0.5518720149993896}, "case": 4, "decision": {"predicted_ms": {"16": 0.5743007899999999, "32": 0.588260421, "64": 0.638657433, "128": 0.7839451}, "reason": "calibrated_score_with_guard_band", "resident_blocks_per_sm": {"16": 4, "32": 4, "64": 3, "128": 2}, "reuse_footprint_bytes": 85327872, "reuse_over_l2": 0.6432806324110671, "value_slice": 16}, "eager": {"count": 60, "median_ms": 0.5483520030975342, "p10_ms": 0.547327995300293, "p90_ms": 0.5495359897613525}, "graph": {"count": 60, "median_ms": 0.5443519949913025, "p10_ms": 0.5441920161247253, "p90_ms": 0.5453439950942993}, "kind": "performance", "name": "legacy", "repeat": 2, "shape": {"batch": 1, "fp32": false, "gate": null, "heads": 12, "lengths": null, "state_mode": "out", "tokens": 8192}, "wall_sync": {"count": 20, "median_ms": 0.5601480000000001, "p10_ms": 0.559323, "p90_ms": 0.563023}}
{"case": 4, "kind": "shape_complete", "shape": {"batch": 1, "fp32": false, "gate": null, "heads": 12, "lengths": null, "state_mode": "out", "tokens": 8192}}
{"case": 5, "kind": "graph_correctness", "name": "legacy", "status": "PASS", "tensors": {"final_state": {"bitwise": true, "finite": true}, "out": {"bitwise": true, "finite": true}}}
{"case": 5, "kind": "graph_correctness", "name": "base", "status": "PASS", "tensors": {"final_state": {"bitwise": true, "finite": true}, "out": {"bitwise": true, "finite": true}}}
{"case": 5, "kind": "graph_correctness", "name": "vector", "status": "PASS", "tensors": {"final_state": {"bitwise": true, "finite": true}, "out": {"bitwise": true, "finite": true}}}
{"case": 5, "kind": "graph_correctness", "name": "onewarp", "status": "PASS", "tensors": {"final_state": {"bitwise": true, "finite": true}, "out": {"bitwise": true, "finite": true}}}
{"case": 5, "kind": "graph_correctness", "name": "unified", "status": "PASS", "tensors": {"final_state": {"bitwise": true, "finite": true}, "out": {"bitwise": true, "finite": true}}}
{"cache_perturbed": {"count": 30, "median_ms": 0.5519359707832336, "p10_ms": 0.5499839782714844, "p90_ms": 0.5530239939689636}, "case": 5, "decision": {"predicted_ms": {"16": 0.5743007899999999, "32": 0.588260421, "64": 0.638657433, "128": 0.7839451}, "reason": "calibrated_score_with_guard_band", "resident_blocks_per_sm": {"16": 4, "32": 4, "64": 3, "128": 2}, "reuse_footprint_bytes": 85327872, "reuse_over_l2": 0.6432806324110671, "value_slice": 16}, "eager": {"count": 60, "median_ms": 0.5512799918651581, "p10_ms": 0.5493760108947754, "p90_ms": 0.551584005355835}, "graph": {"count": 60, "median_ms": 0.5481600165367126, "p10_ms": 0.5462719798088074, "p90_ms": 0.548416018486023}, "kind": "performance", "name": "unified", "repeat": 0, "shape": {"batch": 1, "fp32": false, "gate": null, "heads": 12, "lengths": null, "state_mode": "both", "tokens": 8192}, "wall_sync": {"count": 20, "median_ms": 0.5624575, "p10_ms": 0.561453, "p90_ms": 0.566893}}
{"cache_perturbed": {"count": 30, "median_ms": 0.4597119987010956, "p10_ms": 0.4578239917755127, "p90_ms": 0.4609920084476471}, "case": 5, "decision": {"predicted_ms": {"16": 0.5743007899999999, "32": 0.588260421, "64": 0.638657433, "128": 0.7839451}, "reason": "calibrated_score_with_guard_band", "resident_blocks_per_sm": {"16": 4, "32": 4, "64": 3, "128": 2}, "reuse_footprint_bytes": 85327872, "reuse_over_l2": 0.6432806324110671, "value_slice": 16}, "eager": {"count": 60, "median_ms": 0.4591040015220642, "p10_ms": 0.4572800099849701, "p90_ms": 0.4594559967517853}, "graph": {"count": 60, "median_ms": 0.4552159905433655, "p10_ms": 0.4541440010070801, "p90_ms": 0.4562560021877289}, "kind": "performance", "name": "legacy", "repeat": 0, "shape": {"batch": 1, "fp32": false, "gate": null, "heads": 12, "lengths": null, "state_mode": "both", "tokens": 8192}, "wall_sync": {"count": 20, "median_ms": 0.47122450000000005, "p10_ms": 0.470054, "p90_ms": 0.473495}}
{"cache_perturbed": {"count": 30, "median_ms": 0.45974400639533997, "p10_ms": 0.4577920138835907, "p90_ms": 0.46089598536491394}, "case": 5, "decision": {"predicted_ms": {"16": 0.5743007899999999, "32": 0.588260421, "64": 0.638657433, "128": 0.7839451}, "reason": "calibrated_score_with_guard_band", "resident_blocks_per_sm": {"16": 4, "32": 4, "64": 3, "128": 2}, "reuse_footprint_bytes": 85327872, "reuse_over_l2": 0.6432806324110671, "value_slice": 16}, "eager": {"count": 60, "median_ms": 0.4591200053691864, "p10_ms": 0.4572159945964813, "p90_ms": 0.4593920111656189}, "graph": {"count": 60, "median_ms": 0.4561600089073181, "p10_ms": 0.4551680088043213, "p90_ms": 0.4562560021877289}, "kind": "performance", "name": "base", "repeat": 0, "shape": {"batch": 1, "fp32": false, "gate": null, "heads": 12, "lengths": null, "state_mode": "both", "tokens": 8192}, "wall_sync": {"count": 20, "median_ms": 0.471125, "p10_ms": 0.470084, "p90_ms": 0.473356}}
{"cache_perturbed": {"count": 30, "median_ms": 0.45974400639533997, "p10_ms": 0.4586560130119324, "p90_ms": 0.4609279930591583}, "case": 5, "decision": {"predicted_ms": {"16": 0.5743007899999999, "32": 0.588260421, "64": 0.638657433, "128": 0.7839451}, "reason": "calibrated_score_with_guard_band", "resident_blocks_per_sm": {"16": 4, "32": 4, "64": 3, "128": 2}, "reuse_footprint_bytes": 85327872, "reuse_over_l2": 0.6432806324110671, "value_slice": 16}, "eager": {"count": 60, "median_ms": 0.4591679871082306, "p10_ms": 0.4572159945964813, "p90_ms": 0.4593920111656189}, "graph": {"count": 60, "median_ms": 0.4561600089073181, "p10_ms": 0.4551360011100769, "p90_ms": 0.4564160108566284}, "kind": "performance", "name": "onewarp", "repeat": 0, "shape": {"batch": 1, "fp32": false, "gate": null, "heads": 12, "lengths": null, "state_mode": "both", "tokens": 8192}, "wall_sync": {"count": 20, "median_ms": 0.4712345, "p10_ms": 0.469725, "p90_ms": 0.474355}}
{"cache_perturbed": {"count": 30, "median_ms": 0.45977601408958435, "p10_ms": 0.45769599080085754, "p90_ms": 0.46089598536491394}, "case": 5, "decision": {"predicted_ms": {"16": 0.5743007899999999, "32": 0.588260421, "64": 0.638657433, "128": 0.7839451}, "reason": "calibrated_score_with_guard_band", "resident_blocks_per_sm": {"16": 4, "32": 4, "64": 3, "128": 2}, "reuse_footprint_bytes": 85327872, "reuse_over_l2": 0.6432806324110671, "value_slice": 16}, "eager": {"count": 60, "median_ms": 0.459199994802475, "p10_ms": 0.4572159945964813, "p90_ms": 0.45948800444602966}, "graph": {"count": 60, "median_ms": 0.45612800121307373, "p10_ms": 0.4551360011100769, "p90_ms": 0.4562560021877289}, "kind": "performance", "name": "vector", "repeat": 0, "shape": {"batch": 1, "fp32": false, "gate": null, "heads": 12, "lengths": null, "state_mode": "both", "tokens": 8192}, "wall_sync": {"count": 20, "median_ms": 0.4706595, "p10_ms": 0.469754, "p90_ms": 0.473035}}
{"cache_perturbed": {"count": 30, "median_ms": 0.4596959948539734, "p10_ms": 0.45798400044441223, "p90_ms": 0.4609920084476471}, "case": 5, "decision": {"predicted_ms": {"16": 0.5743007899999999, "32": 0.588260421, "64": 0.638657433, "128": 0.7839451}, "reason": "calibrated_score_with_guard_band", "resident_blocks_per_sm": {"16": 4, "32": 4, "64": 3, "128": 2}, "reuse_footprint_bytes": 85327872, "reuse_over_l2": 0.6432806324110671, "value_slice": 16}, "eager": {"count": 60, "median_ms": 0.4591360092163086, "p10_ms": 0.45718398690223694, "p90_ms": 0.4593600034713745}, "graph": {"count": 60, "median_ms": 0.4561600089073181, "p10_ms": 0.4551360011100769, "p90_ms": 0.45638400316238403}, "kind": "performance", "name": "onewarp", "repeat": 1, "shape": {"batch": 1, "fp32": false, "gate": null, "heads": 12, "lengths": null, "state_mode": "both", "tokens": 8192}, "wall_sync": {"count": 20, "median_ms": 0.470465, "p10_ms": 0.469684, "p90_ms": 0.475404}}
{"cache_perturbed": {"count": 30, "median_ms": 0.4596480131149292, "p10_ms": 0.4577920138835907, "p90_ms": 0.4610559940338135}, "case": 5, "decision": {"predicted_ms": {"16": 0.5743007899999999, "32": 0.588260421, "64": 0.638657433, "128": 0.7839451}, "reason": "calibrated_score_with_guard_band", "resident_blocks_per_sm": {"16": 4, "32": 4, "64": 3, "128": 2}, "reuse_footprint_bytes": 85327872, "reuse_over_l2": 0.6432806324110671, "value_slice": 16}, "eager": {"count": 60, "median_ms": 0.4591679871082306, "p10_ms": 0.4572800099849701, "p90_ms": 0.4593600034713745}, "graph": {"count": 60, "median_ms": 0.4561600089073181, "p10_ms": 0.45529600977897644, "p90_ms": 0.45631998777389526}, "kind": "performance", "name": "vector", "repeat": 1, "shape": {"batch": 1, "fp32": false, "gate": null, "heads": 12, "lengths": null, "state_mode": "both", "tokens": 8192}, "wall_sync": {"count": 20, "median_ms": 0.470614, "p10_ms": 0.469864, "p90_ms": 0.473024}}
{"cache_perturbed": {"count": 30, "median_ms": 0.45977601408958435, "p10_ms": 0.45772799849510193, "p90_ms": 0.46086400747299194}, "case": 5, "decision": {"predicted_ms": {"16": 0.5743007899999999, "32": 0.588260421, "64": 0.638657433, "128": 0.7839451}, "reason": "calibrated_score_with_guard_band", "resident_blocks_per_sm": {"16": 4, "32": 4, "64": 3, "128": 2}, "reuse_footprint_bytes": 85327872, "reuse_over_l2": 0.6432806324110671, "value_slice": 16}, "eager": {"count": 60, "median_ms": 0.4591679871082306, "p10_ms": 0.4573119878768921, "p90_ms": 0.4593920111656189}, "graph": {"count": 60, "median_ms": 0.45612800121307373, "p10_ms": 0.4551360011100769, "p90_ms": 0.4561919867992401}, "kind": "performance", "name": "base", "repeat": 1, "shape": {"batch": 1, "fp32": false, "gate": null, "heads": 12, "lengths": null, "state_mode": "both", "tokens": 8192}, "wall_sync": {"count": 20, "median_ms": 0.4706095, "p10_ms": 0.469325, "p90_ms": 0.473014}}
{"cache_perturbed": {"count": 30, "median_ms": 0.45979200303554535, "p10_ms": 0.4586560130119324, "p90_ms": 0.46083199977874756}, "case": 5, "decision": {"predicted_ms": {"16": 0.5743007899999999, "32": 0.588260421, "64": 0.638657433, "128": 0.7839451}, "reason": "calibrated_score_with_guard_band", "resident_blocks_per_sm": {"16": 4, "32": 4, "64": 3, "128": 2}, "reuse_footprint_bytes": 85327872, "reuse_over_l2": 0.6432806324110671, "value_slice": 16}, "eager": {"count": 60, "median_ms": 0.4591679871082306, "p10_ms": 0.45715200901031494, "p90_ms": 0.4594239890575409}, "graph": {"count": 60, "median_ms": 0.4551360011100769, "p10_ms": 0.4541119933128357, "p90_ms": 0.4561600089073181}, "kind": "performance", "name": "legacy", "repeat": 1, "shape": {"batch": 1, "fp32": false, "gate": null, "heads": 12, "lengths": null, "state_mode": "both", "tokens": 8192}, "wall_sync": {"count": 20, "median_ms": 0.47150000000000003, "p10_ms": 0.470314, "p90_ms": 0.479615}}
{"cache_perturbed": {"count": 30, "median_ms": 0.5519199967384338, "p10_ms": 0.5499200224876404, "p90_ms": 0.5539519786834717}, "case": 5, "decision": {"predicted_ms": {"16": 0.5743007899999999, "32": 0.588260421, "64": 0.638657433, "128": 0.7839451}, "reason": "calibrated_score_with_guard_band", "resident_blocks_per_sm": {"16": 4, "32": 4, "64": 3, "128": 2}, "reuse_footprint_bytes": 85327872, "reuse_over_l2": 0.6432806324110671, "value_slice": 16}, "eager": {"count": 60, "median_ms": 0.5513440072536469, "p10_ms": 0.5494080185890198, "p90_ms": 0.5515519976615906}, "graph": {"count": 60, "median_ms": 0.5474400222301483, "p10_ms": 0.5463680028915405, "p90_ms": 0.5484480261802673}, "kind": "performance", "name": "unified", "repeat": 1, "shape": {"batch": 1, "fp32": false, "gate": null, "heads": 12, "lengths": null, "state_mode": "both", "tokens": 8192}, "wall_sync": {"count": 20, "median_ms": 0.5623180000000001, "p10_ms": 0.561344, "p90_ms": 0.565263}}
{"cache_perturbed": {"count": 30, "median_ms": 0.5518880188465118, "p10_ms": 0.549888014793396, "p90_ms": 0.5522559881210327}, "case": 5, "decision": {"predicted_ms": {"16": 0.5743007899999999, "32": 0.588260421, "64": 0.638657433, "128": 0.7839451}, "reason": "calibrated_score_with_guard_band", "resident_blocks_per_sm": {"16": 4, "32": 4, "64": 3, "128": 2}, "reuse_footprint_bytes": 85327872, "reuse_over_l2": 0.6432806324110671, "value_slice": 16}, "eager": {"count": 60, "median_ms": 0.5513920187950134, "p10_ms": 0.549344003200531, "p90_ms": 0.5516160130500793}, "graph": {"count": 60, "median_ms": 0.5474400222301483, "p10_ms": 0.5463680028915405, "p90_ms": 0.548416018486023}, "kind": "performance", "name": "unified", "repeat": 2, "shape": {"batch": 1, "fp32": false, "gate": null, "heads": 12, "lengths": null, "state_mode": "both", "tokens": 8192}, "wall_sync": {"count": 20, "median_ms": 0.5625235, "p10_ms": 0.561583, "p90_ms": 0.572464}}
{"cache_perturbed": {"count": 30, "median_ms": 0.45977601408958435, "p10_ms": 0.4587840139865875, "p90_ms": 0.46115198731422424}, "case": 5, "decision": {"predicted_ms": {"16": 0.5743007899999999, "32": 0.588260421, "64": 0.638657433, "128": 0.7839451}, "reason": "calibrated_score_with_guard_band", "resident_blocks_per_sm": {"16": 4, "32": 4, "64": 3, "128": 2}, "reuse_footprint_bytes": 85327872, "reuse_over_l2": 0.6432806324110671, "value_slice": 16}, "eager": {"count": 60, "median_ms": 0.459199994802475, "p10_ms": 0.4572800099849701, "p90_ms": 0.45952001214027405}, "graph": {"count": 60, "median_ms": 0.45476800203323364, "p10_ms": 0.45417600870132446, "p90_ms": 0.4562560021877289}, "kind": "performance", "name": "legacy", "repeat": 2, "shape": {"batch": 1, "fp32": false, "gate": null, "heads": 12, "lengths": null, "state_mode": "both", "tokens": 8192}, "wall_sync": {"count": 20, "median_ms": 0.4706545, "p10_ms": 0.469904, "p90_ms": 0.475975}}
{"cache_perturbed": {"count": 30, "median_ms": 0.45977601408958435, "p10_ms": 0.45795199275016785, "p90_ms": 0.4617280066013336}, "case": 5, "decision": {"predicted_ms": {"16": 0.5743007899999999, "32": 0.588260421, "64": 0.638657433, "128": 0.7839451}, "reason": "calibrated_score_with_guard_band", "resident_blocks_per_sm": {"16": 4, "32": 4, "64": 3, "128": 2}, "reuse_footprint_bytes": 85327872, "reuse_over_l2": 0.6432806324110671, "value_slice": 16}, "eager": {"count": 60, "median_ms": 0.459199994802475, "p10_ms": 0.4572800099849701, "p90_ms": 0.45955199003219604}, "graph": {"count": 60, "median_ms": 0.4562560021877289, "p10_ms": 0.45523199439048767, "p90_ms": 0.45628800988197327}, "kind": "performance", "name": "vector", "repeat": 2, "shape": {"batch": 1, "fp32": false, "gate": null, "heads": 12, "lengths": null, "state_mode": "both", "tokens": 8192}, "wall_sync": {"count": 20, "median_ms": 0.4714345, "p10_ms": 0.469805, "p90_ms": 0.477324}}
{"cache_perturbed": {"count": 30, "median_ms": 0.4598720073699951, "p10_ms": 0.45763200521469116, "p90_ms": 0.4619840085506439}, "case": 5, "decision": {"predicted_ms": {"16": 0.5743007899999999, "32": 0.588260421, "64": 0.638657433, "128": 0.7839451}, "reason": "calibrated_score_with_guard_band", "resident_blocks_per_sm": {"16": 4, "32": 4, "64": 3, "128": 2}, "reuse_footprint_bytes": 85327872, "reuse_over_l2": 0.6432806324110671, "value_slice": 16}, "eager": {"count": 60, "median_ms": 0.45924800634384155, "p10_ms": 0.4572800099849701, "p90_ms": 0.4594239890575409}, "graph": {"count": 60, "median_ms": 0.4562560021877289, "p10_ms": 0.45523199439048767, "p90_ms": 0.45638400316238403}, "kind": "performance", "name": "onewarp", "repeat": 2, "shape": {"batch": 1, "fp32": false, "gate": null, "heads": 12, "lengths": null, "state_mode": "both", "tokens": 8192}, "wall_sync": {"count": 20, "median_ms": 0.471099, "p10_ms": 0.470225, "p90_ms": 0.472865}}
{"cache_perturbed": {"count": 30, "median_ms": 0.45974400639533997, "p10_ms": 0.4580160081386566, "p90_ms": 0.4609600007534027}, "case": 5, "decision": {"predicted_ms": {"16": 0.5743007899999999, "32": 0.588260421, "64": 0.638657433, "128": 0.7839451}, "reason": "calibrated_score_with_guard_band", "resident_blocks_per_sm": {"16": 4, "32": 4, "64": 3, "128": 2}, "reuse_footprint_bytes": 85327872, "reuse_over_l2": 0.6432806324110671, "value_slice": 16}, "eager": {"count": 60, "median_ms": 0.4591519981622696, "p10_ms": 0.4572480022907257, "p90_ms": 0.4594239890575409}, "graph": {"count": 60, "median_ms": 0.4562560021877289, "p10_ms": 0.45523199439048767, "p90_ms": 0.45631998777389526}, "kind": "performance", "name": "base", "repeat": 2, "shape": {"batch": 1, "fp32": false, "gate": null, "heads": 12, "lengths": null, "state_mode": "both", "tokens": 8192}, "wall_sync": {"count": 20, "median_ms": 0.471044, "p10_ms": 0.470134, "p90_ms": 0.472555}}
{"case": 5, "kind": "shape_complete", "shape": {"batch": 1, "fp32": false, "gate": null, "heads": 12, "lengths": null, "state_mode": "both", "tokens": 8192}}
{"case": 6, "kind": "graph_correctness", "name": "legacy", "status": "PASS", "tensors": {"out": {"bitwise": true, "finite": true}}}
{"case": 6, "kind": "graph_correctness", "name": "base", "status": "PASS", "tensors": {"out": {"bitwise": true, "finite": true}}}
{"case": 6, "kind": "graph_correctness", "name": "vector", "status": "PASS", "tensors": {"out": {"bitwise": true, "finite": true}}}
{"case": 6, "kind": "graph_correctness", "name": "onewarp", "status": "PASS", "tensors": {"out": {"bitwise": true, "finite": true}}}
{"case": 6, "kind": "graph_correctness", "name": "unified", "status": "PASS", "tensors": {"out": {"bitwise": true, "finite": true}}}
{"cache_perturbed": {"count": 30, "median_ms": 0.5497759878635406, "p10_ms": 0.5478399991989136, "p90_ms": 0.5517759919166565}, "case": 6, "decision": {"predicted_ms": {"16": 0.5743007899999999, "32": 0.588260421, "64": 0.638657433, "128": 0.7839451}, "reason": "calibrated_score_with_guard_band", "resident_blocks_per_sm": {"16": 4, "32": 4, "64": 3, "128": 2}, "reuse_footprint_bytes": 85327872, "reuse_over_l2": 0.6432806324110671, "value_slice": 16}, "eager": {"count": 60, "median_ms": 0.5493119955062866, "p10_ms": 0.547327995300293, "p90_ms": 0.5504000186920166}, "graph": {"count": 60, "median_ms": 0.5453119874000549, "p10_ms": 0.5442879796028137, "p90_ms": 0.5463680028915405}, "kind": "performance", "name": "base", "repeat": 0, "shape": {"batch": 1, "fp32": false, "gate": null, "heads": 12, "lengths": null, "state_mode": "none", "tokens": 8192}, "wall_sync": {"count": 20, "median_ms": 0.561133, "p10_ms": 0.560353, "p90_ms": 0.564924}}
{"cache_perturbed": {"count": 30, "median_ms": 0.5497120022773743, "p10_ms": 0.5477439761161804, "p90_ms": 0.5501120090484619}, "case": 6, "decision": {"predicted_ms": {"16": 0.5743007899999999, "32": 0.588260421, "64": 0.638657433, "128": 0.7839451}, "reason": "calibrated_score_with_guard_band", "resident_blocks_per_sm": {"16": 4, "32": 4, "64": 3, "128": 2}, "reuse_footprint_bytes": 85327872, "reuse_over_l2": 0.6432806324110671, "value_slice": 16}, "eager": {"count": 60, "median_ms": 0.5493760108947754, "p10_ms": 0.5474240183830261, "p90_ms": 0.5504000186920166}, "graph": {"count": 60, "median_ms": 0.5452000200748444, "p10_ms": 0.5443199872970581, "p90_ms": 0.5463680028915405}, "kind": "performance", "name": "legacy", "repeat": 0, "shape": {"batch": 1, "fp32": false, "gate": null, "heads": 12, "lengths": null, "state_mode": "none", "tokens": 8192}, "wall_sync": {"count": 20, "median_ms": 0.560694, "p10_ms": 0.560074, "p90_ms": 0.567153}}
{"cache_perturbed": {"count": 30, "median_ms": 0.547791987657547, "p10_ms": 0.5458239912986755, "p90_ms": 0.5497919917106628}, "case": 6, "decision": {"predicted_ms": {"16": 0.5743007899999999, "32": 0.588260421, "64": 0.638657433, "128": 0.7839451}, "reason": "calibrated_score_with_guard_band", "resident_blocks_per_sm": {"16": 4, "32": 4, "64": 3, "128": 2}, "reuse_footprint_bytes": 85327872, "reuse_over_l2": 0.6432806324110671, "value_slice": 16}, "eager": {"count": 60, "median_ms": 0.5471360087394714, "p10_ms": 0.5452479720115662, "p90_ms": 0.5474879741668701}, "graph": {"count": 60, "median_ms": 0.5421760082244873, "p10_ms": 0.5420160293579102, "p90_ms": 0.5433599948883057}, "kind": "performance", "name": "onewarp", "repeat": 0, "shape": {"batch": 1, "fp32": false, "gate": null, "heads": 12, "lengths": null, "state_mode": "none", "tokens": 8192}, "wall_sync": {"count": 20, "median_ms": 0.5582590000000001, "p10_ms": 0.557383, "p90_ms": 0.560944}}
{"cache_perturbed": {"count": 30, "median_ms": 0.547872006893158, "p10_ms": 0.5468159914016724, "p90_ms": 0.549888014793396}, "case": 6, "decision": {"predicted_ms": {"16": 0.5743007899999999, "32": 0.588260421, "64": 0.638657433, "128": 0.7839451}, "reason": "calibrated_score_with_guard_band", "resident_blocks_per_sm": {"16": 4, "32": 4, "64": 3, "128": 2}, "reuse_footprint_bytes": 85327872, "reuse_over_l2": 0.6432806324110671, "value_slice": 16}, "eager": {"count": 60, "median_ms": 0.5475839972496033, "p10_ms": 0.5454080104827881, "p90_ms": 0.5494719743728638}, "graph": {"count": 60, "median_ms": 0.5444000065326691, "p10_ms": 0.5443199872970581, "p90_ms": 0.5463680028915405}, "kind": "performance", "name": "unified", "repeat": 0, "shape": {"batch": 1, "fp32": false, "gate": null, "heads": 12, "lengths": null, "state_mode": "none", "tokens": 8192}, "wall_sync": {"count": 20, "median_ms": 0.559758, "p10_ms": 0.559123, "p90_ms": 0.562443}}
{"cache_perturbed": {"count": 30, "median_ms": 0.5498560070991516, "p10_ms": 0.5478399991989136, "p90_ms": 0.5518720149993896}, "case": 6, "decision": {"predicted_ms": {"16": 0.5743007899999999, "32": 0.588260421, "64": 0.638657433, "128": 0.7839451}, "reason": "calibrated_score_with_guard_band", "resident_blocks_per_sm": {"16": 4, "32": 4, "64": 3, "128": 2}, "reuse_footprint_bytes": 85327872, "reuse_over_l2": 0.6432806324110671, "value_slice": 16}, "eager": {"count": 60, "median_ms": 0.5492799878120422, "p10_ms": 0.547327995300293, "p90_ms": 0.5502719879150391}, "graph": {"count": 60, "median_ms": 0.5453760027885437, "p10_ms": 0.5442879796028137, "p90_ms": 0.5464320182800293}, "kind": "performance", "name": "vector", "repeat": 0, "shape": {"batch": 1, "fp32": false, "gate": null, "heads": 12, "lengths": null, "state_mode": "none", "tokens": 8192}, "wall_sync": {"count": 20, "median_ms": 0.5614790000000001, "p10_ms": 0.560054, "p90_ms": 0.565433}}
{"cache_perturbed": {"count": 30, "median_ms": 0.5479679703712463, "p10_ms": 0.5476800203323364, "p90_ms": 0.54995197057724}, "case": 6, "decision": {"predicted_ms": {"16": 0.5743007899999999, "32": 0.588260421, "64": 0.638657433, "128": 0.7839451}, "reason": "calibrated_score_with_guard_band", "resident_blocks_per_sm": {"16": 4, "32": 4, "64": 3, "128": 2}, "reuse_footprint_bytes": 85327872, "reuse_over_l2": 0.6432806324110671, "value_slice": 16}, "eager": {"count": 60, "median_ms": 0.5475199818611145, "p10_ms": 0.5457280278205872, "p90_ms": 0.5494080185890198}, "graph": {"count": 60, "median_ms": 0.5443519949913025, "p10_ms": 0.5442240238189697, "p90_ms": 0.546176016330719}, "kind": "performance", "name": "unified", "repeat": 1, "shape": {"batch": 1, "fp32": false, "gate": null, "heads": 12, "lengths": null, "state_mode": "none", "tokens": 8192}, "wall_sync": {"count": 20, "median_ms": 0.5600935, "p10_ms": 0.558724, "p90_ms": 0.562063}}
{"cache_perturbed": {"count": 30, "median_ms": 0.547791987657547, "p10_ms": 0.5457919836044312, "p90_ms": 0.5479360222816467}, "case": 6, "decision": {"predicted_ms": {"16": 0.5743007899999999, "32": 0.588260421, "64": 0.638657433, "128": 0.7839451}, "reason": "calibrated_score_with_guard_band", "resident_blocks_per_sm": {"16": 4, "32": 4, "64": 3, "128": 2}, "reuse_footprint_bytes": 85327872, "reuse_over_l2": 0.6432806324110671, "value_slice": 16}, "eager": {"count": 60, "median_ms": 0.5471200048923492, "p10_ms": 0.5451840162277222, "p90_ms": 0.5475199818611145}, "graph": {"count": 60, "median_ms": 0.5422879755496979, "p10_ms": 0.5421119928359985, "p90_ms": 0.5432959794998169}, "kind": "performance", "name": "onewarp", "repeat": 1, "shape": {"batch": 1, "fp32": false, "gate": null, "heads": 12, "lengths": null, "state_mode": "none", "tokens": 8192}, "wall_sync": {"count": 20, "median_ms": 0.558063, "p10_ms": 0.557114, "p90_ms": 0.560093}}
{"cache_perturbed": {"count": 30, "median_ms": 0.549807995557785, "p10_ms": 0.547872006893158, "p90_ms": 0.551904022693634}, "case": 6, "decision": {"predicted_ms": {"16": 0.5743007899999999, "32": 0.588260421, "64": 0.638657433, "128": 0.7839451}, "reason": "calibrated_score_with_guard_band", "resident_blocks_per_sm": {"16": 4, "32": 4, "64": 3, "128": 2}, "reuse_footprint_bytes": 85327872, "reuse_over_l2": 0.6432806324110671, "value_slice": 16}, "eager": {"count": 60, "median_ms": 0.5493760108947754, "p10_ms": 0.5473920106887817, "p90_ms": 0.5504000186920166}, "graph": {"count": 60, "median_ms": 0.5453760027885437, "p10_ms": 0.5442559719085693, "p90_ms": 0.5463680028915405}, "kind": "performance", "name": "base", "repeat": 1, "shape": {"batch": 1, "fp32": false, "gate": null, "heads": 12, "lengths": null, "state_mode": "none", "tokens": 8192}, "wall_sync": {"count": 20, "median_ms": 0.561499, "p10_ms": 0.559873, "p90_ms": 0.567243}}
{"cache_perturbed": {"count": 30, "median_ms": 0.5488639771938324, "p10_ms": 0.5478079915046692, "p90_ms": 0.5509439706802368}, "case": 6, "decision": {"predicted_ms": {"16": 0.5743007899999999, "32": 0.588260421, "64": 0.638657433, "128": 0.7839451}, "reason": "calibrated_score_with_guard_band", "resident_blocks_per_sm": {"16": 4, "32": 4, "64": 3, "128": 2}, "reuse_footprint_bytes": 85327872, "reuse_over_l2": 0.6432806324110671, "value_slice": 16}, "eager": {"count": 60, "median_ms": 0.5493760108947754, "p10_ms": 0.5474240183830261, "p90_ms": 0.5504639744758606}, "graph": {"count": 60, "median_ms": 0.5453119874000549, "p10_ms": 0.5442879796028137, "p90_ms": 0.5463680028915405}, "kind": "performance", "name": "legacy", "repeat": 1, "shape": {"batch": 1, "fp32": false, "gate": null, "heads": 12, "lengths": null, "state_mode": "none", "tokens": 8192}, "wall_sync": {"count": 20, "median_ms": 0.561264, "p10_ms": 0.560463, "p90_ms": 0.562413}}
{"cache_perturbed": {"count": 30, "median_ms": 0.5489280223846436, "p10_ms": 0.5477439761161804, "p90_ms": 0.5518720149993896}, "case": 6, "decision": {"predicted_ms": {"16": 0.5743007899999999, "32": 0.588260421, "64": 0.638657433, "128": 0.7839451}, "reason": "calibrated_score_with_guard_band", "resident_blocks_per_sm": {"16": 4, "32": 4, "64": 3, "128": 2}, "reuse_footprint_bytes": 85327872, "reuse_over_l2": 0.6432806324110671, "value_slice": 16}, "eager": {"count": 60, "median_ms": 0.5492799878120422, "p10_ms": 0.5472959876060486, "p90_ms": 0.5502399802207947}, "graph": {"count": 60, "median_ms": 0.5453439950942993, "p10_ms": 0.5442879796028137, "p90_ms": 0.5464000105857849}, "kind": "performance", "name": "vector", "repeat": 1, "shape": {"batch": 1, "fp32": false, "gate": null, "heads": 12, "lengths": null, "state_mode": "none", "tokens": 8192}, "wall_sync": {"count": 20, "median_ms": 0.5613785, "p10_ms": 0.560453, "p90_ms": 0.566504}}
{"cache_perturbed": {"count": 30, "median_ms": 0.5497120022773743, "p10_ms": 0.5477759838104248, "p90_ms": 0.5516160130500793}, "case": 6, "decision": {"predicted_ms": {"16": 0.5743007899999999, "32": 0.588260421, "64": 0.638657433, "128": 0.7839451}, "reason": "calibrated_score_with_guard_band", "resident_blocks_per_sm": {"16": 4, "32": 4, "64": 3, "128": 2}, "reuse_footprint_bytes": 85327872, "reuse_over_l2": 0.6432806324110671, "value_slice": 16}, "eager": {"count": 60, "median_ms": 0.5492160022258759, "p10_ms": 0.5473600029945374, "p90_ms": 0.5504000186920166}, "graph": {"count": 60, "median_ms": 0.5453439950942993, "p10_ms": 0.5442879796028137, "p90_ms": 0.5464320182800293}, "kind": "performance", "name": "vector", "repeat": 2, "shape": {"batch": 1, "fp32": false, "gate": null, "heads": 12, "lengths": null, "state_mode": "none", "tokens": 8192}, "wall_sync": {"count": 20, "median_ms": 0.5609135000000001, "p10_ms": 0.559883, "p90_ms": 0.566722}}
{"cache_perturbed": {"count": 30, "median_ms": 0.5491359829902649, "p10_ms": 0.5477759838104248, "p90_ms": 0.5507839918136597}, "case": 6, "decision": {"predicted_ms": {"16": 0.5743007899999999, "32": 0.588260421, "64": 0.638657433, "128": 0.7839451}, "reason": "calibrated_score_with_guard_band", "resident_blocks_per_sm": {"16": 4, "32": 4, "64": 3, "128": 2}, "reuse_footprint_bytes": 85327872, "reuse_over_l2": 0.6432806324110671, "value_slice": 16}, "eager": {"count": 60, "median_ms": 0.5493760108947754, "p10_ms": 0.547327995300293, "p90_ms": 0.5501760244369507}, "graph": {"count": 60, "median_ms": 0.5449600219726562, "p10_ms": 0.5442559719085693, "p90_ms": 0.5463680028915405}, "kind": "performance", "name": "base", "repeat": 2, "shape": {"batch": 1, "fp32": false, "gate": null, "heads": 12, "lengths": null, "state_mode": "none", "tokens": 8192}, "wall_sync": {"count": 20, "median_ms": 0.561078, "p10_ms": 0.560243, "p90_ms": 0.564703}}
{"cache_perturbed": {"count": 30, "median_ms": 0.549807995557785, "p10_ms": 0.5477120280265808, "p90_ms": 0.5518400073051453}, "case": 6, "decision": {"predicted_ms": {"16": 0.5743007899999999, "32": 0.588260421, "64": 0.638657433, "128": 0.7839451}, "reason": "calibrated_score_with_guard_band", "resident_blocks_per_sm": {"16": 4, "32": 4, "64": 3, "128": 2}, "reuse_footprint_bytes": 85327872, "reuse_over_l2": 0.6432806324110671, "value_slice": 16}, "eager": {"count": 60, "median_ms": 0.5492959916591644, "p10_ms": 0.5473920106887817, "p90_ms": 0.550432026386261}, "graph": {"count": 60, "median_ms": 0.5444000065326691, "p10_ms": 0.5442879796028137, "p90_ms": 0.5463680028915405}, "kind": "performance", "name": "legacy", "repeat": 2, "shape": {"batch": 1, "fp32": false, "gate": null, "heads": 12, "lengths": null, "state_mode": "none", "tokens": 8192}, "wall_sync": {"count": 20, "median_ms": 0.5613030000000001, "p10_ms": 0.560454, "p90_ms": 0.566784}}
{"cache_perturbed": {"count": 30, "median_ms": 0.5479360222816467, "p10_ms": 0.5475839972496033, "p90_ms": 0.5499839782714844}, "case": 6, "decision": {"predicted_ms": {"16": 0.5743007899999999, "32": 0.588260421, "64": 0.638657433, "128": 0.7839451}, "reason": "calibrated_score_with_guard_band", "resident_blocks_per_sm": {"16": 4, "32": 4, "64": 3, "128": 2}, "reuse_footprint_bytes": 85327872, "reuse_over_l2": 0.6432806324110671, "value_slice": 16}, "eager": {"count": 60, "median_ms": 0.5474240183830261, "p10_ms": 0.5454720258712769, "p90_ms": 0.5494719743728638}, "graph": {"count": 60, "median_ms": 0.5443519949913025, "p10_ms": 0.5442240238189697, "p90_ms": 0.5463359951972961}, "kind": "performance", "name": "unified", "repeat": 2, "shape": {"batch": 1, "fp32": false, "gate": null, "heads": 12, "lengths": null, "state_mode": "none", "tokens": 8192}, "wall_sync": {"count": 20, "median_ms": 0.5598585, "p10_ms": 0.558914, "p90_ms": 0.562963}}
{"cache_perturbed": {"count": 30, "median_ms": 0.5473119914531708, "p10_ms": 0.5456960201263428, "p90_ms": 0.5498239994049072}, "case": 6, "decision": {"predicted_ms": {"16": 0.5743007899999999, "32": 0.588260421, "64": 0.638657433, "128": 0.7839451}, "reason": "calibrated_score_with_guard_band", "resident_blocks_per_sm": {"16": 4, "32": 4, "64": 3, "128": 2}, "reuse_footprint_bytes": 85327872, "reuse_over_l2": 0.6432806324110671, "value_slice": 16}, "eager": {"count": 60, "median_ms": 0.5463680028915405, "p10_ms": 0.5450239777565002, "p90_ms": 0.5474879741668701}, "graph": {"count": 60, "median_ms": 0.5422879755496979, "p10_ms": 0.5421440005302429, "p90_ms": 0.5433279871940613}, "kind": "performance", "name": "onewarp", "repeat": 2, "shape": {"batch": 1, "fp32": false, "gate": null, "heads": 12, "lengths": null, "state_mode": "none", "tokens": 8192}, "wall_sync": {"count": 20, "median_ms": 0.5588035, "p10_ms": 0.557704, "p90_ms": 0.563023}}
{"case": 6, "kind": "shape_complete", "shape": {"batch": 1, "fp32": false, "gate": null, "heads": 12, "lengths": null, "state_mode": "none", "tokens": 8192}}
{"case": 7, "kind": "graph_correctness", "name": "legacy", "status": "PASS", "tensors": {"final_state": {"bitwise": true, "finite": true}, "out": {"bitwise": true, "finite": true}}}
{"case": 7, "kind": "graph_correctness", "name": "base", "status": "PASS", "tensors": {"final_state": {"bitwise": true, "finite": true}, "out": {"bitwise": true, "finite": true}}}
{"case": 7, "kind": "graph_correctness", "name": "vector", "status": "PASS", "tensors": {"final_state": {"bitwise": true, "finite": true}, "out": {"bitwise": true, "finite": true}}}
{"case": 7, "kind": "graph_correctness", "name": "onewarp", "status": "PASS", "tensors": {"final_state": {"bitwise": true, "finite": true}, "out": {"bitwise": true, "finite": true}}}
{"case": 7, "kind": "graph_correctness", "name": "unified", "status": "PASS", "tensors": {"final_state": {"bitwise": true, "finite": true}, "out": {"bitwise": true, "finite": true}}}
{"cache_perturbed": {"count": 30, "median_ms": 0.5550400018692017, "p10_ms": 0.5538880228996277, "p90_ms": 0.5569599866867065}, "case": 7, "decision": {"predicted_ms": {"16": 0.5743007899999999, "32": 0.588260421, "64": 0.638657433, "128": 0.7839451}, "reason": "calibrated_score_with_guard_band", "resident_blocks_per_sm": {"16": 4, "32": 4, "64": 3, "128": 2}, "reuse_footprint_bytes": 85327872, "reuse_over_l2": 0.6432806324110671, "value_slice": 16}, "eager": {"count": 60, "median_ms": 0.5534240007400513, "p10_ms": 0.5514240264892578, "p90_ms": 0.555616021156311}, "graph": {"count": 60, "median_ms": 0.5483680069446564, "p10_ms": 0.5482879877090454, "p90_ms": 0.5503680109977722}, "kind": "performance", "name": "base", "repeat": 0, "shape": {"batch": 1, "fp32": false, "gate": null, "heads": 12, "lengths": [8192], "state_mode": "out", "tokens": 8192}, "wall_sync": {"count": 20, "median_ms": 0.5645735, "p10_ms": 0.563963, "p90_ms": 0.569163}}
{"cache_perturbed": {"count": 30, "median_ms": 0.5520800054073334, "p10_ms": 0.5516800284385681, "p90_ms": 0.5538240075111389}, "case": 7, "decision": {"predicted_ms": {"16": 0.5743007899999999, "32": 0.588260421, "64": 0.638657433, "128": 0.7839451}, "reason": "calibrated_score_with_guard_band", "resident_blocks_per_sm": {"16": 4, "32": 4, "64": 3, "128": 2}, "reuse_footprint_bytes": 85327872, "reuse_over_l2": 0.6432806324110671, "value_slice": 16}, "eager": {"count": 60, "median_ms": 0.551360011100769, "p10_ms": 0.5495359897613525, "p90_ms": 0.5532159805297852}, "graph": {"count": 60, "median_ms": 0.5452479720115662, "p10_ms": 0.5442240238189697, "p90_ms": 0.5462719798088074}, "kind": "performance", "name": "onewarp", "repeat": 0, "shape": {"batch": 1, "fp32": false, "gate": null, "heads": 12, "lengths": [8192], "state_mode": "out", "tokens": 8192}, "wall_sync": {"count": 20, "median_ms": 0.5625279999999999, "p10_ms": 0.561094, "p90_ms": 0.571434}}
{"cache_perturbed": {"count": 30, "median_ms": 0.5539839863777161, "p10_ms": 0.553056001663208, "p90_ms": 0.5552319884300232}, "case": 7, "decision": {"predicted_ms": {"16": 0.5743007899999999, "32": 0.588260421, "64": 0.638657433, "128": 0.7839451}, "reason": "calibrated_score_with_guard_band", "resident_blocks_per_sm": {"16": 4, "32": 4, "64": 3, "128": 2}, "reuse_footprint_bytes": 85327872, "reuse_over_l2": 0.6432806324110671, "value_slice": 16}, "eager": {"count": 60, "median_ms": 0.5533120036125183, "p10_ms": 0.5513920187950134, "p90_ms": 0.5536640286445618}, "graph": {"count": 60, "median_ms": 0.5472959876060486, "p10_ms": 0.5462719798088074, "p90_ms": 0.5483199954032898}, "kind": "performance", "name": "vector", "repeat": 0, "shape": {"batch": 1, "fp32": false, "gate": null, "heads": 12, "lengths": [8192], "state_mode": "out", "tokens": 8192}, "wall_sync": {"count": 20, "median_ms": 0.562963, "p10_ms": 0.561463, "p90_ms": 0.566273}}
{"cache_perturbed": {"count": 30, "median_ms": 0.5540319979190826, "p10_ms": 0.5537919998168945, "p90_ms": 0.5555520057678223}, "case": 7, "decision": {"predicted_ms": {"16": 0.5743007899999999, "32": 0.588260421, "64": 0.638657433, "128": 0.7839451}, "reason": "calibrated_score_with_guard_band", "resident_blocks_per_sm": {"16": 4, "32": 4, "64": 3, "128": 2}, "reuse_footprint_bytes": 85327872, "reuse_over_l2": 0.6432806324110671, "value_slice": 16}, "eager": {"count": 60, "median_ms": 0.5534399747848511, "p10_ms": 0.5514559745788574, "p90_ms": 0.5544959902763367}, "graph": {"count": 60, "median_ms": 0.5483199954032898, "p10_ms": 0.5480639934539795, "p90_ms": 0.549344003200531}, "kind": "performance", "name": "unified", "repeat": 0, "shape": {"batch": 1, "fp32": false, "gate": null, "heads": 12, "lengths": [8192], "state_mode": "out", "tokens": 8192}, "wall_sync": {"count": 20, "median_ms": 0.563048, "p10_ms": 0.561913, "p90_ms": 0.564833}}
{"cache_perturbed": {"count": 30, "median_ms": 0.5550239980220795, "p10_ms": 0.5539199709892273, "p90_ms": 0.55622398853302}, "case": 7, "decision": {"predicted_ms": {"16": 0.5743007899999999, "32": 0.588260421, "64": 0.638657433, "128": 0.7839451}, "reason": "calibrated_score_with_guard_band", "resident_blocks_per_sm": {"16": 4, "32": 4, "64": 3, "128": 2}, "reuse_footprint_bytes": 85327872, "reuse_over_l2": 0.6432806324110671, "value_slice": 16}, "eager": {"count": 60, "median_ms": 0.5534399747848511, "p10_ms": 0.5514240264892578, "p90_ms": 0.555616021156311}, "graph": {"count": 60, "median_ms": 0.5494399964809418, "p10_ms": 0.5483199954032898, "p90_ms": 0.5503680109977722}, "kind": "performance", "name": "legacy", "repeat": 0, "shape": {"batch": 1, "fp32": false, "gate": null, "heads": 12, "lengths": [8192], "state_mode": "out", "tokens": 8192}, "wall_sync": {"count": 20, "median_ms": 0.5644530000000001, "p10_ms": 0.562613, "p90_ms": 0.568383}}
{"cache_perturbed": {"count": 30, "median_ms": 0.554144024848938, "p10_ms": 0.5538880228996277, "p90_ms": 0.5560320019721985}, "case": 7, "decision": {"predicted_ms": {"16": 0.5743007899999999, "32": 0.588260421, "64": 0.638657433, "128": 0.7839451}, "reason": "calibrated_score_with_guard_band", "resident_blocks_per_sm": {"16": 4, "32": 4, "64": 3, "128": 2}, "reuse_footprint_bytes": 85327872, "reuse_over_l2": 0.6432806324110671, "value_slice": 16}, "eager": {"count": 60, "median_ms": 0.5534080266952515, "p10_ms": 0.5514559745788574, "p90_ms": 0.5554239749908447}, "graph": {"count": 60, "median_ms": 0.5485439896583557, "p10_ms": 0.5483199954032898, "p90_ms": 0.5503680109977722}, "kind": "performance", "name": "legacy", "repeat": 1, "shape": {"batch": 1, "fp32": false, "gate": null, "heads": 12, "lengths": [8192], "state_mode": "out", "tokens": 8192}, "wall_sync": {"count": 20, "median_ms": 0.5640935, "p10_ms": 0.563343, "p90_ms": 0.566303}}
{"cache_perturbed": {"count": 30, "median_ms": 0.554064005613327, "p10_ms": 0.5538880228996277, "p90_ms": 0.5559679865837097}, "case": 7, "decision": {"predicted_ms": {"16": 0.5743007899999999, "32": 0.588260421, "64": 0.638657433, "128": 0.7839451}, "reason": "calibrated_score_with_guard_band", "resident_blocks_per_sm": {"16": 4, "32": 4, "64": 3, "128": 2}, "reuse_footprint_bytes": 85327872, "reuse_over_l2": 0.6432806324110671, "value_slice": 16}, "eager": {"count": 60, "median_ms": 0.5533440113067627, "p10_ms": 0.5513920187950134, "p90_ms": 0.5544319748878479}, "graph": {"count": 60, "median_ms": 0.547247976064682, "p10_ms": 0.5462719798088074, "p90_ms": 0.5483199954032898}, "kind": "performance", "name": "vector", "repeat": 1, "shape": {"batch": 1, "fp32": false, "gate": null, "heads": 12, "lengths": [8192], "state_mode": "out", "tokens": 8192}, "wall_sync": {"count": 20, "median_ms": 0.5634174999999999, "p10_ms": 0.562493, "p90_ms": 0.569543}}
{"cache_perturbed": {"count": 30, "median_ms": 0.5540319979190826, "p10_ms": 0.5538560152053833, "p90_ms": 0.5559679865837097}, "case": 7, "decision": {"predicted_ms": {"16": 0.5743007899999999, "32": 0.588260421, "64": 0.638657433, "128": 0.7839451}, "reason": "calibrated_score_with_guard_band", "resident_blocks_per_sm": {"16": 4, "32": 4, "64": 3, "128": 2}, "reuse_footprint_bytes": 85327872, "reuse_over_l2": 0.6432806324110671, "value_slice": 16}, "eager": {"count": 60, "median_ms": 0.5535039901733398, "p10_ms": 0.5515199899673462, "p90_ms": 0.5538240075111389}, "graph": {"count": 60, "median_ms": 0.548416018486023, "p10_ms": 0.5482239723205566, "p90_ms": 0.5494400262832642}, "kind": "performance", "name": "unified", "repeat": 1, "shape": {"batch": 1, "fp32": false, "gate": null, "heads": 12, "lengths": [8192], "state_mode": "out", "tokens": 8192}, "wall_sync": {"count": 20, "median_ms": 0.563369, "p10_ms": 0.562274, "p90_ms": 0.568954}}
{"cache_perturbed": {"count": 30, "median_ms": 0.5550560057163239, "p10_ms": 0.5538880228996277, "p90_ms": 0.5570240020751953}, "case": 7, "decision": {"predicted_ms": {"16": 0.5743007899999999, "32": 0.588260421, "64": 0.638657433, "128": 0.7839451}, "reason": "calibrated_score_with_guard_band", "resident_blocks_per_sm": {"16": 4, "32": 4, "64": 3, "128": 2}, "reuse_footprint_bytes": 85327872, "reuse_over_l2": 0.6432806324110671, "value_slice": 16}, "eager": {"count": 60, "median_ms": 0.5534719824790955, "p10_ms": 0.5514879822731018, "p90_ms": 0.5554559826850891}, "graph": {"count": 60, "median_ms": 0.5484640002250671, "p10_ms": 0.5483840107917786, "p90_ms": 0.550432026386261}, "kind": "performance", "name": "base", "repeat": 1, "shape": {"batch": 1, "fp32": false, "gate": null, "heads": 12, "lengths": [8192], "state_mode": "out", "tokens": 8192}, "wall_sync": {"count": 20, "median_ms": 0.5645335, "p10_ms": 0.562383, "p90_ms": 0.569993}}
{"cache_perturbed": {"count": 30, "median_ms": 0.5520960092544556, "p10_ms": 0.5518720149993896, "p90_ms": 0.5539519786834717}, "case": 7, "decision": {"predicted_ms": {"16": 0.5743007899999999, "32": 0.588260421, "64": 0.638657433, "128": 0.7839451}, "reason": "calibrated_score_with_guard_band", "resident_blocks_per_sm": {"16": 4, "32": 4, "64": 3, "128": 2}, "reuse_footprint_bytes": 85327872, "reuse_over_l2": 0.6432806324110671, "value_slice": 16}, "eager": {"count": 60, "median_ms": 0.5513760149478912, "p10_ms": 0.5494080185890198, "p90_ms": 0.552511990070343}, "graph": {"count": 60, "median_ms": 0.5453279912471771, "p10_ms": 0.5442559719085693, "p90_ms": 0.5463680028915405}, "kind": "performance", "name": "onewarp", "repeat": 1, "shape": {"batch": 1, "fp32": false, "gate": null, "heads": 12, "lengths": [8192], "state_mode": "out", "tokens": 8192}, "wall_sync": {"count": 20, "median_ms": 0.5613885000000001, "p10_ms": 0.560573, "p90_ms": 0.564054}}
{"cache_perturbed": {"count": 30, "median_ms": 0.5518560111522675, "p10_ms": 0.5497599840164185, "p90_ms": 0.5529599785804749}, "case": 7, "decision": {"predicted_ms": {"16": 0.5743007899999999, "32": 0.588260421, "64": 0.638657433, "128": 0.7839451}, "reason": "calibrated_score_with_guard_band", "resident_blocks_per_sm": {"16": 4, "32": 4, "64": 3, "128": 2}, "reuse_footprint_bytes": 85327872, "reuse_over_l2": 0.6432806324110671, "value_slice": 16}, "eager": {"count": 60, "median_ms": 0.551360011100769, "p10_ms": 0.5493119955062866, "p90_ms": 0.5526720285415649}, "graph": {"count": 60, "median_ms": 0.5443840026855469, "p10_ms": 0.5440639853477478, "p90_ms": 0.5463680028915405}, "kind": "performance", "name": "onewarp", "repeat": 2, "shape": {"batch": 1, "fp32": false, "gate": null, "heads": 12, "lengths": [8192], "state_mode": "out", "tokens": 8192}, "wall_sync": {"count": 20, "median_ms": 0.5610040000000001, "p10_ms": 0.559694, "p90_ms": 0.566954}}
{"cache_perturbed": {"count": 30, "median_ms": 0.5539039969444275, "p10_ms": 0.551904022693634, "p90_ms": 0.5551360249519348}, "case": 7, "decision": {"predicted_ms": {"16": 0.5743007899999999, "32": 0.588260421, "64": 0.638657433, "128": 0.7839451}, "reason": "calibrated_score_with_guard_band", "resident_blocks_per_sm": {"16": 4, "32": 4, "64": 3, "128": 2}, "reuse_footprint_bytes": 85327872, "reuse_over_l2": 0.6432806324110671, "value_slice": 16}, "eager": {"count": 60, "median_ms": 0.5524799823760986, "p10_ms": 0.5513920187950134, "p90_ms": 0.5537599921226501}, "graph": {"count": 60, "median_ms": 0.5473920106887817, "p10_ms": 0.5463680028915405, "p90_ms": 0.5484480261802673}, "kind": "performance", "name": "legacy", "repeat": 2, "shape": {"batch": 1, "fp32": false, "gate": null, "heads": 12, "lengths": [8192], "state_mode": "out", "tokens": 8192}, "wall_sync": {"count": 20, "median_ms": 0.5638785, "p10_ms": 0.562144, "p90_ms": 0.568853}}
{"cache_perturbed": {"count": 30, "median_ms": 0.5535840094089508, "p10_ms": 0.5516480207443237, "p90_ms": 0.5551360249519348}, "case": 7, "decision": {"predicted_ms": {"16": 0.5743007899999999, "32": 0.588260421, "64": 0.638657433, "128": 0.7839451}, "reason": "calibrated_score_with_guard_band", "resident_blocks_per_sm": {"16": 4, "32": 4, "64": 3, "128": 2}, "reuse_footprint_bytes": 85327872, "reuse_over_l2": 0.6432806324110671, "value_slice": 16}, "eager": {"count": 60, "median_ms": 0.551503986120224, "p10_ms": 0.548416018486023, "p90_ms": 0.5535680055618286}, "graph": {"count": 60, "median_ms": 0.5463039875030518, "p10_ms": 0.5453439950942993, "p90_ms": 0.5464000105857849}, "kind": "performance", "name": "vector", "repeat": 2, "shape": {"batch": 1, "fp32": false, "gate": null, "heads": 12, "lengths": [8192], "state_mode": "out", "tokens": 8192}, "wall_sync": {"count": 20, "median_ms": 0.562483, "p10_ms": 0.561103, "p90_ms": 0.566343}}
{"cache_perturbed": {"count": 30, "median_ms": 0.5539679825305939, "p10_ms": 0.5528960227966309, "p90_ms": 0.5551040172576904}, "case": 7, "decision": {"predicted_ms": {"16": 0.5743007899999999, "32": 0.588260421, "64": 0.638657433, "128": 0.7839451}, "reason": "calibrated_score_with_guard_band", "resident_blocks_per_sm": {"16": 4, "32": 4, "64": 3, "128": 2}, "reuse_footprint_bytes": 85327872, "reuse_over_l2": 0.6432806324110671, "value_slice": 16}, "eager": {"count": 60, "median_ms": 0.5524959862232208, "p10_ms": 0.5514240264892578, "p90_ms": 0.553600013256073}, "graph": {"count": 60, "median_ms": 0.5463680028915405, "p10_ms": 0.546176016330719, "p90_ms": 0.5474240183830261}, "kind": "performance", "name": "unified", "repeat": 2, "shape": {"batch": 1, "fp32": false, "gate": null, "heads": 12, "lengths": [8192], "state_mode": "out", "tokens": 8192}, "wall_sync": {"count": 20, "median_ms": 0.563078, "p10_ms": 0.561514, "p90_ms": 0.566594}}
{"cache_perturbed": {"count": 30, "median_ms": 0.5539519786834717, "p10_ms": 0.5528640151023865, "p90_ms": 0.5551679730415344}, "case": 7, "decision": {"predicted_ms": {"16": 0.5743007899999999, "32": 0.588260421, "64": 0.638657433, "128": 0.7839451}, "reason": "calibrated_score_with_guard_band", "resident_blocks_per_sm": {"16": 4, "32": 4, "64": 3, "128": 2}, "reuse_footprint_bytes": 85327872, "reuse_over_l2": 0.6432806324110671, "value_slice": 16}, "eager": {"count": 60, "median_ms": 0.5524320006370544, "p10_ms": 0.5495039820671082, "p90_ms": 0.5542399883270264}, "graph": {"count": 60, "median_ms": 0.5472319722175598, "p10_ms": 0.5463359951972961, "p90_ms": 0.548416018486023}, "kind": "performance", "name": "base", "repeat": 2, "shape": {"batch": 1, "fp32": false, "gate": null, "heads": 12, "lengths": [8192], "state_mode": "out", "tokens": 8192}, "wall_sync": {"count": 20, "median_ms": 0.5637685, "p10_ms": 0.562933, "p90_ms": 0.567824}}
{"case": 7, "kind": "shape_complete", "shape": {"batch": 1, "fp32": false, "gate": null, "heads": 12, "lengths": [8192], "state_mode": "out", "tokens": 8192}}
{"case": 8, "kind": "graph_correctness", "name": "legacy", "status": "PASS", "tensors": {"final_state": {"bitwise": true, "finite": true}, "out": {"bitwise": true, "finite": true}}}
{"case": 8, "kind": "graph_correctness", "name": "base", "status": "PASS", "tensors": {"final_state": {"bitwise": true, "finite": true}, "out": {"bitwise": true, "finite": true}}}
{"case": 8, "kind": "graph_correctness", "name": "vector", "status": "PASS", "tensors": {"final_state": {"bitwise": true, "finite": true}, "out": {"bitwise": true, "finite": true}}}
{"case": 8, "kind": "graph_correctness", "name": "onewarp", "status": "PASS", "tensors": {"final_state": {"bitwise": true, "finite": true}, "out": {"bitwise": true, "finite": true}}}
{"case": 8, "kind": "graph_correctness", "name": "unified", "status": "PASS", "tensors": {"final_state": {"bitwise": true, "finite": true}, "out": {"bitwise": true, "finite": true}}}
{"cache_perturbed": {"count": 30, "median_ms": 0.1526240035891533, "p10_ms": 0.15248000621795654, "p90_ms": 0.1539199948310852}, "case": 8, "decision": {"predicted_ms": {"16": 0.161306486109375, "32": 0.16549805307861332, "64": 0.1787716497006836, "128": 0.21481106325732421}, "reason": "calibrated_score_with_guard_band", "resident_blocks_per_sm": {"16": 4, "32": 4, "64": 3, "128": 2}, "reuse_footprint_bytes": 21498624, "reuse_over_l2": 0.16207656558794467, "value_slice": 16}, "eager": {"count": 60, "median_ms": 0.15001599490642548, "p10_ms": 0.14985600113868713, "p90_ms": 0.15030400454998016}, "graph": {"count": 60, "median_ms": 0.14486399292945862, "p10_ms": 0.14483200013637543, "p90_ms": 0.1467839926481247}, "kind": "performance", "name": "vector", "repeat": 0, "shape": {"batch": 1, "fp32": false, "gate": null, "heads": 12, "lengths": null, "state_mode": "out", "tokens": 2049}, "wall_sync": {"count": 20, "median_ms": 0.162718, "p10_ms": 0.161608, "p90_ms": 0.167989}}
{"cache_perturbed": {"count": 30, "median_ms": 0.1525759994983673, "p10_ms": 0.15248000621795654, "p90_ms": 0.15372799336910248}, "case": 8, "decision": {"predicted_ms": {"16": 0.161306486109375, "32": 0.16549805307861332, "64": 0.1787716497006836, "128": 0.21481106325732421}, "reason": "calibrated_score_with_guard_band", "resident_blocks_per_sm": {"16": 4, "32": 4, "64": 3, "128": 2}, "reuse_footprint_bytes": 21498624, "reuse_over_l2": 0.16207656558794467, "value_slice": 16}, "eager": {"count": 60, "median_ms": 0.14998400211334229, "p10_ms": 0.14979200065135956, "p90_ms": 0.15014399588108063}, "graph": {"count": 60, "median_ms": 0.14486399292945862, "p10_ms": 0.14476799964904785, "p90_ms": 0.14579200744628906}, "kind": "performance", "name": "base", "repeat": 0, "shape": {"batch": 1, "fp32": false, "gate": null, "heads": 12, "lengths": null, "state_mode": "out", "tokens": 2049}, "wall_sync": {"count": 20, "median_ms": 0.1629575, "p10_ms": 0.162167, "p90_ms": 0.167468}}
{"cache_perturbed": {"count": 30, "median_ms": 0.15252800285816193, "p10_ms": 0.15062400698661804, "p90_ms": 0.15276800096035004}, "case": 8, "decision": {"predicted_ms": {"16": 0.161306486109375, "32": 0.16549805307861332, "64": 0.1787716497006836, "128": 0.21481106325732421}, "reason": "calibrated_score_with_guard_band", "resident_blocks_per_sm": {"16": 4, "32": 4, "64": 3, "128": 2}, "reuse_footprint_bytes": 21498624, "reuse_over_l2": 0.16207656558794467, "value_slice": 16}, "eager": {"count": 60, "median_ms": 0.14985600113868713, "p10_ms": 0.14790399372577667, "p90_ms": 0.15007999539375305}, "graph": {"count": 60, "median_ms": 0.14486399292945862, "p10_ms": 0.14467200636863708, "p90_ms": 0.14496000111103058}, "kind": "performance", "name": "onewarp", "repeat": 0, "shape": {"batch": 1, "fp32": false, "gate": null, "heads": 12, "lengths": null, "state_mode": "out", "tokens": 2049}, "wall_sync": {"count": 20, "median_ms": 0.1617075, "p10_ms": 0.161038, "p90_ms": 0.163318}}
{"cache_perturbed": {"count": 30, "median_ms": 0.1525920033454895, "p10_ms": 0.15248000621795654, "p90_ms": 0.15270400047302246}, "case": 8, "decision": {"predicted_ms": {"16": 0.161306486109375, "32": 0.16549805307861332, "64": 0.1787716497006836, "128": 0.21481106325732421}, "reason": "calibrated_score_with_guard_band", "resident_blocks_per_sm": {"16": 4, "32": 4, "64": 3, "128": 2}, "reuse_footprint_bytes": 21498624, "reuse_over_l2": 0.16207656558794467, "value_slice": 16}, "eager": {"count": 60, "median_ms": 0.14999999850988388, "p10_ms": 0.14985600113868713, "p90_ms": 0.1502400040626526}, "graph": {"count": 60, "median_ms": 0.14691199362277985, "p10_ms": 0.1467200070619583, "p90_ms": 0.1470080018043518}, "kind": "performance", "name": "legacy", "repeat": 0, "shape": {"batch": 1, "fp32": false, "gate": null, "heads": 12, "lengths": null, "state_mode": "out", "tokens": 2049}, "wall_sync": {"count": 20, "median_ms": 0.16238750000000002, "p10_ms": 0.161658, "p90_ms": 0.167608}}
{"cache_perturbed": {"count": 30, "median_ms": 0.1525920033454895, "p10_ms": 0.15241600573062897, "p90_ms": 0.1536960005760193}, "case": 8, "decision": {"predicted_ms": {"16": 0.161306486109375, "32": 0.16549805307861332, "64": 0.1787716497006836, "128": 0.21481106325732421}, "reason": "calibrated_score_with_guard_band", "resident_blocks_per_sm": {"16": 4, "32": 4, "64": 3, "128": 2}, "reuse_footprint_bytes": 21498624, "reuse_over_l2": 0.16207656558794467, "value_slice": 16}, "eager": {"count": 60, "median_ms": 0.14999999850988388, "p10_ms": 0.14985600113868713, "p90_ms": 0.1502079963684082}, "graph": {"count": 60, "median_ms": 0.14689599722623825, "p10_ms": 0.14486399292945862, "p90_ms": 0.14694400131702423}, "kind": "performance", "name": "unified", "repeat": 0, "shape": {"batch": 1, "fp32": false, "gate": null, "heads": 12, "lengths": null, "state_mode": "out", "tokens": 2049}, "wall_sync": {"count": 20, "median_ms": 0.1632075, "p10_ms": 0.162378, "p90_ms": 0.165388}}
{"cache_perturbed": {"count": 30, "median_ms": 0.1525759994983673, "p10_ms": 0.152319997549057, "p90_ms": 0.15276800096035004}, "case": 8, "decision": {"predicted_ms": {"16": 0.161306486109375, "32": 0.16549805307861332, "64": 0.1787716497006836, "128": 0.21481106325732421}, "reason": "calibrated_score_with_guard_band", "resident_blocks_per_sm": {"16": 4, "32": 4, "64": 3, "128": 2}, "reuse_footprint_bytes": 21498624, "reuse_over_l2": 0.16207656558794467, "value_slice": 16}, "eager": {"count": 60, "median_ms": 0.14983999729156494, "p10_ms": 0.14790399372577667, "p90_ms": 0.15004800260066986}, "graph": {"count": 60, "median_ms": 0.14486399292945862, "p10_ms": 0.1446399986743927, "p90_ms": 0.14499199390411377}, "kind": "performance", "name": "onewarp", "repeat": 1, "shape": {"batch": 1, "fp32": false, "gate": null, "heads": 12, "lengths": null, "state_mode": "out", "tokens": 2049}, "wall_sync": {"count": 20, "median_ms": 0.1618585, "p10_ms": 0.160868, "p90_ms": 0.165798}}
{"cache_perturbed": {"count": 30, "median_ms": 0.1525759994983673, "p10_ms": 0.1523520052433014, "p90_ms": 0.15379199385643005}, "case": 8, "decision": {"predicted_ms": {"16": 0.161306486109375, "32": 0.16549805307861332, "64": 0.1787716497006836, "128": 0.21481106325732421}, "reason": "calibrated_score_with_guard_band", "resident_blocks_per_sm": {"16": 4, "32": 4, "64": 3, "128": 2}, "reuse_footprint_bytes": 21498624, "reuse_over_l2": 0.16207656558794467, "value_slice": 16}, "eager": {"count": 60, "median_ms": 0.14998400211334229, "p10_ms": 0.14985600113868713, "p90_ms": 0.15068799257278442}, "graph": {"count": 60, "median_ms": 0.14486399292945862, "p10_ms": 0.14476799964904785, "p90_ms": 0.14508800208568573}, "kind": "performance", "name": "base", "repeat": 1, "shape": {"batch": 1, "fp32": false, "gate": null, "heads": 12, "lengths": null, "state_mode": "out", "tokens": 2049}, "wall_sync": {"count": 20, "median_ms": 0.162663, "p10_ms": 0.162018, "p90_ms": 0.166988}}
{"cache_perturbed": {"count": 30, "median_ms": 0.15254400670528412, "p10_ms": 0.1523520052433014, "p90_ms": 0.15267199277877808}, "case": 8, "decision": {"predicted_ms": {"16": 0.161306486109375, "32": 0.16549805307861332, "64": 0.1787716497006836, "128": 0.21481106325732421}, "reason": "calibrated_score_with_guard_band", "resident_blocks_per_sm": {"16": 4, "32": 4, "64": 3, "128": 2}, "reuse_footprint_bytes": 21498624, "reuse_over_l2": 0.16207656558794467, "value_slice": 16}, "eager": {"count": 60, "median_ms": 0.15007999539375305, "p10_ms": 0.14988799393177032, "p90_ms": 0.15027199685573578}, "graph": {"count": 60, "median_ms": 0.1470080018043518, "p10_ms": 0.14601600170135498, "p90_ms": 0.147039994597435}, "kind": "performance", "name": "legacy", "repeat": 1, "shape": {"batch": 1, "fp32": false, "gate": null, "heads": 12, "lengths": null, "state_mode": "out", "tokens": 2049}, "wall_sync": {"count": 20, "median_ms": 0.16264299999999998, "p10_ms": 0.161628, "p90_ms": 0.163719}}
{"cache_perturbed": {"count": 30, "median_ms": 0.1525920033454895, "p10_ms": 0.15241600573062897, "p90_ms": 0.15376000106334686}, "case": 8, "decision": {"predicted_ms": {"16": 0.161306486109375, "32": 0.16549805307861332, "64": 0.1787716497006836, "128": 0.21481106325732421}, "reason": "calibrated_score_with_guard_band", "resident_blocks_per_sm": {"16": 4, "32": 4, "64": 3, "128": 2}, "reuse_footprint_bytes": 21498624, "reuse_over_l2": 0.16207656558794467, "value_slice": 16}, "eager": {"count": 60, "median_ms": 0.15006399899721146, "p10_ms": 0.14985600113868713, "p90_ms": 0.1502400040626526}, "graph": {"count": 60, "median_ms": 0.14496000111103058, "p10_ms": 0.14486399292945862, "p90_ms": 0.14681600034236908}, "kind": "performance", "name": "vector", "repeat": 1, "shape": {"batch": 1, "fp32": false, "gate": null, "heads": 12, "lengths": null, "state_mode": "out", "tokens": 2049}, "wall_sync": {"count": 20, "median_ms": 0.162603, "p10_ms": 0.161778, "p90_ms": 0.168058}}
{"cache_perturbed": {"count": 30, "median_ms": 0.1525759994983673, "p10_ms": 0.15244799852371216, "p90_ms": 0.15452800691127777}, "case": 8, "decision": {"predicted_ms": {"16": 0.161306486109375, "32": 0.16549805307861332, "64": 0.1787716497006836, "128": 0.21481106325732421}, "reason": "calibrated_score_with_guard_band", "resident_blocks_per_sm": {"16": 4, "32": 4, "64": 3, "128": 2}, "reuse_footprint_bytes": 21498624, "reuse_over_l2": 0.16207656558794467, "value_slice": 16}, "eager": {"count": 60, "median_ms": 0.15007999539375305, "p10_ms": 0.14988799393177032, "p90_ms": 0.15030400454998016}, "graph": {"count": 60, "median_ms": 0.14502400159835815, "p10_ms": 0.14496000111103058, "p90_ms": 0.1470080018043518}, "kind": "performance", "name": "unified", "repeat": 1, "shape": {"batch": 1, "fp32": false, "gate": null, "heads": 12, "lengths": null, "state_mode": "out", "tokens": 2049}, "wall_sync": {"count": 20, "median_ms": 0.163463, "p10_ms": 0.162778, "p90_ms": 0.167178}}
{"cache_perturbed": {"count": 30, "median_ms": 0.15254400670528412, "p10_ms": 0.1518079936504364, "p90_ms": 0.15267199277877808}, "case": 8, "decision": {"predicted_ms": {"16": 0.161306486109375, "32": 0.16549805307861332, "64": 0.1787716497006836, "128": 0.21481106325732421}, "reason": "calibrated_score_with_guard_band", "resident_blocks_per_sm": {"16": 4, "32": 4, "64": 3, "128": 2}, "reuse_footprint_bytes": 21498624, "reuse_over_l2": 0.16207656558794467, "value_slice": 16}, "eager": {"count": 60, "median_ms": 0.14945600181818008, "p10_ms": 0.14793600142002106, "p90_ms": 0.1502079963684082}, "graph": {"count": 60, "median_ms": 0.14496000111103058, "p10_ms": 0.14476799964904785, "p90_ms": 0.14505599439144135}, "kind": "performance", "name": "onewarp", "repeat": 2, "shape": {"batch": 1, "fp32": false, "gate": null, "heads": 12, "lengths": null, "state_mode": "out", "tokens": 2049}, "wall_sync": {"count": 20, "median_ms": 0.161808, "p10_ms": 0.161188, "p90_ms": 0.166528}}
{"cache_perturbed": {"count": 30, "median_ms": 0.1525920033454895, "p10_ms": 0.15244799852371216, "p90_ms": 0.1528320014476776}, "case": 8, "decision": {"predicted_ms": {"16": 0.161306486109375, "32": 0.16549805307861332, "64": 0.1787716497006836, "128": 0.21481106325732421}, "reason": "calibrated_score_with_guard_band", "resident_blocks_per_sm": {"16": 4, "32": 4, "64": 3, "128": 2}, "reuse_footprint_bytes": 21498624, "reuse_over_l2": 0.16207656558794467, "value_slice": 16}, "eager": {"count": 60, "median_ms": 0.15007999539375305, "p10_ms": 0.1499519944190979, "p90_ms": 0.1502400040626526}, "graph": {"count": 60, "median_ms": 0.14496000111103058, "p10_ms": 0.14486399292945862, "p90_ms": 0.14528000354766846}, "kind": "performance", "name": "base", "repeat": 2, "shape": {"batch": 1, "fp32": false, "gate": null, "heads": 12, "lengths": null, "state_mode": "out", "tokens": 2049}, "wall_sync": {"count": 20, "median_ms": 0.162633, "p10_ms": 0.161668, "p90_ms": 0.168008}}
{"cache_perturbed": {"count": 30, "median_ms": 0.1526080071926117, "p10_ms": 0.15248000621795654, "p90_ms": 0.1536639928817749}, "case": 8, "decision": {"predicted_ms": {"16": 0.161306486109375, "32": 0.16549805307861332, "64": 0.1787716497006836, "128": 0.21481106325732421}, "reason": "calibrated_score_with_guard_band", "resident_blocks_per_sm": {"16": 4, "32": 4, "64": 3, "128": 2}, "reuse_footprint_bytes": 21498624, "reuse_over_l2": 0.16207656558794467, "value_slice": 16}, "eager": {"count": 60, "median_ms": 0.15006399899721146, "p10_ms": 0.14985600113868713, "p90_ms": 0.15027199685573578}, "graph": {"count": 60, "median_ms": 0.14496000111103058, "p10_ms": 0.14483200013637543, "p90_ms": 0.1451839953660965}, "kind": "performance", "name": "vector", "repeat": 2, "shape": {"batch": 1, "fp32": false, "gate": null, "heads": 12, "lengths": null, "state_mode": "out", "tokens": 2049}, "wall_sync": {"count": 20, "median_ms": 0.162958, "p10_ms": 0.161658, "p90_ms": 0.164418}}
{"cache_perturbed": {"count": 30, "median_ms": 0.1525759994983673, "p10_ms": 0.15238399803638458, "p90_ms": 0.15276800096035004}, "case": 8, "decision": {"predicted_ms": {"16": 0.161306486109375, "32": 0.16549805307861332, "64": 0.1787716497006836, "128": 0.21481106325732421}, "reason": "calibrated_score_with_guard_band", "resident_blocks_per_sm": {"16": 4, "32": 4, "64": 3, "128": 2}, "reuse_footprint_bytes": 21498624, "reuse_over_l2": 0.16207656558794467, "value_slice": 16}, "eager": {"count": 60, "median_ms": 0.15007999539375305, "p10_ms": 0.1499200016260147, "p90_ms": 0.15027199685573578}, "graph": {"count": 60, "median_ms": 0.1451679989695549, "p10_ms": 0.1449279934167862, "p90_ms": 0.147039994597435}, "kind": "performance", "name": "unified", "repeat": 2, "shape": {"batch": 1, "fp32": false, "gate": null, "heads": 12, "lengths": null, "state_mode": "out", "tokens": 2049}, "wall_sync": {"count": 20, "median_ms": 0.162768, "p10_ms": 0.161898, "p90_ms": 0.170098}}
{"cache_perturbed": {"count": 30, "median_ms": 0.1526080071926117, "p10_ms": 0.15248000621795654, "p90_ms": 0.15350399911403656}, "case": 8, "decision": {"predicted_ms": {"16": 0.161306486109375, "32": 0.16549805307861332, "64": 0.1787716497006836, "128": 0.21481106325732421}, "reason": "calibrated_score_with_guard_band", "resident_blocks_per_sm": {"16": 4, "32": 4, "64": 3, "128": 2}, "reuse_footprint_bytes": 21498624, "reuse_over_l2": 0.16207656558794467, "value_slice": 16}, "eager": {"count": 60, "median_ms": 0.15004800260066986, "p10_ms": 0.1499200016260147, "p90_ms": 0.1502400040626526}, "graph": {"count": 60, "median_ms": 0.1470080018043518, "p10_ms": 0.1467839926481247, "p90_ms": 0.14710399508476257}, "kind": "performance", "name": "legacy", "repeat": 2, "shape": {"batch": 1, "fp32": false, "gate": null, "heads": 12, "lengths": null, "state_mode": "out", "tokens": 2049}, "wall_sync": {"count": 20, "median_ms": 0.16264299999999998, "p10_ms": 0.161658, "p90_ms": 0.164038}}
{"case": 8, "kind": "shape_complete", "shape": {"batch": 1, "fp32": false, "gate": null, "heads": 12, "lengths": null, "state_mode": "out", "tokens": 2049}}
{"case": 9, "kind": "graph_correctness", "name": "legacy", "status": "PASS", "tensors": {"final_state": {"bitwise": true, "finite": true}, "out": {"bitwise": true, "finite": true}}}
{"case": 9, "kind": "graph_correctness", "name": "base", "status": "PASS", "tensors": {"final_state": {"bitwise": true, "finite": true}, "out": {"bitwise": true, "finite": true}}}
{"case": 9, "kind": "graph_correctness", "name": "vector", "status": "PASS", "tensors": {"final_state": {"bitwise": true, "finite": true}, "out": {"bitwise": true, "finite": true}}}
{"case": 9, "kind": "graph_correctness", "name": "onewarp", "status": "PASS", "tensors": {"final_state": {"bitwise": true, "finite": true}, "out": {"bitwise": true, "finite": true}}}
{"case": 9, "kind": "graph_correctness", "name": "unified", "status": "PASS", "tensors": {"final_state": {"bitwise": true, "finite": true}, "out": {"bitwise": true, "finite": true}}}
{"cache_perturbed": {"count": 30, "median_ms": 0.2837440073490143, "p10_ms": 0.28358399868011475, "p90_ms": 0.28569599986076355}, "case": 9, "decision": {"predicted_ms": {"16": 0.29907002789062503, "32": 0.3064573839213867, "64": 0.3324931552993164, "128": 0.40455149174267574}, "reason": "calibrated_score_with_guard_band", "resident_blocks_per_sm": {"16": 4, "32": 4, "64": 3, "128": 2}, "reuse_footprint_bytes": 42663936, "reuse_over_l2": 0.32164031620553357, "value_slice": 16}, "eager": {"count": 60, "median_ms": 0.2850880026817322, "p10_ms": 0.2831040024757385, "p90_ms": 0.2853440046310425}, "graph": {"count": 60, "median_ms": 0.2820799946784973, "p10_ms": 0.2815679907798767, "p90_ms": 0.2821120023727417}, "kind": "performance", "name": "base", "repeat": 0, "shape": {"batch": 1, "fp32": false, "gate": null, "heads": 12, "lengths": null, "state_mode": "out", "tokens": 4095}, "wall_sync": {"count": 20, "median_ms": 0.29694149999999997, "p10_ms": 0.295227, "p90_ms": 0.300876}}
{"cache_perturbed": {"count": 30, "median_ms": 0.2834399938583374, "p10_ms": 0.2815679907798767, "p90_ms": 0.28390398621559143}, "case": 9, "decision": {"predicted_ms": {"16": 0.29907002789062503, "32": 0.3064573839213867, "64": 0.3324931552993164, "128": 0.40455149174267574}, "reason": "calibrated_score_with_guard_band", "resident_blocks_per_sm": {"16": 4, "32": 4, "64": 3, "128": 2}, "reuse_footprint_bytes": 42663936, "reuse_over_l2": 0.32164031620553357, "value_slice": 16}, "eager": {"count": 60, "median_ms": 0.28303998708724976, "p10_ms": 0.2810240089893341, "p90_ms": 0.2850239872932434}, "graph": {"count": 60, "median_ms": 0.2800320088863373, "p10_ms": 0.27980801463127136, "p90_ms": 0.2802560031414032}, "kind": "performance", "name": "onewarp", "repeat": 0, "shape": {"batch": 1, "fp32": false, "gate": null, "heads": 12, "lengths": null, "state_mode": "out", "tokens": 4095}, "wall_sync": {"count": 20, "median_ms": 0.2949065, "p10_ms": 0.294106, "p90_ms": 0.297166}}
{"cache_perturbed": {"count": 30, "median_ms": 0.2837440073490143, "p10_ms": 0.28352001309394836, "p90_ms": 0.2857919931411743}, "case": 9, "decision": {"predicted_ms": {"16": 0.29907002789062503, "32": 0.3064573839213867, "64": 0.3324931552993164, "128": 0.40455149174267574}, "reason": "calibrated_score_with_guard_band", "resident_blocks_per_sm": {"16": 4, "32": 4, "64": 3, "128": 2}, "reuse_footprint_bytes": 42663936, "reuse_over_l2": 0.32164031620553357, "value_slice": 16}, "eager": {"count": 60, "median_ms": 0.2850880026817322, "p10_ms": 0.28300800919532776, "p90_ms": 0.2853119969367981}, "graph": {"count": 60, "median_ms": 0.2820799946784973, "p10_ms": 0.2818560004234314, "p90_ms": 0.28227201104164124}, "kind": "performance", "name": "vector", "repeat": 0, "shape": {"batch": 1, "fp32": false, "gate": null, "heads": 12, "lengths": null, "state_mode": "out", "tokens": 4095}, "wall_sync": {"count": 20, "median_ms": 0.296477, "p10_ms": 0.295688, "p90_ms": 0.299486}}
{"cache_perturbed": {"count": 30, "median_ms": 0.2837119996547699, "p10_ms": 0.28355199098587036, "p90_ms": 0.2847679853439331}, "case": 9, "decision": {"predicted_ms": {"16": 0.29907002789062503, "32": 0.3064573839213867, "64": 0.3324931552993164, "128": 0.40455149174267574}, "reason": "calibrated_score_with_guard_band", "resident_blocks_per_sm": {"16": 4, "32": 4, "64": 3, "128": 2}, "reuse_footprint_bytes": 42663936, "reuse_over_l2": 0.32164031620553357, "value_slice": 16}, "eager": {"count": 60, "median_ms": 0.2850559949874878, "p10_ms": 0.2831040024757385, "p90_ms": 0.2853440046310425}, "graph": {"count": 60, "median_ms": 0.2820799946784973, "p10_ms": 0.2818880081176758, "p90_ms": 0.28227201104164124}, "kind": "performance", "name": "legacy", "repeat": 0, "shape": {"batch": 1, "fp32": false, "gate": null, "heads": 12, "lengths": null, "state_mode": "out", "tokens": 4095}, "wall_sync": {"count": 20, "median_ms": 0.29725100000000004, "p10_ms": 0.295767, "p90_ms": 0.303157}}
{"cache_perturbed": {"count": 30, "median_ms": 0.2837599962949753, "p10_ms": 0.28358399868011475, "p90_ms": 0.28566399216651917}, "case": 9, "decision": {"predicted_ms": {"16": 0.29907002789062503, "32": 0.3064573839213867, "64": 0.3324931552993164, "128": 0.40455149174267574}, "reason": "calibrated_score_with_guard_band", "resident_blocks_per_sm": {"16": 4, "32": 4, "64": 3, "128": 2}, "reuse_footprint_bytes": 42663936, "reuse_over_l2": 0.32164031620553357, "value_slice": 16}, "eager": {"count": 60, "median_ms": 0.2850079983472824, "p10_ms": 0.2831040024757385, "p90_ms": 0.28540799021720886}, "graph": {"count": 60, "median_ms": 0.28204798698425293, "p10_ms": 0.2810559868812561, "p90_ms": 0.2820799946784973}, "kind": "performance", "name": "unified", "repeat": 0, "shape": {"batch": 1, "fp32": false, "gate": null, "heads": 12, "lengths": null, "state_mode": "out", "tokens": 4095}, "wall_sync": {"count": 20, "median_ms": 0.29694299999999996, "p10_ms": 0.295726, "p90_ms": 0.299217}}
{"cache_perturbed": {"count": 30, "median_ms": 0.2837599962949753, "p10_ms": 0.28355199098587036, "p90_ms": 0.28569599986076355}, "case": 9, "decision": {"predicted_ms": {"16": 0.29907002789062503, "32": 0.3064573839213867, "64": 0.3324931552993164, "128": 0.40455149174267574}, "reason": "calibrated_score_with_guard_band", "resident_blocks_per_sm": {"16": 4, "32": 4, "64": 3, "128": 2}, "reuse_footprint_bytes": 42663936, "reuse_over_l2": 0.32164031620553357, "value_slice": 16}, "eager": {"count": 60, "median_ms": 0.2850880026817322, "p10_ms": 0.28303998708724976, "p90_ms": 0.2853119969367981}, "graph": {"count": 60, "median_ms": 0.2820799946784973, "p10_ms": 0.2810879945755005, "p90_ms": 0.2821120023727417}, "kind": "performance", "name": "base", "repeat": 1, "shape": {"batch": 1, "fp32": false, "gate": null, "heads": 12, "lengths": null, "state_mode": "out", "tokens": 4095}, "wall_sync": {"count": 20, "median_ms": 0.296886, "p10_ms": 0.295167, "p90_ms": 0.298266}}
{"cache_perturbed": {"count": 30, "median_ms": 0.2837280035018921, "p10_ms": 0.28355199098587036, "p90_ms": 0.2856000065803528}, "case": 9, "decision": {"predicted_ms": {"16": 0.29907002789062503, "32": 0.3064573839213867, "64": 0.3324931552993164, "128": 0.40455149174267574}, "reason": "calibrated_score_with_guard_band", "resident_blocks_per_sm": {"16": 4, "32": 4, "64": 3, "128": 2}, "reuse_footprint_bytes": 42663936, "reuse_over_l2": 0.32164031620553357, "value_slice": 16}, "eager": {"count": 60, "median_ms": 0.2850880026817322, "p10_ms": 0.2831040024757385, "p90_ms": 0.2853119969367981}, "graph": {"count": 60, "median_ms": 0.2820799946784973, "p10_ms": 0.28169599175453186, "p90_ms": 0.2821759879589081}, "kind": "performance", "name": "vector", "repeat": 1, "shape": {"batch": 1, "fp32": false, "gate": null, "heads": 12, "lengths": null, "state_mode": "out", "tokens": 4095}, "wall_sync": {"count": 20, "median_ms": 0.296667, "p10_ms": 0.296026, "p90_ms": 0.298267}}
{"cache_perturbed": {"count": 30, "median_ms": 0.28280000388622284, "p10_ms": 0.2815360128879547, "p90_ms": 0.28464001417160034}, "case": 9, "decision": {"predicted_ms": {"16": 0.29907002789062503, "32": 0.3064573839213867, "64": 0.3324931552993164, "128": 0.40455149174267574}, "reason": "calibrated_score_with_guard_band", "resident_blocks_per_sm": {"16": 4, "32": 4, "64": 3, "128": 2}, "reuse_footprint_bytes": 42663936, "reuse_over_l2": 0.32164031620553357, "value_slice": 16}, "eager": {"count": 60, "median_ms": 0.28303998708724976, "p10_ms": 0.2810240089893341, "p90_ms": 0.2850559949874878}, "graph": {"count": 60, "median_ms": 0.2800320088863373, "p10_ms": 0.27983999252319336, "p90_ms": 0.2802880108356476}, "kind": "performance", "name": "onewarp", "repeat": 1, "shape": {"batch": 1, "fp32": false, "gate": null, "heads": 12, "lengths": null, "state_mode": "out", "tokens": 4095}, "wall_sync": {"count": 20, "median_ms": 0.294912, "p10_ms": 0.294337, "p90_ms": 0.297486}}
{"cache_perturbed": {"count": 30, "median_ms": 0.2836959958076477, "p10_ms": 0.28355199098587036, "p90_ms": 0.28540799021720886}, "case": 9, "decision": {"predicted_ms": {"16": 0.29907002789062503, "32": 0.3064573839213867, "64": 0.3324931552993164, "128": 0.40455149174267574}, "reason": "calibrated_score_with_guard_band", "resident_blocks_per_sm": {"16": 4, "32": 4, "64": 3, "128": 2}, "reuse_footprint_bytes": 42663936, "reuse_over_l2": 0.32164031620553357, "value_slice": 16}, "eager": {"count": 60, "median_ms": 0.2850399911403656, "p10_ms": 0.28307199478149414, "p90_ms": 0.28537601232528687}, "graph": {"count": 60, "median_ms": 0.2820799946784973, "p10_ms": 0.2818560004234314, "p90_ms": 0.28227201104164124}, "kind": "performance", "name": "legacy", "repeat": 1, "shape": {"batch": 1, "fp32": false, "gate": null, "heads": 12, "lengths": null, "state_mode": "out", "tokens": 4095}, "wall_sync": {"count": 20, "median_ms": 0.2969215, "p10_ms": 0.295897, "p90_ms": 0.300626}}
{"cache_perturbed": {"count": 30, "median_ms": 0.2836959958076477, "p10_ms": 0.28355199098587036, "p90_ms": 0.28575998544692993}, "case": 9, "decision": {"predicted_ms": {"16": 0.29907002789062503, "32": 0.3064573839213867, "64": 0.3324931552993164, "128": 0.40455149174267574}, "reason": "calibrated_score_with_guard_band", "resident_blocks_per_sm": {"16": 4, "32": 4, "64": 3, "128": 2}, "reuse_footprint_bytes": 42663936, "reuse_over_l2": 0.32164031620553357, "value_slice": 16}, "eager": {"count": 60, "median_ms": 0.2850880026817322, "p10_ms": 0.28303998708724976, "p90_ms": 0.28537601232528687}, "graph": {"count": 60, "median_ms": 0.2820799946784973, "p10_ms": 0.2809920012950897, "p90_ms": 0.2821440100669861}, "kind": "performance", "name": "unified", "repeat": 1, "shape": {"batch": 1, "fp32": false, "gate": null, "heads": 12, "lengths": null, "state_mode": "out", "tokens": 4095}, "wall_sync": {"count": 20, "median_ms": 0.29736700000000005, "p10_ms": 0.296806, "p90_ms": 0.298407}}
{"cache_perturbed": {"count": 30, "median_ms": 0.2836799919605255, "p10_ms": 0.2834559977054596, "p90_ms": 0.28566399216651917}, "case": 9, "decision": {"predicted_ms": {"16": 0.29907002789062503, "32": 0.3064573839213867, "64": 0.3324931552993164, "128": 0.40455149174267574}, "reason": "calibrated_score_with_guard_band", "resident_blocks_per_sm": {"16": 4, "32": 4, "64": 3, "128": 2}, "reuse_footprint_bytes": 42663936, "reuse_over_l2": 0.32164031620553357, "value_slice": 16}, "eager": {"count": 60, "median_ms": 0.2850559949874878, "p10_ms": 0.2831040024757385, "p90_ms": 0.2853440046310425}, "graph": {"count": 60, "median_ms": 0.2820799946784973, "p10_ms": 0.2810559868812561, "p90_ms": 0.2821120023727417}, "kind": "performance", "name": "unified", "repeat": 2, "shape": {"batch": 1, "fp32": false, "gate": null, "heads": 12, "lengths": null, "state_mode": "out", "tokens": 4095}, "wall_sync": {"count": 20, "median_ms": 0.2970965, "p10_ms": 0.295986, "p90_ms": 0.299826}}
{"cache_perturbed": {"count": 30, "median_ms": 0.2837440073490143, "p10_ms": 0.28355199098587036, "p90_ms": 0.2857919931411743}, "case": 9, "decision": {"predicted_ms": {"16": 0.29907002789062503, "32": 0.3064573839213867, "64": 0.3324931552993164, "128": 0.40455149174267574}, "reason": "calibrated_score_with_guard_band", "resident_blocks_per_sm": {"16": 4, "32": 4, "64": 3, "128": 2}, "reuse_footprint_bytes": 42663936, "reuse_over_l2": 0.32164031620553357, "value_slice": 16}, "eager": {"count": 60, "median_ms": 0.2850399911403656, "p10_ms": 0.28303998708724976, "p90_ms": 0.2852480113506317}, "graph": {"count": 60, "median_ms": 0.2820799946784973, "p10_ms": 0.281792014837265, "p90_ms": 0.28224000334739685}, "kind": "performance", "name": "vector", "repeat": 2, "shape": {"batch": 1, "fp32": false, "gate": null, "heads": 12, "lengths": null, "state_mode": "out", "tokens": 4095}, "wall_sync": {"count": 20, "median_ms": 0.2974015, "p10_ms": 0.296316, "p90_ms": 0.303436}}
{"cache_perturbed": {"count": 30, "median_ms": 0.2827040106058121, "p10_ms": 0.2815360128879547, "p90_ms": 0.28380799293518066}, "case": 9, "decision": {"predicted_ms": {"16": 0.29907002789062503, "32": 0.3064573839213867, "64": 0.3324931552993164, "128": 0.40455149174267574}, "reason": "calibrated_score_with_guard_band", "resident_blocks_per_sm": {"16": 4, "32": 4, "64": 3, "128": 2}, "reuse_footprint_bytes": 42663936, "reuse_over_l2": 0.32164031620553357, "value_slice": 16}, "eager": {"count": 60, "median_ms": 0.28303998708724976, "p10_ms": 0.2810879945755005, "p90_ms": 0.2850239872932434}, "graph": {"count": 60, "median_ms": 0.28011199831962585, "p10_ms": 0.27987200021743774, "p90_ms": 0.28035199642181396}, "kind": "performance", "name": "onewarp", "repeat": 2, "shape": {"batch": 1, "fp32": false, "gate": null, "heads": 12, "lengths": null, "state_mode": "out", "tokens": 4095}, "wall_sync": {"count": 20, "median_ms": 0.295076, "p10_ms": 0.294436, "p90_ms": 0.298917}}
{"cache_perturbed": {"count": 30, "median_ms": 0.2837119996547699, "p10_ms": 0.28358399868011475, "p90_ms": 0.28563201427459717}, "case": 9, "decision": {"predicted_ms": {"16": 0.29907002789062503, "32": 0.3064573839213867, "64": 0.3324931552993164, "128": 0.40455149174267574}, "reason": "calibrated_score_with_guard_band", "resident_blocks_per_sm": {"16": 4, "32": 4, "64": 3, "128": 2}, "reuse_footprint_bytes": 42663936, "reuse_over_l2": 0.32164031620553357, "value_slice": 16}, "eager": {"count": 60, "median_ms": 0.28513599932193756, "p10_ms": 0.2831360101699829, "p90_ms": 0.285504013299942}, "graph": {"count": 60, "median_ms": 0.2821759879589081, "p10_ms": 0.28118398785591125, "p90_ms": 0.28227201104164124}, "kind": "performance", "name": "base", "repeat": 2, "shape": {"batch": 1, "fp32": false, "gate": null, "heads": 12, "lengths": null, "state_mode": "out", "tokens": 4095}, "wall_sync": {"count": 20, "median_ms": 0.296627, "p10_ms": 0.295717, "p90_ms": 0.300196}}
{"cache_perturbed": {"count": 30, "median_ms": 0.2837599962949753, "p10_ms": 0.28358399868011475, "p90_ms": 0.28575998544692993}, "case": 9, "decision": {"predicted_ms": {"16": 0.29907002789062503, "32": 0.3064573839213867, "64": 0.3324931552993164, "128": 0.40455149174267574}, "reason": "calibrated_score_with_guard_band", "resident_blocks_per_sm": {"16": 4, "32": 4, "64": 3, "128": 2}, "reuse_footprint_bytes": 42663936, "reuse_over_l2": 0.32164031620553357, "value_slice": 16}, "eager": {"count": 60, "median_ms": 0.28512001037597656, "p10_ms": 0.2831360101699829, "p90_ms": 0.28537601232528687}, "graph": {"count": 60, "median_ms": 0.2821759879589081, "p10_ms": 0.28198400139808655, "p90_ms": 0.2831040024757385}, "kind": "performance", "name": "legacy", "repeat": 2, "shape": {"batch": 1, "fp32": false, "gate": null, "heads": 12, "lengths": null, "state_mode": "out", "tokens": 4095}, "wall_sync": {"count": 20, "median_ms": 0.2968815, "p10_ms": 0.295996, "p90_ms": 0.298647}}
{"case": 9, "kind": "shape_complete", "shape": {"batch": 1, "fp32": false, "gate": null, "heads": 12, "lengths": null, "state_mode": "out", "tokens": 4095}}
{"case": 10, "kind": "graph_correctness", "name": "legacy", "status": "PASS", "tensors": {"final_state": {"bitwise": true, "finite": true}, "out": {"bitwise": true, "finite": true}}}
{"case": 10, "kind": "graph_correctness", "name": "base", "status": "PASS", "tensors": {"final_state": {"bitwise": true, "finite": true}, "out": {"bitwise": true, "finite": true}}}
{"case": 10, "kind": "graph_correctness", "name": "vector", "status": "PASS", "tensors": {"final_state": {"bitwise": true, "finite": true}, "out": {"bitwise": true, "finite": true}}}
{"case": 10, "kind": "graph_correctness", "name": "onewarp", "status": "PASS", "tensors": {"final_state": {"bitwise": true, "finite": true}, "out": {"bitwise": true, "finite": true}}}
{"case": 10, "kind": "graph_correctness", "name": "unified", "status": "PASS", "tensors": {"final_state": {"bitwise": true, "finite": true}, "out": {"bitwise": true, "finite": true}}}
{"cache_perturbed": {"count": 30, "median_ms": 0.551904022693634, "p10_ms": 0.54995197057724, "p90_ms": 0.5531839728355408}, "case": 10, "decision": {"predicted_ms": {"16": 0.5742336114284667, "32": 0.5881916382504883, "64": 0.638582704204834, "128": 0.783852497248291}, "reason": "calibrated_score_with_guard_band", "resident_blocks_per_sm": {"16": 4, "32": 4, "64": 3, "128": 2}, "reuse_footprint_bytes": 85327872, "reuse_over_l2": 0.6432806324110671, "value_slice": 16}, "eager": {"count": 60, "median_ms": 0.5513119995594025, "p10_ms": 0.5494080185890198, "p90_ms": 0.5523520112037659}, "graph": {"count": 60, "median_ms": 0.5483199954032898, "p10_ms": 0.5472959876060486, "p90_ms": 0.5483520030975342}, "kind": "performance", "name": "unified", "repeat": 0, "shape": {"batch": 1, "fp32": false, "gate": null, "heads": 12, "lengths": null, "state_mode": "out", "tokens": 8191}, "wall_sync": {"count": 20, "median_ms": 0.563793, "p10_ms": 0.563283, "p90_ms": 0.569314}}
{"cache_perturbed": {"count": 30, "median_ms": 0.5499679744243622, "p10_ms": 0.5497599840164185, "p90_ms": 0.5520640015602112}, "case": 10, "decision": {"predicted_ms": {"16": 0.5742336114284667, "32": 0.5881916382504883, "64": 0.638582704204834, "128": 0.783852497248291}, "reason": "calibrated_score_with_guard_band", "resident_blocks_per_sm": {"16": 4, "32": 4, "64": 3, "128": 2}, "reuse_footprint_bytes": 85327872, "reuse_over_l2": 0.6432806324110671, "value_slice": 16}, "eager": {"count": 60, "median_ms": 0.549344003200531, "p10_ms": 0.5472959876060486, "p90_ms": 0.550495982170105}, "graph": {"count": 60, "median_ms": 0.5462719798088074, "p10_ms": 0.5452160239219666, "p90_ms": 0.5463680028915405}, "kind": "performance", "name": "base", "repeat": 0, "shape": {"batch": 1, "fp32": false, "gate": null, "heads": 12, "lengths": null, "state_mode": "out", "tokens": 8191}, "wall_sync": {"count": 20, "median_ms": 0.5618084999999999, "p10_ms": 0.561034, "p90_ms": 0.564633}}
{"cache_perturbed": {"count": 30, "median_ms": 0.5499839782714844, "p10_ms": 0.5497599840164185, "p90_ms": 0.5520640015602112}, "case": 10, "decision": {"predicted_ms": {"16": 0.5742336114284667, "32": 0.5881916382504883, "64": 0.638582704204834, "128": 0.783852497248291}, "reason": "calibrated_score_with_guard_band", "resident_blocks_per_sm": {"16": 4, "32": 4, "64": 3, "128": 2}, "reuse_footprint_bytes": 85327872, "reuse_over_l2": 0.6432806324110671, "value_slice": 16}, "eager": {"count": 60, "median_ms": 0.5493119955062866, "p10_ms": 0.5474560260772705, "p90_ms": 0.5511999726295471}, "graph": {"count": 60, "median_ms": 0.5462719798088074, "p10_ms": 0.5452479720115662, "p90_ms": 0.5463680028915405}, "kind": "performance", "name": "legacy", "repeat": 0, "shape": {"batch": 1, "fp32": false, "gate": null, "heads": 12, "lengths": null, "state_mode": "out", "tokens": 8191}, "wall_sync": {"count": 20, "median_ms": 0.5621385, "p10_ms": 0.561343, "p90_ms": 0.566424}}
{"cache_perturbed": {"count": 30, "median_ms": 0.5517440140247345, "p10_ms": 0.5498560070991516, "p90_ms": 0.5520640015602112}, "case": 10, "decision": {"predicted_ms": {"16": 0.5742336114284667, "32": 0.5881916382504883, "64": 0.638582704204834, "128": 0.783852497248291}, "reason": "calibrated_score_with_guard_band", "resident_blocks_per_sm": {"16": 4, "32": 4, "64": 3, "128": 2}, "reuse_footprint_bytes": 85327872, "reuse_over_l2": 0.6432806324110671, "value_slice": 16}, "eager": {"count": 60, "median_ms": 0.5494719743728638, "p10_ms": 0.5483199954032898, "p90_ms": 0.5514879822731018}, "graph": {"count": 60, "median_ms": 0.5462719798088074, "p10_ms": 0.5452479720115662, "p90_ms": 0.5472959876060486}, "kind": "performance", "name": "vector", "repeat": 0, "shape": {"batch": 1, "fp32": false, "gate": null, "heads": 12, "lengths": null, "state_mode": "out", "tokens": 8191}, "wall_sync": {"count": 20, "median_ms": 0.5617289999999999, "p10_ms": 0.561044, "p90_ms": 0.564024}}
{"cache_perturbed": {"count": 30, "median_ms": 0.5478239953517914, "p10_ms": 0.5475519895553589, "p90_ms": 0.549888014793396}, "case": 10, "decision": {"predicted_ms": {"16": 0.5742336114284667, "32": 0.5881916382504883, "64": 0.638582704204834, "128": 0.783852497248291}, "reason": "calibrated_score_with_guard_band", "resident_blocks_per_sm": {"16": 4, "32": 4, "64": 3, "128": 2}, "reuse_footprint_bytes": 85327872, "reuse_over_l2": 0.6432806324110671, "value_slice": 16}, "eager": {"count": 60, "median_ms": 0.5473119914531708, "p10_ms": 0.5453760027885437, "p90_ms": 0.548255980014801}, "graph": {"count": 60, "median_ms": 0.5442240238189697, "p10_ms": 0.5432000160217285, "p90_ms": 0.544704020023346}, "kind": "performance", "name": "onewarp", "repeat": 0, "shape": {"batch": 1, "fp32": false, "gate": null, "heads": 12, "lengths": null, "state_mode": "out", "tokens": 8191}, "wall_sync": {"count": 20, "median_ms": 0.5591585, "p10_ms": 0.558373, "p90_ms": 0.560923}}
{"cache_perturbed": {"count": 30, "median_ms": 0.5499839782714844, "p10_ms": 0.5496960282325745, "p90_ms": 0.551967978477478}, "case": 10, "decision": {"predicted_ms": {"16": 0.5742336114284667, "32": 0.5881916382504883, "64": 0.638582704204834, "128": 0.783852497248291}, "reason": "calibrated_score_with_guard_band", "resident_blocks_per_sm": {"16": 4, "32": 4, "64": 3, "128": 2}, "reuse_footprint_bytes": 85327872, "reuse_over_l2": 0.6432806324110671, "value_slice": 16}, "eager": {"count": 60, "median_ms": 0.5493279993534088, "p10_ms": 0.5472319722175598, "p90_ms": 0.5512319803237915}, "graph": {"count": 60, "median_ms": 0.5462719798088074, "p10_ms": 0.5453119874000549, "p90_ms": 0.5463680028915405}, "kind": "performance", "name": "legacy", "repeat": 1, "shape": {"batch": 1, "fp32": false, "gate": null, "heads": 12, "lengths": null, "state_mode": "out", "tokens": 8191}, "wall_sync": {"count": 20, "median_ms": 0.5621885, "p10_ms": 0.561153, "p90_ms": 0.566514}}
{"cache_perturbed": {"count": 30, "median_ms": 0.54995197057724, "p10_ms": 0.5496320128440857, "p90_ms": 0.5518400073051453}, "case": 10, "decision": {"predicted_ms": {"16": 0.5742336114284667, "32": 0.5881916382504883, "64": 0.638582704204834, "128": 0.783852497248291}, "reason": "calibrated_score_with_guard_band", "resident_blocks_per_sm": {"16": 4, "32": 4, "64": 3, "128": 2}, "reuse_footprint_bytes": 85327872, "reuse_over_l2": 0.6432806324110671, "value_slice": 16}, "eager": {"count": 60, "median_ms": 0.5493119955062866, "p10_ms": 0.5472959876060486, "p90_ms": 0.5504639744758606}, "graph": {"count": 60, "median_ms": 0.546239972114563, "p10_ms": 0.5452160239219666, "p90_ms": 0.5463359951972961}, "kind": "performance", "name": "base", "repeat": 1, "shape": {"batch": 1, "fp32": false, "gate": null, "heads": 12, "lengths": null, "state_mode": "out", "tokens": 8191}, "wall_sync": {"count": 20, "median_ms": 0.5621134999999999, "p10_ms": 0.561603, "p90_ms": 0.566223}}
{"cache_perturbed": {"count": 30, "median_ms": 0.5511200129985809, "p10_ms": 0.5497919917106628, "p90_ms": 0.5520640015602112}, "case": 10, "decision": {"predicted_ms": {"16": 0.5742336114284667, "32": 0.5881916382504883, "64": 0.638582704204834, "128": 0.783852497248291}, "reason": "calibrated_score_with_guard_band", "resident_blocks_per_sm": {"16": 4, "32": 4, "64": 3, "128": 2}, "reuse_footprint_bytes": 85327872, "reuse_over_l2": 0.6432806324110671, "value_slice": 16}, "eager": {"count": 60, "median_ms": 0.5496000051498413, "p10_ms": 0.5485119819641113, "p90_ms": 0.5514879822731018}, "graph": {"count": 60, "median_ms": 0.5462719798088074, "p10_ms": 0.5455359816551208, "p90_ms": 0.5472959876060486}, "kind": "performance", "name": "vector", "repeat": 1, "shape": {"batch": 1, "fp32": false, "gate": null, "heads": 12, "lengths": null, "state_mode": "out", "tokens": 8191}, "wall_sync": {"count": 20, "median_ms": 0.5620430000000001, "p10_ms": 0.561344, "p90_ms": 0.563673}}
{"cache_perturbed": {"count": 30, "median_ms": 0.5518880188465118, "p10_ms": 0.5500479936599731, "p90_ms": 0.553056001663208}, "case": 10, "decision": {"predicted_ms": {"16": 0.5742336114284667, "32": 0.5881916382504883, "64": 0.638582704204834, "128": 0.783852497248291}, "reason": "calibrated_score_with_guard_band", "resident_blocks_per_sm": {"16": 4, "32": 4, "64": 3, "128": 2}, "reuse_footprint_bytes": 85327872, "reuse_over_l2": 0.6432806324110671, "value_slice": 16}, "eager": {"count": 60, "median_ms": 0.5513920187950134, "p10_ms": 0.5493760108947754, "p90_ms": 0.5525760054588318}, "graph": {"count": 60, "median_ms": 0.5483840107917786, "p10_ms": 0.5473920106887817, "p90_ms": 0.5485439896583557}, "kind": "performance", "name": "unified", "repeat": 1, "shape": {"batch": 1, "fp32": false, "gate": null, "heads": 12, "lengths": null, "state_mode": "out", "tokens": 8191}, "wall_sync": {"count": 20, "median_ms": 0.563678, "p10_ms": 0.562323, "p90_ms": 0.569163}}
{"cache_perturbed": {"count": 30, "median_ms": 0.5478239953517914, "p10_ms": 0.5458880066871643, "p90_ms": 0.5489919781684875}, "case": 10, "decision": {"predicted_ms": {"16": 0.5742336114284667, "32": 0.5881916382504883, "64": 0.638582704204834, "128": 0.783852497248291}, "reason": "calibrated_score_with_guard_band", "resident_blocks_per_sm": {"16": 4, "32": 4, "64": 3, "128": 2}, "reuse_footprint_bytes": 85327872, "reuse_over_l2": 0.6432806324110671, "value_slice": 16}, "eager": {"count": 60, "median_ms": 0.5473119914531708, "p10_ms": 0.5453439950942993, "p90_ms": 0.5483199954032898}, "graph": {"count": 60, "median_ms": 0.5443199872970581, "p10_ms": 0.543615996837616, "p90_ms": 0.5452799797058105}, "kind": "performance", "name": "onewarp", "repeat": 1, "shape": {"batch": 1, "fp32": false, "gate": null, "heads": 12, "lengths": null, "state_mode": "out", "tokens": 8191}, "wall_sync": {"count": 20, "median_ms": 0.5595330000000001, "p10_ms": 0.557953, "p90_ms": 0.567874}}
{"cache_perturbed": {"count": 30, "median_ms": 0.5479360222816467, "p10_ms": 0.5470719933509827, "p90_ms": 0.54995197057724}, "case": 10, "decision": {"predicted_ms": {"16": 0.5742336114284667, "32": 0.5881916382504883, "64": 0.638582704204834, "128": 0.783852497248291}, "reason": "calibrated_score_with_guard_band", "resident_blocks_per_sm": {"16": 4, "32": 4, "64": 3, "128": 2}, "reuse_footprint_bytes": 85327872, "reuse_over_l2": 0.6432806324110671, "value_slice": 16}, "eager": {"count": 60, "median_ms": 0.5472959876060486, "p10_ms": 0.5453119874000549, "p90_ms": 0.5483199954032898}, "graph": {"count": 60, "median_ms": 0.5442879796028137, "p10_ms": 0.5432959794998169, "p90_ms": 0.5444160103797913}, "kind": "performance", "name": "onewarp", "repeat": 2, "shape": {"batch": 1, "fp32": false, "gate": null, "heads": 12, "lengths": null, "state_mode": "out", "tokens": 8191}, "wall_sync": {"count": 20, "median_ms": 0.559148, "p10_ms": 0.558494, "p90_ms": 0.560953}}
{"cache_perturbed": {"count": 30, "median_ms": 0.5513280034065247, "p10_ms": 0.5497919917106628, "p90_ms": 0.5519999861717224}, "case": 10, "decision": {"predicted_ms": {"16": 0.5742336114284667, "32": 0.5881916382504883, "64": 0.638582704204834, "128": 0.783852497248291}, "reason": "calibrated_score_with_guard_band", "resident_blocks_per_sm": {"16": 4, "32": 4, "64": 3, "128": 2}, "reuse_footprint_bytes": 85327872, "reuse_over_l2": 0.6432806324110671, "value_slice": 16}, "eager": {"count": 60, "median_ms": 0.5494719743728638, "p10_ms": 0.5475199818611145, "p90_ms": 0.5515519976615906}, "graph": {"count": 60, "median_ms": 0.5463680028915405, "p10_ms": 0.5453760027885437, "p90_ms": 0.5473600029945374}, "kind": "performance", "name": "vector", "repeat": 2, "shape": {"batch": 1, "fp32": false, "gate": null, "heads": 12, "lengths": null, "state_mode": "out", "tokens": 8191}, "wall_sync": {"count": 20, "median_ms": 0.561663, "p10_ms": 0.560574, "p90_ms": 0.563693}}
{"cache_perturbed": {"count": 30, "median_ms": 0.5498720109462738, "p10_ms": 0.5479360222816467, "p90_ms": 0.5519359707832336}, "case": 10, "decision": {"predicted_ms": {"16": 0.5742336114284667, "32": 0.5881916382504883, "64": 0.638582704204834, "128": 0.783852497248291}, "reason": "calibrated_score_with_guard_band", "resident_blocks_per_sm": {"16": 4, "32": 4, "64": 3, "128": 2}, "reuse_footprint_bytes": 85327872, "reuse_over_l2": 0.6432806324110671, "value_slice": 16}, "eager": {"count": 60, "median_ms": 0.5494400262832642, "p10_ms": 0.5473920106887817, "p90_ms": 0.5513920187950134}, "graph": {"count": 60, "median_ms": 0.5463359951972961, "p10_ms": 0.5443519949913025, "p90_ms": 0.5464000105857849}, "kind": "performance", "name": "base", "repeat": 2, "shape": {"batch": 1, "fp32": false, "gate": null, "heads": 12, "lengths": null, "state_mode": "out", "tokens": 8191}, "wall_sync": {"count": 20, "median_ms": 0.5618035, "p10_ms": 0.560504, "p90_ms": 0.566723}}
{"cache_perturbed": {"count": 30, "median_ms": 0.54995197057724, "p10_ms": 0.5497599840164185, "p90_ms": 0.5521280169487}, "case": 10, "decision": {"predicted_ms": {"16": 0.5742336114284667, "32": 0.5881916382504883, "64": 0.638582704204834, "128": 0.783852497248291}, "reason": "calibrated_score_with_guard_band", "resident_blocks_per_sm": {"16": 4, "32": 4, "64": 3, "128": 2}, "reuse_footprint_bytes": 85327872, "reuse_over_l2": 0.6432806324110671, "value_slice": 16}, "eager": {"count": 60, "median_ms": 0.5494080185890198, "p10_ms": 0.5473600029945374, "p90_ms": 0.5514240264892578}, "graph": {"count": 60, "median_ms": 0.5463359951972961, "p10_ms": 0.5453439950942993, "p90_ms": 0.5464000105857849}, "kind": "performance", "name": "legacy", "repeat": 2, "shape": {"batch": 1, "fp32": false, "gate": null, "heads": 12, "lengths": null, "state_mode": "out", "tokens": 8191}, "wall_sync": {"count": 20, "median_ms": 0.561788, "p10_ms": 0.561034, "p90_ms": 0.566503}}
{"cache_perturbed": {"count": 30, "median_ms": 0.5519199967384338, "p10_ms": 0.5508480072021484, "p90_ms": 0.5539839863777161}, "case": 10, "decision": {"predicted_ms": {"16": 0.5742336114284667, "32": 0.5881916382504883, "64": 0.638582704204834, "128": 0.783852497248291}, "reason": "calibrated_score_with_guard_band", "resident_blocks_per_sm": {"16": 4, "32": 4, "64": 3, "128": 2}, "reuse_footprint_bytes": 85327872, "reuse_over_l2": 0.6432806324110671, "value_slice": 16}, "eager": {"count": 60, "median_ms": 0.5512639880180359, "p10_ms": 0.5494080185890198, "p90_ms": 0.5522879958152771}, "graph": {"count": 60, "median_ms": 0.5483199954032898, "p10_ms": 0.5473920106887817, "p90_ms": 0.5485119819641113}, "kind": "performance", "name": "unified", "repeat": 2, "shape": {"batch": 1, "fp32": false, "gate": null, "heads": 12, "lengths": null, "state_mode": "out", "tokens": 8191}, "wall_sync": {"count": 20, "median_ms": 0.5626035, "p10_ms": 0.562034, "p90_ms": 0.567863}}
{"case": 10, "kind": "shape_complete", "shape": {"batch": 1, "fp32": false, "gate": null, "heads": 12, "lengths": null, "state_mode": "out", "tokens": 8191}}
{"kind": "performance_complete", "rows": 165, "shapes": 11}
{"kind": "ablation_complete"}
Sat Sep  5 03:31:57 UTC 2026
