Sat Sep  5 03:56:17 UTC 2026
name, driver_version, memory.total [MiB], clocks.current.sm [MHz]
NVIDIA B300 SXM6 AC, 580.126.09, 275040 MiB, 1095 MHz
{"check": "loaded_binary", "extension": "flash_kda_phase1_C", "path": "/home/lcpu/YOUR_USER_ID/kda-zero-state-20260905/clean_build/lib/flash_kda_phase1_C.cpython-312-x86_64-linux-gnu.so", "sha256": "f6f80fa402cc1dc00b09a8082b10806bbe17c0e533d067e931dd774d270b9270", "torch": "2.10.0+cu130"}
{"check": "binding_default", "default": 128, "extension": "flash_kda_phase1_C"}
{"check": "alias_default", "reason": "no --alias-extension supplied", "status": "SKIP"}
{"case": "binding", "status": "PASS"}
{"check": "loaded_binary", "extension": "flash_kda_phase1_C", "path": "/home/lcpu/YOUR_USER_ID/kda-zero-state-20260905/clean_build/lib/flash_kda_phase1_C.cpython-312-x86_64-linux-gnu.so", "sha256": "f6f80fa402cc1dc00b09a8082b10806bbe17c0e533d067e931dd774d270b9270", "torch": "2.10.0+cu130"}
{"check": "offset_beta", "heads": 2, "state_dtype": "torch.bfloat16", "status": "PASS", "tokens": 1, "value_slice": 128}
{"check": "offset_beta", "heads": 2, "state_dtype": "torch.bfloat16", "status": "PASS", "tokens": 1, "value_slice": 16}
{"check": "offset_beta", "heads": 2, "state_dtype": "torch.bfloat16", "status": "PASS", "tokens": 1, "value_slice": 32}
{"check": "offset_beta", "heads": 2, "state_dtype": "torch.bfloat16", "status": "PASS", "tokens": 1, "value_slice": 64}
{"check": "offset_beta", "heads": 2, "state_dtype": "torch.float32", "status": "PASS", "tokens": 1, "value_slice": 128}
{"check": "offset_beta", "heads": 2, "state_dtype": "torch.float32", "status": "PASS", "tokens": 1, "value_slice": 16}
{"check": "offset_beta", "heads": 2, "state_dtype": "torch.float32", "status": "PASS", "tokens": 1, "value_slice": 32}
{"check": "offset_beta", "heads": 2, "state_dtype": "torch.float32", "status": "PASS", "tokens": 1, "value_slice": 64}
{"check": "offset_beta", "heads": 12, "state_dtype": "torch.bfloat16", "status": "PASS", "tokens": 1, "value_slice": 128}
{"check": "offset_beta", "heads": 12, "state_dtype": "torch.bfloat16", "status": "PASS", "tokens": 1, "value_slice": 16}
{"check": "offset_beta", "heads": 12, "state_dtype": "torch.bfloat16", "status": "PASS", "tokens": 1, "value_slice": 32}
{"check": "offset_beta", "heads": 12, "state_dtype": "torch.bfloat16", "status": "PASS", "tokens": 1, "value_slice": 64}
{"check": "offset_beta", "heads": 12, "state_dtype": "torch.float32", "status": "PASS", "tokens": 1, "value_slice": 128}
{"check": "offset_beta", "heads": 12, "state_dtype": "torch.float32", "status": "PASS", "tokens": 1, "value_slice": 16}
{"check": "offset_beta", "heads": 12, "state_dtype": "torch.float32", "status": "PASS", "tokens": 1, "value_slice": 32}
{"check": "offset_beta", "heads": 12, "state_dtype": "torch.float32", "status": "PASS", "tokens": 1, "value_slice": 64}
{"check": "offset_beta", "heads": 1, "state_dtype": "torch.bfloat16", "status": "PASS", "tokens": 17, "value_slice": 128}
{"check": "offset_beta", "heads": 1, "state_dtype": "torch.bfloat16", "status": "PASS", "tokens": 17, "value_slice": 16}
{"check": "offset_beta", "heads": 1, "state_dtype": "torch.bfloat16", "status": "PASS", "tokens": 17, "value_slice": 32}
{"check": "offset_beta", "heads": 1, "state_dtype": "torch.bfloat16", "status": "PASS", "tokens": 17, "value_slice": 64}
{"check": "offset_beta", "heads": 1, "state_dtype": "torch.float32", "status": "PASS", "tokens": 17, "value_slice": 128}
{"check": "offset_beta", "heads": 1, "state_dtype": "torch.float32", "status": "PASS", "tokens": 17, "value_slice": 16}
{"check": "offset_beta", "heads": 1, "state_dtype": "torch.float32", "status": "PASS", "tokens": 17, "value_slice": 32}
{"check": "offset_beta", "heads": 1, "state_dtype": "torch.float32", "status": "PASS", "tokens": 17, "value_slice": 64}
{"check": "offset_beta", "heads": 2, "state_dtype": "torch.bfloat16", "status": "PASS", "tokens": 17, "value_slice": 128}
{"check": "offset_beta", "heads": 2, "state_dtype": "torch.bfloat16", "status": "PASS", "tokens": 17, "value_slice": 16}
{"check": "offset_beta", "heads": 2, "state_dtype": "torch.bfloat16", "status": "PASS", "tokens": 17, "value_slice": 32}
{"check": "offset_beta", "heads": 2, "state_dtype": "torch.bfloat16", "status": "PASS", "tokens": 17, "value_slice": 64}
{"check": "offset_beta", "heads": 2, "state_dtype": "torch.float32", "status": "PASS", "tokens": 17, "value_slice": 128}
{"check": "offset_beta", "heads": 2, "state_dtype": "torch.float32", "status": "PASS", "tokens": 17, "value_slice": 16}
{"check": "offset_beta", "heads": 2, "state_dtype": "torch.float32", "status": "PASS", "tokens": 17, "value_slice": 32}
{"check": "offset_beta", "heads": 2, "state_dtype": "torch.float32", "status": "PASS", "tokens": 17, "value_slice": 64}
{"case": "alignment", "status": "PASS"}
{"check": "loaded_binary", "extension": "flash_kda_phase1_C", "path": "/home/lcpu/YOUR_USER_ID/kda-zero-state-20260905/clean_build/lib/flash_kda_phase1_C.cpython-312-x86_64-linux-gnu.so", "sha256": "f6f80fa402cc1dc00b09a8082b10806bbe17c0e533d067e931dd774d270b9270", "torch": "2.10.0+cu130"}
{"batch": 1, "check": "v128_parity", "dtype": "torch.bfloat16", "final": true, "initial": true, "packed": false, "status": "PASS", "tokens": 1}
{"batch": 1, "check": "v128_parity", "dtype": "torch.bfloat16", "final": true, "initial": false, "packed": false, "status": "PASS", "tokens": 1}
{"batch": 1, "check": "v128_parity", "dtype": "torch.bfloat16", "final": false, "initial": true, "packed": false, "status": "PASS", "tokens": 1}
{"batch": 1, "check": "v128_parity", "dtype": "torch.bfloat16", "final": false, "initial": false, "packed": false, "status": "PASS", "tokens": 1}
{"batch": 1, "check": "v128_parity", "dtype": "torch.float32", "final": true, "initial": true, "packed": false, "status": "PASS", "tokens": 1}
{"batch": 1, "check": "v128_parity", "dtype": "torch.float32", "final": true, "initial": false, "packed": false, "status": "PASS", "tokens": 1}
{"batch": 1, "check": "v128_parity", "dtype": "torch.float32", "final": false, "initial": true, "packed": false, "status": "PASS", "tokens": 1}
{"batch": 1, "check": "v128_parity", "dtype": "torch.float32", "final": false, "initial": false, "packed": false, "status": "PASS", "tokens": 1}
{"batch": 2, "check": "v128_parity", "dtype": "torch.bfloat16", "final": true, "initial": true, "packed": false, "status": "PASS", "tokens": 17}
{"batch": 2, "check": "v128_parity", "dtype": "torch.bfloat16", "final": true, "initial": false, "packed": false, "status": "PASS", "tokens": 17}
{"batch": 2, "check": "v128_parity", "dtype": "torch.bfloat16", "final": false, "initial": true, "packed": false, "status": "PASS", "tokens": 17}
{"batch": 2, "check": "v128_parity", "dtype": "torch.bfloat16", "final": false, "initial": false, "packed": false, "status": "PASS", "tokens": 17}
{"batch": 2, "check": "v128_parity", "dtype": "torch.float32", "final": true, "initial": true, "packed": false, "status": "PASS", "tokens": 17}
{"batch": 2, "check": "v128_parity", "dtype": "torch.float32", "final": true, "initial": false, "packed": false, "status": "PASS", "tokens": 17}
{"batch": 2, "check": "v128_parity", "dtype": "torch.float32", "final": false, "initial": true, "packed": false, "status": "PASS", "tokens": 17}
{"batch": 2, "check": "v128_parity", "dtype": "torch.float32", "final": false, "initial": false, "packed": false, "status": "PASS", "tokens": 17}
{"batch": 1, "check": "v128_parity", "dtype": "torch.bfloat16", "final": true, "initial": true, "packed": true, "status": "PASS", "tokens": 33}
{"batch": 1, "check": "v128_parity", "dtype": "torch.bfloat16", "final": true, "initial": false, "packed": true, "status": "PASS", "tokens": 33}
{"batch": 1, "check": "v128_parity", "dtype": "torch.bfloat16", "final": false, "initial": true, "packed": true, "status": "PASS", "tokens": 33}
{"batch": 1, "check": "v128_parity", "dtype": "torch.bfloat16", "final": false, "initial": false, "packed": true, "status": "PASS", "tokens": 33}
{"batch": 1, "check": "v128_parity", "dtype": "torch.float32", "final": true, "initial": true, "packed": true, "status": "PASS", "tokens": 33}
{"batch": 1, "check": "v128_parity", "dtype": "torch.float32", "final": true, "initial": false, "packed": true, "status": "PASS", "tokens": 33}
{"batch": 1, "check": "v128_parity", "dtype": "torch.float32", "final": false, "initial": true, "packed": true, "status": "PASS", "tokens": 33}
{"batch": 1, "check": "v128_parity", "dtype": "torch.float32", "final": false, "initial": false, "packed": true, "status": "PASS", "tokens": 33}
{"case": "parity", "status": "PASS"}
{"check": "loaded_binary", "extension": "flash_kda_phase1_C", "path": "/home/lcpu/YOUR_USER_ID/kda-zero-state-20260905/clean_build/lib/flash_kda_phase1_C.cpython-312-x86_64-linux-gnu.so", "sha256": "f6f80fa402cc1dc00b09a8082b10806bbe17c0e533d067e931dd774d270b9270", "torch": "2.10.0+cu130"}
{"check": "offset_beta_nondefault_stream_and_graph", "status": "PASS"}
{"case": "stream_graph", "status": "PASS"}
{"check": "loaded_binary", "extension": "flash_kda_phase1_C", "path": "/home/lcpu/YOUR_USER_ID/kda-zero-state-20260905/clean_build/lib/flash_kda_phase1_C.cpython-312-x86_64-linux-gnu.so", "sha256": "f6f80fa402cc1dc00b09a8082b10806bbe17c0e533d067e931dd774d270b9270", "torch": "2.10.0+cu130"}
{"check": "same_device_rejection", "field": "A_log", "status": "PASS"}
{"check": "same_device_rejection", "field": "dt_bias", "status": "PASS"}
{"check": "same_device_rejection", "field": "initial_state", "status": "PASS"}
{"check": "same_device_rejection", "field": "final_state", "status": "PASS"}
{"check": "same_device_rejection", "field": "cu_seqlens", "status": "PASS"}
{"case": "cpu_rejection", "status": "PASS"}
{"check": "loaded_binary", "extension": "flash_kda_phase1_C", "path": "/home/lcpu/YOUR_USER_ID/kda-zero-state-20260905/clean_build/lib/flash_kda_phase1_C.cpython-312-x86_64-linux-gnu.so", "sha256": "f6f80fa402cc1dc00b09a8082b10806bbe17c0e533d067e931dd774d270b9270", "torch": "2.10.0+cu130"}
{"check": "multi_gpu", "reason": "only one CUDA device visible", "status": "SKIP"}
{"case": "multi_gpu", "status": "SKIP"}
{"failures": [], "skipped": ["multi_gpu"], "status": "PASS", "suite": "entry_hardening"}
{"baseline": "/home/lcpu/YOUR_USER_ID/kda-mainline-20260905/release_build/lib/flash_kda_release_C.cpython-312-x86_64-linux-gnu.so", "baseline_sha256": "34e2c68cf80de0bd24278afb035fdcd44e4a6205241dfcb9aab4ee95891bc486", "candidate": "/home/lcpu/YOUR_USER_ID/kda-zero-state-20260905/clean_build/lib/flash_kda_phase1_C.cpython-312-x86_64-linux-gnu.so", "candidate_sha256": "f6f80fa402cc1dc00b09a8082b10806bbe17c0e533d067e931dd774d270b9270", "device": {"device": 0, "l2_bytes": 132644864, "major": 10, "max_blocks_per_sm": 32, "max_threads_per_sm": 2048, "minor": 3, "registers_per_sm": 65536, "shared_memory_per_sm": 233472, "sm_count": 148, "warp_size": 32}, "experiment": "clean-phase1", "kind": "environment", "scope": "actual unchanged wrappers; no raw-ID proxies; event/graph/cache-perturbed/host-wall separate", "torch": "2.10.0+cu130", "wrapper_sha256": "c638962a3d333680e923884ba47ffcd1cc4f26b1db4b2097af9bfa01b0b4f50f"}
{"case": 0, "decision": {"predicted_ms": {}, "reason": "recurrence_length_not_calibrated", "resident_blocks_per_sm": {}, "reuse_footprint_bytes": 166656, "reuse_over_l2": 0.0012564074851778655, "value_slice": 128}, "kind": "correctness", "mode": "auto", "shape": {"batch": 1, "fp32": false, "gate": null, "heads": 12, "lengths": null, "state_mode": "both", "tokens": 1}, "status": "PASS", "tensors": {"final_state": {"bitwise": true, "finite": true}, "out": {"bitwise": true, "finite": true}}}
{"case": 0, "decision": {"reason": "environment_override", "value_slice": 16}, "kind": "correctness", "mode": "force16", "shape": {"batch": 1, "fp32": false, "gate": null, "heads": 12, "lengths": null, "state_mode": "both", "tokens": 1}, "status": "PASS", "tensors": {"final_state": {"bitwise": true, "finite": true}, "out": {"bitwise": true, "finite": true}}}
{"case": 0, "decision": {"reason": "dispatch_disabled", "value_slice": 128}, "kind": "correctness", "mode": "off", "shape": {"batch": 1, "fp32": false, "gate": null, "heads": 12, "lengths": null, "state_mode": "both", "tokens": 1}, "status": "PASS", "tensors": {"final_state": {"bitwise": true, "finite": true}, "out": {"bitwise": true, "finite": true}}}
{"case": 1, "decision": {"predicted_ms": {}, "reason": "recurrence_length_not_calibrated", "resident_blocks_per_sm": {}, "reuse_footprint_bytes": 333312, "reuse_over_l2": 0.002512814970355731, "value_slice": 128}, "kind": "correctness", "mode": "auto", "shape": {"batch": 1, "fp32": false, "gate": null, "heads": 12, "lengths": null, "state_mode": "both", "tokens": 17}, "status": "PASS", "tensors": {"final_state": {"bitwise": true, "finite": true}, "out": {"bitwise": true, "finite": true}}}
{"case": 1, "decision": {"reason": "environment_override", "value_slice": 16}, "kind": "correctness", "mode": "force16", "shape": {"batch": 1, "fp32": false, "gate": null, "heads": 12, "lengths": null, "state_mode": "both", "tokens": 17}, "status": "PASS", "tensors": {"final_state": {"bitwise": true, "finite": true}, "out": {"bitwise": true, "finite": true}}}
{"case": 1, "decision": {"reason": "dispatch_disabled", "value_slice": 128}, "kind": "correctness", "mode": "off", "shape": {"batch": 1, "fp32": false, "gate": null, "heads": 12, "lengths": null, "state_mode": "both", "tokens": 17}, "status": "PASS", "tensors": {"final_state": {"bitwise": true, "finite": true}, "out": {"bitwise": true, "finite": true}}}
{"case": 2, "decision": {"predicted_ms": {}, "reason": "recurrence_length_not_calibrated", "resident_blocks_per_sm": {}, "reuse_footprint_bytes": 21331968, "reuse_over_l2": 0.16082015810276679, "value_slice": 128}, "kind": "correctness", "mode": "auto", "shape": {"batch": 1, "fp32": false, "gate": null, "heads": 12, "lengths": null, "state_mode": "both", "tokens": 2047}, "status": "PASS", "tensors": {"final_state": {"bitwise": true, "finite": true}, "out": {"bitwise": true, "finite": true}}}
{"case": 2, "decision": {"reason": "environment_override", "value_slice": 16}, "kind": "correctness", "mode": "force16", "shape": {"batch": 1, "fp32": false, "gate": null, "heads": 12, "lengths": null, "state_mode": "both", "tokens": 2047}, "status": "PASS", "tensors": {"final_state": {"bitwise": true, "finite": true}, "out": {"bitwise": true, "finite": true}}}
{"case": 2, "decision": {"reason": "dispatch_disabled", "value_slice": 128}, "kind": "correctness", "mode": "off", "shape": {"batch": 1, "fp32": false, "gate": null, "heads": 12, "lengths": null, "state_mode": "both", "tokens": 2047}, "status": "PASS", "tensors": {"final_state": {"bitwise": true, "finite": true}, "out": {"bitwise": true, "finite": true}}}
{"case": 3, "decision": {"predicted_ms": {"16": 0.161239153, "32": 0.16542915800000002, "64": 0.178696517, "128": 0.214718326}, "reason": "calibrated_score_with_guard_band", "resident_blocks_per_sm": {"16": 4, "32": 4, "64": 3, "128": 2}, "reuse_footprint_bytes": 21331968, "reuse_over_l2": 0.16082015810276679, "value_slice": 16}, "kind": "correctness", "mode": "auto", "shape": {"batch": 1, "fp32": false, "gate": null, "heads": 12, "lengths": null, "state_mode": "both", "tokens": 2048}, "status": "PASS", "tensors": {"final_state": {"bitwise": true, "finite": true}, "out": {"bitwise": true, "finite": true}}}
{"case": 3, "decision": {"reason": "environment_override", "value_slice": 16}, "kind": "correctness", "mode": "force16", "shape": {"batch": 1, "fp32": false, "gate": null, "heads": 12, "lengths": null, "state_mode": "both", "tokens": 2048}, "status": "PASS", "tensors": {"final_state": {"bitwise": true, "finite": true}, "out": {"bitwise": true, "finite": true}}}
{"case": 3, "decision": {"reason": "dispatch_disabled", "value_slice": 128}, "kind": "correctness", "mode": "off", "shape": {"batch": 1, "fp32": false, "gate": null, "heads": 12, "lengths": null, "state_mode": "both", "tokens": 2048}, "status": "PASS", "tensors": {"final_state": {"bitwise": true, "finite": true}, "out": {"bitwise": true, "finite": true}}}
{"case": 4, "decision": {"predicted_ms": {"16": 0.161306486109375, "32": 0.16549805307861332, "64": 0.1787716497006836, "128": 0.21481106325732421}, "reason": "calibrated_score_with_guard_band", "resident_blocks_per_sm": {"16": 4, "32": 4, "64": 3, "128": 2}, "reuse_footprint_bytes": 21498624, "reuse_over_l2": 0.16207656558794467, "value_slice": 16}, "kind": "correctness", "mode": "auto", "shape": {"batch": 1, "fp32": false, "gate": null, "heads": 12, "lengths": null, "state_mode": "both", "tokens": 2049}, "status": "PASS", "tensors": {"final_state": {"bitwise": true, "finite": true}, "out": {"bitwise": true, "finite": true}}}
{"case": 4, "decision": {"reason": "environment_override", "value_slice": 16}, "kind": "correctness", "mode": "force16", "shape": {"batch": 1, "fp32": false, "gate": null, "heads": 12, "lengths": null, "state_mode": "both", "tokens": 2049}, "status": "PASS", "tensors": {"final_state": {"bitwise": true, "finite": true}, "out": {"bitwise": true, "finite": true}}}
{"case": 4, "decision": {"reason": "dispatch_disabled", "value_slice": 128}, "kind": "correctness", "mode": "off", "shape": {"batch": 1, "fp32": false, "gate": null, "heads": 12, "lengths": null, "state_mode": "both", "tokens": 2049}, "status": "PASS", "tensors": {"final_state": {"bitwise": true, "finite": true}, "out": {"bitwise": true, "finite": true}}}
{"case": 5, "decision": {"predicted_ms": {"16": 0.230188257, "32": 0.23597771850000002, "64": 0.2556324025, "128": 0.3096812775}, "reason": "calibrated_score_with_guard_band", "resident_blocks_per_sm": {"16": 4, "32": 4, "64": 3, "128": 2}, "reuse_footprint_bytes": 31997952, "reuse_over_l2": 0.2412302371541502, "value_slice": 16}, "kind": "correctness", "mode": "auto", "shape": {"batch": 1, "fp32": false, "gate": null, "heads": 12, "lengths": null, "state_mode": "both", "tokens": 3072}, "status": "PASS", "tensors": {"final_state": {"bitwise": true, "finite": true}, "out": {"bitwise": true, "finite": true}}}
{"case": 5, "decision": {"reason": "environment_override", "value_slice": 16}, "kind": "correctness", "mode": "force16", "shape": {"batch": 1, "fp32": false, "gate": null, "heads": 12, "lengths": null, "state_mode": "both", "tokens": 3072}, "status": "PASS", "tensors": {"final_state": {"bitwise": true, "finite": true}, "out": {"bitwise": true, "finite": true}}}
{"case": 5, "decision": {"reason": "dispatch_disabled", "value_slice": 128}, "kind": "correctness", "mode": "off", "shape": {"batch": 1, "fp32": false, "gate": null, "heads": 12, "lengths": null, "state_mode": "both", "tokens": 3072}, "status": "PASS", "tensors": {"final_state": {"bitwise": true, "finite": true}, "out": {"bitwise": true, "finite": true}}}
{"case": 6, "decision": {"predicted_ms": {"16": 0.29907002789062503, "32": 0.3064573839213867, "64": 0.3324931552993164, "128": 0.40455149174267574}, "reason": "calibrated_score_with_guard_band", "resident_blocks_per_sm": {"16": 4, "32": 4, "64": 3, "128": 2}, "reuse_footprint_bytes": 42663936, "reuse_over_l2": 0.32164031620553357, "value_slice": 16}, "kind": "correctness", "mode": "auto", "shape": {"batch": 1, "fp32": false, "gate": null, "heads": 12, "lengths": null, "state_mode": "both", "tokens": 4095}, "status": "PASS", "tensors": {"final_state": {"bitwise": true, "finite": true}, "out": {"bitwise": true, "finite": true}}}
{"case": 6, "decision": {"reason": "environment_override", "value_slice": 16}, "kind": "correctness", "mode": "force16", "shape": {"batch": 1, "fp32": false, "gate": null, "heads": 12, "lengths": null, "state_mode": "both", "tokens": 4095}, "status": "PASS", "tensors": {"final_state": {"bitwise": true, "finite": true}, "out": {"bitwise": true, "finite": true}}}
{"case": 6, "decision": {"reason": "dispatch_disabled", "value_slice": 128}, "kind": "correctness", "mode": "off", "shape": {"batch": 1, "fp32": false, "gate": null, "heads": 12, "lengths": null, "state_mode": "both", "tokens": 4095}, "status": "PASS", "tensors": {"final_state": {"bitwise": true, "finite": true}, "out": {"bitwise": true, "finite": true}}}
{"case": 7, "decision": {"predicted_ms": {"16": 0.299137361, "32": 0.306526279, "64": 0.332568288, "128": 0.40464422899999997}, "reason": "calibrated_score_with_guard_band", "resident_blocks_per_sm": {"16": 4, "32": 4, "64": 3, "128": 2}, "reuse_footprint_bytes": 42663936, "reuse_over_l2": 0.32164031620553357, "value_slice": 16}, "kind": "correctness", "mode": "auto", "shape": {"batch": 1, "fp32": false, "gate": null, "heads": 12, "lengths": null, "state_mode": "both", "tokens": 4096}, "status": "PASS", "tensors": {"final_state": {"bitwise": true, "finite": true}, "out": {"bitwise": true, "finite": true}}}
{"case": 7, "decision": {"reason": "environment_override", "value_slice": 16}, "kind": "correctness", "mode": "force16", "shape": {"batch": 1, "fp32": false, "gate": null, "heads": 12, "lengths": null, "state_mode": "both", "tokens": 4096}, "status": "PASS", "tensors": {"final_state": {"bitwise": true, "finite": true}, "out": {"bitwise": true, "finite": true}}}
{"case": 7, "decision": {"reason": "dispatch_disabled", "value_slice": 128}, "kind": "correctness", "mode": "off", "shape": {"batch": 1, "fp32": false, "gate": null, "heads": 12, "lengths": null, "state_mode": "both", "tokens": 4096}, "status": "PASS", "tensors": {"final_state": {"bitwise": true, "finite": true}, "out": {"bitwise": true, "finite": true}}}
{"case": 8, "decision": {"predicted_ms": {"16": 0.2992045395715332, "32": 0.30659506174951173, "64": 0.332643016795166, "128": 0.404736831751709}, "reason": "calibrated_score_with_guard_band", "resident_blocks_per_sm": {"16": 4, "32": 4, "64": 3, "128": 2}, "reuse_footprint_bytes": 42830592, "reuse_over_l2": 0.3228967236907115, "value_slice": 16}, "kind": "correctness", "mode": "auto", "shape": {"batch": 1, "fp32": false, "gate": null, "heads": 12, "lengths": null, "state_mode": "both", "tokens": 4097}, "status": "PASS", "tensors": {"final_state": {"bitwise": true, "finite": true}, "out": {"bitwise": true, "finite": true}}}
{"case": 8, "decision": {"reason": "environment_override", "value_slice": 16}, "kind": "correctness", "mode": "force16", "shape": {"batch": 1, "fp32": false, "gate": null, "heads": 12, "lengths": null, "state_mode": "both", "tokens": 4097}, "status": "PASS", "tensors": {"final_state": {"bitwise": true, "finite": true}, "out": {"bitwise": true, "finite": true}}}
{"case": 8, "decision": {"reason": "dispatch_disabled", "value_slice": 128}, "kind": "correctness", "mode": "off", "shape": {"batch": 1, "fp32": false, "gate": null, "heads": 12, "lengths": null, "state_mode": "both", "tokens": 4097}, "status": "PASS", "tensors": {"final_state": {"bitwise": true, "finite": true}, "out": {"bitwise": true, "finite": true}}}
{"case": 9, "decision": {"predicted_ms": {"16": 0.4367190755, "32": 0.44739335, "64": 0.4856128605, "128": 0.5942946645}, "reason": "calibrated_score_with_guard_band", "resident_blocks_per_sm": {"16": 4, "32": 4, "64": 3, "128": 2}, "reuse_footprint_bytes": 63995904, "reuse_over_l2": 0.4824604743083004, "value_slice": 16}, "kind": "correctness", "mode": "auto", "shape": {"batch": 1, "fp32": false, "gate": null, "heads": 12, "lengths": null, "state_mode": "both", "tokens": 6144}, "status": "PASS", "tensors": {"final_state": {"bitwise": true, "finite": true}, "out": {"bitwise": true, "finite": true}}}
{"case": 9, "decision": {"reason": "environment_override", "value_slice": 16}, "kind": "correctness", "mode": "force16", "shape": {"batch": 1, "fp32": false, "gate": null, "heads": 12, "lengths": null, "state_mode": "both", "tokens": 6144}, "status": "PASS", "tensors": {"final_state": {"bitwise": true, "finite": true}, "out": {"bitwise": true, "finite": true}}}
{"case": 9, "decision": {"reason": "dispatch_disabled", "value_slice": 128}, "kind": "correctness", "mode": "off", "shape": {"batch": 1, "fp32": false, "gate": null, "heads": 12, "lengths": null, "state_mode": "both", "tokens": 6144}, "status": "PASS", "tensors": {"final_state": {"bitwise": true, "finite": true}, "out": {"bitwise": true, "finite": true}}}
{"case": 10, "decision": {"predicted_ms": {"16": 0.5742336114284667, "32": 0.5881916382504883, "64": 0.638582704204834, "128": 0.783852497248291}, "reason": "calibrated_score_with_guard_band", "resident_blocks_per_sm": {"16": 4, "32": 4, "64": 3, "128": 2}, "reuse_footprint_bytes": 85327872, "reuse_over_l2": 0.6432806324110671, "value_slice": 16}, "kind": "correctness", "mode": "auto", "shape": {"batch": 1, "fp32": false, "gate": null, "heads": 12, "lengths": null, "state_mode": "both", "tokens": 8191}, "status": "PASS", "tensors": {"final_state": {"bitwise": true, "finite": true}, "out": {"bitwise": true, "finite": true}}}
{"case": 10, "decision": {"reason": "environment_override", "value_slice": 16}, "kind": "correctness", "mode": "force16", "shape": {"batch": 1, "fp32": false, "gate": null, "heads": 12, "lengths": null, "state_mode": "both", "tokens": 8191}, "status": "PASS", "tensors": {"final_state": {"bitwise": true, "finite": true}, "out": {"bitwise": true, "finite": true}}}
{"case": 10, "decision": {"reason": "dispatch_disabled", "value_slice": 128}, "kind": "correctness", "mode": "off", "shape": {"batch": 1, "fp32": false, "gate": null, "heads": 12, "lengths": null, "state_mode": "both", "tokens": 8191}, "status": "PASS", "tensors": {"final_state": {"bitwise": true, "finite": true}, "out": {"bitwise": true, "finite": true}}}
{"case": 11, "decision": {"predicted_ms": {"16": 0.5743007899999999, "32": 0.588260421, "64": 0.638657433, "128": 0.7839451}, "reason": "calibrated_score_with_guard_band", "resident_blocks_per_sm": {"16": 4, "32": 4, "64": 3, "128": 2}, "reuse_footprint_bytes": 85327872, "reuse_over_l2": 0.6432806324110671, "value_slice": 16}, "kind": "correctness", "mode": "auto", "shape": {"batch": 1, "fp32": false, "gate": null, "heads": 12, "lengths": null, "state_mode": "both", "tokens": 8192}, "status": "PASS", "tensors": {"final_state": {"bitwise": true, "finite": true}, "out": {"bitwise": true, "finite": true}}}
{"case": 11, "decision": {"reason": "environment_override", "value_slice": 16}, "kind": "correctness", "mode": "force16", "shape": {"batch": 1, "fp32": false, "gate": null, "heads": 12, "lengths": null, "state_mode": "both", "tokens": 8192}, "status": "PASS", "tensors": {"final_state": {"bitwise": true, "finite": true}, "out": {"bitwise": true, "finite": true}}}
{"case": 11, "decision": {"reason": "dispatch_disabled", "value_slice": 128}, "kind": "correctness", "mode": "off", "shape": {"batch": 1, "fp32": false, "gate": null, "heads": 12, "lengths": null, "state_mode": "both", "tokens": 8192}, "status": "PASS", "tensors": {"final_state": {"bitwise": true, "finite": true}, "out": {"bitwise": true, "finite": true}}}
{"case": 12, "decision": {"predicted_ms": {}, "reason": "recurrence_length_not_calibrated", "resident_blocks_per_sm": {}, "reuse_footprint_bytes": 85494528, "reuse_over_l2": 0.6445370398962451, "value_slice": 128}, "kind": "correctness", "mode": "auto", "shape": {"batch": 1, "fp32": false, "gate": null, "heads": 12, "lengths": null, "state_mode": "both", "tokens": 8193}, "status": "PASS", "tensors": {"final_state": {"bitwise": true, "finite": true}, "out": {"bitwise": true, "finite": true}}}
{"case": 12, "decision": {"reason": "environment_override", "value_slice": 16}, "kind": "correctness", "mode": "force16", "shape": {"batch": 1, "fp32": false, "gate": null, "heads": 12, "lengths": null, "state_mode": "both", "tokens": 8193}, "status": "PASS", "tensors": {"final_state": {"bitwise": true, "finite": true}, "out": {"bitwise": true, "finite": true}}}
{"case": 12, "decision": {"reason": "dispatch_disabled", "value_slice": 128}, "kind": "correctness", "mode": "off", "shape": {"batch": 1, "fp32": false, "gate": null, "heads": 12, "lengths": null, "state_mode": "both", "tokens": 8193}, "status": "PASS", "tensors": {"final_state": {"bitwise": true, "finite": true}, "out": {"bitwise": true, "finite": true}}}
{"case": 13, "decision": {"predicted_ms": {}, "reason": "recurrence_length_not_calibrated", "resident_blocks_per_sm": {}, "reuse_footprint_bytes": 170655744, "reuse_over_l2": 1.2865612648221343, "value_slice": 128}, "kind": "correctness", "mode": "auto", "shape": {"batch": 1, "fp32": false, "gate": null, "heads": 12, "lengths": null, "state_mode": "both", "tokens": 16384}, "status": "PASS", "tensors": {"final_state": {"bitwise": true, "finite": true}, "out": {"bitwise": true, "finite": true}}}
{"case": 13, "decision": {"reason": "environment_override", "value_slice": 16}, "kind": "correctness", "mode": "force16", "shape": {"batch": 1, "fp32": false, "gate": null, "heads": 12, "lengths": null, "state_mode": "both", "tokens": 16384}, "status": "PASS", "tensors": {"final_state": {"bitwise": true, "finite": true}, "out": {"bitwise": true, "finite": true}}}
{"case": 13, "decision": {"reason": "dispatch_disabled", "value_slice": 128}, "kind": "correctness", "mode": "off", "shape": {"batch": 1, "fp32": false, "gate": null, "heads": 12, "lengths": null, "state_mode": "both", "tokens": 16384}, "status": "PASS", "tensors": {"final_state": {"bitwise": true, "finite": true}, "out": {"bitwise": true, "finite": true}}}
{"case": 14, "decision": {"predicted_ms": {"16": 0.161239153, "32": 0.16542915800000002, "64": 0.178696517, "128": 0.214718326}, "reason": "calibrated_score_with_guard_band", "resident_blocks_per_sm": {"16": 4, "32": 4, "64": 3, "128": 2}, "reuse_footprint_bytes": 21331968, "reuse_over_l2": 0.16082015810276679, "value_slice": 16}, "kind": "correctness", "mode": "auto", "shape": {"batch": 1, "fp32": false, "gate": null, "heads": 12, "lengths": null, "state_mode": "in", "tokens": 2048}, "status": "PASS", "tensors": {"out": {"bitwise": true, "finite": true}}}
{"case": 14, "decision": {"reason": "environment_override", "value_slice": 16}, "kind": "correctness", "mode": "force16", "shape": {"batch": 1, "fp32": false, "gate": null, "heads": 12, "lengths": null, "state_mode": "in", "tokens": 2048}, "status": "PASS", "tensors": {"out": {"bitwise": true, "finite": true}}}
{"case": 14, "decision": {"reason": "dispatch_disabled", "value_slice": 128}, "kind": "correctness", "mode": "off", "shape": {"batch": 1, "fp32": false, "gate": null, "heads": 12, "lengths": null, "state_mode": "in", "tokens": 2048}, "status": "PASS", "tensors": {"out": {"bitwise": true, "finite": true}}}
{"case": 15, "decision": {"predicted_ms": {"16": 0.161239153, "32": 0.16542915800000002, "64": 0.178696517, "128": 0.214718326}, "reason": "calibrated_score_with_guard_band", "resident_blocks_per_sm": {"16": 4, "32": 4, "64": 3, "128": 2}, "reuse_footprint_bytes": 21331968, "reuse_over_l2": 0.16082015810276679, "value_slice": 16}, "kind": "correctness", "mode": "auto", "shape": {"batch": 1, "fp32": false, "gate": null, "heads": 12, "lengths": null, "state_mode": "out", "tokens": 2048}, "status": "PASS", "tensors": {"final_state": {"bitwise": true, "finite": true}, "out": {"bitwise": true, "finite": true}}}
{"case": 15, "decision": {"reason": "environment_override", "value_slice": 16}, "kind": "correctness", "mode": "force16", "shape": {"batch": 1, "fp32": false, "gate": null, "heads": 12, "lengths": null, "state_mode": "out", "tokens": 2048}, "status": "PASS", "tensors": {"final_state": {"bitwise": true, "finite": true}, "out": {"bitwise": true, "finite": true}}}
{"case": 15, "decision": {"reason": "dispatch_disabled", "value_slice": 128}, "kind": "correctness", "mode": "off", "shape": {"batch": 1, "fp32": false, "gate": null, "heads": 12, "lengths": null, "state_mode": "out", "tokens": 2048}, "status": "PASS", "tensors": {"final_state": {"bitwise": true, "finite": true}, "out": {"bitwise": true, "finite": true}}}
{"case": 16, "decision": {"predicted_ms": {"16": 0.161239153, "32": 0.16542915800000002, "64": 0.178696517, "128": 0.214718326}, "reason": "calibrated_score_with_guard_band", "resident_blocks_per_sm": {"16": 4, "32": 4, "64": 3, "128": 2}, "reuse_footprint_bytes": 21331968, "reuse_over_l2": 0.16082015810276679, "value_slice": 16}, "kind": "correctness", "mode": "auto", "shape": {"batch": 1, "fp32": false, "gate": null, "heads": 12, "lengths": null, "state_mode": "none", "tokens": 2048}, "status": "PASS", "tensors": {"out": {"bitwise": true, "finite": true}}}
{"case": 16, "decision": {"reason": "environment_override", "value_slice": 16}, "kind": "correctness", "mode": "force16", "shape": {"batch": 1, "fp32": false, "gate": null, "heads": 12, "lengths": null, "state_mode": "none", "tokens": 2048}, "status": "PASS", "tensors": {"out": {"bitwise": true, "finite": true}}}
{"case": 16, "decision": {"reason": "dispatch_disabled", "value_slice": 128}, "kind": "correctness", "mode": "off", "shape": {"batch": 1, "fp32": false, "gate": null, "heads": 12, "lengths": null, "state_mode": "none", "tokens": 2048}, "status": "PASS", "tensors": {"out": {"bitwise": true, "finite": true}}}
{"case": 17, "decision": {"predicted_ms": {"16": 0.161239153, "32": 0.16542915800000002, "64": 0.178696517, "128": 0.214718326}, "reason": "calibrated_score_with_guard_band", "resident_blocks_per_sm": {"16": 4, "32": 4, "64": 3, "128": 2}, "reuse_footprint_bytes": 21331968, "reuse_over_l2": 0.16082015810276679, "value_slice": 16}, "kind": "correctness", "mode": "auto", "shape": {"batch": 1, "fp32": false, "gate": null, "heads": 12, "lengths": [2048], "state_mode": "in", "tokens": 2048}, "status": "PASS", "tensors": {"out": {"bitwise": true, "finite": true}}}
{"case": 17, "decision": {"reason": "environment_override", "value_slice": 16}, "kind": "correctness", "mode": "force16", "shape": {"batch": 1, "fp32": false, "gate": null, "heads": 12, "lengths": [2048], "state_mode": "in", "tokens": 2048}, "status": "PASS", "tensors": {"out": {"bitwise": true, "finite": true}}}
{"case": 17, "decision": {"reason": "dispatch_disabled", "value_slice": 128}, "kind": "correctness", "mode": "off", "shape": {"batch": 1, "fp32": false, "gate": null, "heads": 12, "lengths": [2048], "state_mode": "in", "tokens": 2048}, "status": "PASS", "tensors": {"out": {"bitwise": true, "finite": true}}}
{"case": 18, "decision": {"predicted_ms": {"16": 0.161239153, "32": 0.16542915800000002, "64": 0.178696517, "128": 0.214718326}, "reason": "calibrated_score_with_guard_band", "resident_blocks_per_sm": {"16": 4, "32": 4, "64": 3, "128": 2}, "reuse_footprint_bytes": 21331968, "reuse_over_l2": 0.16082015810276679, "value_slice": 16}, "kind": "correctness", "mode": "auto", "shape": {"batch": 1, "fp32": false, "gate": null, "heads": 12, "lengths": [2048], "state_mode": "out", "tokens": 2048}, "status": "PASS", "tensors": {"final_state": {"bitwise": true, "finite": true}, "out": {"bitwise": true, "finite": true}}}
{"case": 18, "decision": {"reason": "environment_override", "value_slice": 16}, "kind": "correctness", "mode": "force16", "shape": {"batch": 1, "fp32": false, "gate": null, "heads": 12, "lengths": [2048], "state_mode": "out", "tokens": 2048}, "status": "PASS", "tensors": {"final_state": {"bitwise": true, "finite": true}, "out": {"bitwise": true, "finite": true}}}
{"case": 18, "decision": {"reason": "dispatch_disabled", "value_slice": 128}, "kind": "correctness", "mode": "off", "shape": {"batch": 1, "fp32": false, "gate": null, "heads": 12, "lengths": [2048], "state_mode": "out", "tokens": 2048}, "status": "PASS", "tensors": {"final_state": {"bitwise": true, "finite": true}, "out": {"bitwise": true, "finite": true}}}
{"case": 19, "decision": {"predicted_ms": {"16": 0.161239153, "32": 0.16542915800000002, "64": 0.178696517, "128": 0.214718326}, "reason": "calibrated_score_with_guard_band", "resident_blocks_per_sm": {"16": 4, "32": 4, "64": 3, "128": 2}, "reuse_footprint_bytes": 21331968, "reuse_over_l2": 0.16082015810276679, "value_slice": 16}, "kind": "correctness", "mode": "auto", "shape": {"batch": 1, "fp32": false, "gate": null, "heads": 12, "lengths": [2048], "state_mode": "none", "tokens": 2048}, "status": "PASS", "tensors": {"out": {"bitwise": true, "finite": true}}}
{"case": 19, "decision": {"reason": "environment_override", "value_slice": 16}, "kind": "correctness", "mode": "force16", "shape": {"batch": 1, "fp32": false, "gate": null, "heads": 12, "lengths": [2048], "state_mode": "none", "tokens": 2048}, "status": "PASS", "tensors": {"out": {"bitwise": true, "finite": true}}}
{"case": 19, "decision": {"reason": "dispatch_disabled", "value_slice": 128}, "kind": "correctness", "mode": "off", "shape": {"batch": 1, "fp32": false, "gate": null, "heads": 12, "lengths": [2048], "state_mode": "none", "tokens": 2048}, "status": "PASS", "tensors": {"out": {"bitwise": true, "finite": true}}}
{"case": 20, "decision": {"predicted_ms": {"16": 0.5743007899999999, "32": 0.588260421, "64": 0.638657433, "128": 0.7839451}, "reason": "calibrated_score_with_guard_band", "resident_blocks_per_sm": {"16": 4, "32": 4, "64": 3, "128": 2}, "reuse_footprint_bytes": 85327872, "reuse_over_l2": 0.6432806324110671, "value_slice": 16}, "kind": "correctness", "mode": "auto", "shape": {"batch": 1, "fp32": false, "gate": null, "heads": 12, "lengths": null, "state_mode": "in", "tokens": 8192}, "status": "PASS", "tensors": {"out": {"bitwise": true, "finite": true}}}
{"case": 20, "decision": {"reason": "environment_override", "value_slice": 16}, "kind": "correctness", "mode": "force16", "shape": {"batch": 1, "fp32": false, "gate": null, "heads": 12, "lengths": null, "state_mode": "in", "tokens": 8192}, "status": "PASS", "tensors": {"out": {"bitwise": true, "finite": true}}}
{"case": 20, "decision": {"reason": "dispatch_disabled", "value_slice": 128}, "kind": "correctness", "mode": "off", "shape": {"batch": 1, "fp32": false, "gate": null, "heads": 12, "lengths": null, "state_mode": "in", "tokens": 8192}, "status": "PASS", "tensors": {"out": {"bitwise": true, "finite": true}}}
{"case": 21, "decision": {"predicted_ms": {"16": 0.5743007899999999, "32": 0.588260421, "64": 0.638657433, "128": 0.7839451}, "reason": "calibrated_score_with_guard_band", "resident_blocks_per_sm": {"16": 4, "32": 4, "64": 3, "128": 2}, "reuse_footprint_bytes": 85327872, "reuse_over_l2": 0.6432806324110671, "value_slice": 16}, "kind": "correctness", "mode": "auto", "shape": {"batch": 1, "fp32": false, "gate": null, "heads": 12, "lengths": null, "state_mode": "out", "tokens": 8192}, "status": "PASS", "tensors": {"final_state": {"bitwise": true, "finite": true}, "out": {"bitwise": true, "finite": true}}}
{"case": 21, "decision": {"reason": "environment_override", "value_slice": 16}, "kind": "correctness", "mode": "force16", "shape": {"batch": 1, "fp32": false, "gate": null, "heads": 12, "lengths": null, "state_mode": "out", "tokens": 8192}, "status": "PASS", "tensors": {"final_state": {"bitwise": true, "finite": true}, "out": {"bitwise": true, "finite": true}}}
{"case": 21, "decision": {"reason": "dispatch_disabled", "value_slice": 128}, "kind": "correctness", "mode": "off", "shape": {"batch": 1, "fp32": false, "gate": null, "heads": 12, "lengths": null, "state_mode": "out", "tokens": 8192}, "status": "PASS", "tensors": {"final_state": {"bitwise": true, "finite": true}, "out": {"bitwise": true, "finite": true}}}
{"case": 22, "decision": {"predicted_ms": {"16": 0.5743007899999999, "32": 0.588260421, "64": 0.638657433, "128": 0.7839451}, "reason": "calibrated_score_with_guard_band", "resident_blocks_per_sm": {"16": 4, "32": 4, "64": 3, "128": 2}, "reuse_footprint_bytes": 85327872, "reuse_over_l2": 0.6432806324110671, "value_slice": 16}, "kind": "correctness", "mode": "auto", "shape": {"batch": 1, "fp32": false, "gate": null, "heads": 12, "lengths": null, "state_mode": "none", "tokens": 8192}, "status": "PASS", "tensors": {"out": {"bitwise": true, "finite": true}}}
{"case": 22, "decision": {"reason": "environment_override", "value_slice": 16}, "kind": "correctness", "mode": "force16", "shape": {"batch": 1, "fp32": false, "gate": null, "heads": 12, "lengths": null, "state_mode": "none", "tokens": 8192}, "status": "PASS", "tensors": {"out": {"bitwise": true, "finite": true}}}
{"case": 22, "decision": {"reason": "dispatch_disabled", "value_slice": 128}, "kind": "correctness", "mode": "off", "shape": {"batch": 1, "fp32": false, "gate": null, "heads": 12, "lengths": null, "state_mode": "none", "tokens": 8192}, "status": "PASS", "tensors": {"out": {"bitwise": true, "finite": true}}}
{"case": 23, "decision": {"predicted_ms": {"16": 0.5743007899999999, "32": 0.588260421, "64": 0.638657433, "128": 0.7839451}, "reason": "calibrated_score_with_guard_band", "resident_blocks_per_sm": {"16": 4, "32": 4, "64": 3, "128": 2}, "reuse_footprint_bytes": 85327872, "reuse_over_l2": 0.6432806324110671, "value_slice": 16}, "kind": "correctness", "mode": "auto", "shape": {"batch": 1, "fp32": false, "gate": null, "heads": 12, "lengths": [8192], "state_mode": "in", "tokens": 8192}, "status": "PASS", "tensors": {"out": {"bitwise": true, "finite": true}}}
{"case": 23, "decision": {"reason": "environment_override", "value_slice": 16}, "kind": "correctness", "mode": "force16", "shape": {"batch": 1, "fp32": false, "gate": null, "heads": 12, "lengths": [8192], "state_mode": "in", "tokens": 8192}, "status": "PASS", "tensors": {"out": {"bitwise": true, "finite": true}}}
{"case": 23, "decision": {"reason": "dispatch_disabled", "value_slice": 128}, "kind": "correctness", "mode": "off", "shape": {"batch": 1, "fp32": false, "gate": null, "heads": 12, "lengths": [8192], "state_mode": "in", "tokens": 8192}, "status": "PASS", "tensors": {"out": {"bitwise": true, "finite": true}}}
{"case": 24, "decision": {"predicted_ms": {"16": 0.5743007899999999, "32": 0.588260421, "64": 0.638657433, "128": 0.7839451}, "reason": "calibrated_score_with_guard_band", "resident_blocks_per_sm": {"16": 4, "32": 4, "64": 3, "128": 2}, "reuse_footprint_bytes": 85327872, "reuse_over_l2": 0.6432806324110671, "value_slice": 16}, "kind": "correctness", "mode": "auto", "shape": {"batch": 1, "fp32": false, "gate": null, "heads": 12, "lengths": [8192], "state_mode": "out", "tokens": 8192}, "status": "PASS", "tensors": {"final_state": {"bitwise": true, "finite": true}, "out": {"bitwise": true, "finite": true}}}
{"case": 24, "decision": {"reason": "environment_override", "value_slice": 16}, "kind": "correctness", "mode": "force16", "shape": {"batch": 1, "fp32": false, "gate": null, "heads": 12, "lengths": [8192], "state_mode": "out", "tokens": 8192}, "status": "PASS", "tensors": {"final_state": {"bitwise": true, "finite": true}, "out": {"bitwise": true, "finite": true}}}
{"case": 24, "decision": {"reason": "dispatch_disabled", "value_slice": 128}, "kind": "correctness", "mode": "off", "shape": {"batch": 1, "fp32": false, "gate": null, "heads": 12, "lengths": [8192], "state_mode": "out", "tokens": 8192}, "status": "PASS", "tensors": {"final_state": {"bitwise": true, "finite": true}, "out": {"bitwise": true, "finite": true}}}
{"case": 25, "decision": {"predicted_ms": {"16": 0.5743007899999999, "32": 0.588260421, "64": 0.638657433, "128": 0.7839451}, "reason": "calibrated_score_with_guard_band", "resident_blocks_per_sm": {"16": 4, "32": 4, "64": 3, "128": 2}, "reuse_footprint_bytes": 85327872, "reuse_over_l2": 0.6432806324110671, "value_slice": 16}, "kind": "correctness", "mode": "auto", "shape": {"batch": 1, "fp32": false, "gate": null, "heads": 12, "lengths": [8192], "state_mode": "none", "tokens": 8192}, "status": "PASS", "tensors": {"out": {"bitwise": true, "finite": true}}}
{"case": 25, "decision": {"reason": "environment_override", "value_slice": 16}, "kind": "correctness", "mode": "force16", "shape": {"batch": 1, "fp32": false, "gate": null, "heads": 12, "lengths": [8192], "state_mode": "none", "tokens": 8192}, "status": "PASS", "tensors": {"out": {"bitwise": true, "finite": true}}}
{"case": 25, "decision": {"reason": "dispatch_disabled", "value_slice": 128}, "kind": "correctness", "mode": "off", "shape": {"batch": 1, "fp32": false, "gate": null, "heads": 12, "lengths": [8192], "state_mode": "none", "tokens": 8192}, "status": "PASS", "tensors": {"out": {"bitwise": true, "finite": true}}}
{"case": 26, "decision": {"predicted_ms": {"16": 0.307985406, "32": 0.315194022, "64": 0.35227749799999997, "128": 0.396578621}, "reason": "calibrated_score_with_guard_band", "resident_blocks_per_sm": {"16": 4, "32": 4, "64": 3, "128": 2}, "reuse_footprint_bytes": 42663936, "reuse_over_l2": 0.32164031620553357, "value_slice": 16}, "kind": "correctness", "mode": "auto", "shape": {"batch": 1, "fp32": true, "gate": null, "heads": 12, "lengths": null, "state_mode": "both", "tokens": 4096}, "status": "PASS", "tensors": {"final_state": {"bitwise": true, "finite": true}, "out": {"bitwise": true, "finite": true}}}
{"case": 26, "decision": {"reason": "environment_override", "value_slice": 16}, "kind": "correctness", "mode": "force16", "shape": {"batch": 1, "fp32": true, "gate": null, "heads": 12, "lengths": null, "state_mode": "both", "tokens": 4096}, "status": "PASS", "tensors": {"final_state": {"bitwise": true, "finite": true}, "out": {"bitwise": true, "finite": true}}}
{"case": 26, "decision": {"reason": "dispatch_disabled", "value_slice": 128}, "kind": "correctness", "mode": "off", "shape": {"batch": 1, "fp32": true, "gate": null, "heads": 12, "lengths": null, "state_mode": "both", "tokens": 4096}, "status": "PASS", "tensors": {"final_state": {"bitwise": true, "finite": true}, "out": {"bitwise": true, "finite": true}}}
{"case": 27, "decision": {"predicted_ms": {"16": 0.307985406, "32": 0.315194022, "64": 0.35227749799999997, "128": 0.396578621}, "reason": "calibrated_score_with_guard_band", "resident_blocks_per_sm": {"16": 4, "32": 4, "64": 3, "128": 2}, "reuse_footprint_bytes": 42663936, "reuse_over_l2": 0.32164031620553357, "value_slice": 16}, "kind": "correctness", "mode": "auto", "shape": {"batch": 1, "fp32": true, "gate": null, "heads": 12, "lengths": null, "state_mode": "in", "tokens": 4096}, "status": "PASS", "tensors": {"out": {"bitwise": true, "finite": true}}}
{"case": 27, "decision": {"reason": "environment_override", "value_slice": 16}, "kind": "correctness", "mode": "force16", "shape": {"batch": 1, "fp32": true, "gate": null, "heads": 12, "lengths": null, "state_mode": "in", "tokens": 4096}, "status": "PASS", "tensors": {"out": {"bitwise": true, "finite": true}}}
{"case": 27, "decision": {"reason": "dispatch_disabled", "value_slice": 128}, "kind": "correctness", "mode": "off", "shape": {"batch": 1, "fp32": true, "gate": null, "heads": 12, "lengths": null, "state_mode": "in", "tokens": 4096}, "status": "PASS", "tensors": {"out": {"bitwise": true, "finite": true}}}
{"case": 28, "decision": {"predicted_ms": {"16": 0.307985406, "32": 0.315194022, "64": 0.35227749799999997, "128": 0.396578621}, "reason": "calibrated_score_with_guard_band", "resident_blocks_per_sm": {"16": 4, "32": 4, "64": 3, "128": 2}, "reuse_footprint_bytes": 42663936, "reuse_over_l2": 0.32164031620553357, "value_slice": 16}, "kind": "correctness", "mode": "auto", "shape": {"batch": 1, "fp32": true, "gate": null, "heads": 12, "lengths": null, "state_mode": "out", "tokens": 4096}, "status": "PASS", "tensors": {"final_state": {"bitwise": true, "finite": true}, "out": {"bitwise": true, "finite": true}}}
{"case": 28, "decision": {"reason": "environment_override", "value_slice": 16}, "kind": "correctness", "mode": "force16", "shape": {"batch": 1, "fp32": true, "gate": null, "heads": 12, "lengths": null, "state_mode": "out", "tokens": 4096}, "status": "PASS", "tensors": {"final_state": {"bitwise": true, "finite": true}, "out": {"bitwise": true, "finite": true}}}
{"case": 28, "decision": {"reason": "dispatch_disabled", "value_slice": 128}, "kind": "correctness", "mode": "off", "shape": {"batch": 1, "fp32": true, "gate": null, "heads": 12, "lengths": null, "state_mode": "out", "tokens": 4096}, "status": "PASS", "tensors": {"final_state": {"bitwise": true, "finite": true}, "out": {"bitwise": true, "finite": true}}}
{"case": 29, "decision": {"predicted_ms": {"16": 0.648004583, "32": 0.623512569, "64": 0.6726791010000001, "128": 0.8191179639999999}, "reason": "calibrated_score_with_guard_band", "resident_blocks_per_sm": {"16": 4, "32": 4, "64": 3, "128": 2}, "reuse_footprint_bytes": 170655744, "reuse_over_l2": 1.2865612648221343, "value_slice": 32}, "kind": "correctness", "mode": "auto", "shape": {"batch": 1, "fp32": false, "gate": null, "heads": 24, "lengths": null, "state_mode": "both", "tokens": 8192}, "status": "PASS", "tensors": {"final_state": {"bitwise": true, "finite": true}, "out": {"bitwise": true, "finite": true}}}
{"case": 29, "decision": {"reason": "environment_override", "value_slice": 16}, "kind": "correctness", "mode": "force16", "shape": {"batch": 1, "fp32": false, "gate": null, "heads": 24, "lengths": null, "state_mode": "both", "tokens": 8192}, "status": "PASS", "tensors": {"final_state": {"bitwise": true, "finite": true}, "out": {"bitwise": true, "finite": true}}}
{"case": 29, "decision": {"reason": "dispatch_disabled", "value_slice": 128}, "kind": "correctness", "mode": "off", "shape": {"batch": 1, "fp32": false, "gate": null, "heads": 24, "lengths": null, "state_mode": "both", "tokens": 8192}, "status": "PASS", "tensors": {"final_state": {"bitwise": true, "finite": true}, "out": {"bitwise": true, "finite": true}}}
{"case": 30, "decision": {"predicted_ms": {"32": 0.77060141, "64": 0.7407224370000001, "128": 0.889463692}, "reason": "calibrated_score_with_guard_band", "resident_blocks_per_sm": {"16": 4, "32": 4, "64": 3, "128": 2}, "reuse_footprint_bytes": 341311488, "reuse_over_l2": 2.5731225296442686, "value_slice": 64}, "kind": "correctness", "mode": "auto", "shape": {"batch": 1, "fp32": false, "gate": null, "heads": 48, "lengths": null, "state_mode": "both", "tokens": 8192}, "status": "PASS", "tensors": {"final_state": {"bitwise": true, "finite": true}, "out": {"bitwise": true, "finite": true}}}
{"case": 30, "decision": {"reason": "environment_override", "value_slice": 16}, "kind": "correctness", "mode": "force16", "shape": {"batch": 1, "fp32": false, "gate": null, "heads": 48, "lengths": null, "state_mode": "both", "tokens": 8192}, "status": "PASS", "tensors": {"final_state": {"bitwise": true, "finite": true}, "out": {"bitwise": true, "finite": true}}}
{"case": 30, "decision": {"reason": "dispatch_disabled", "value_slice": 128}, "kind": "correctness", "mode": "off", "shape": {"batch": 1, "fp32": false, "gate": null, "heads": 48, "lengths": null, "state_mode": "both", "tokens": 8192}, "status": "PASS", "tensors": {"final_state": {"bitwise": true, "finite": true}, "out": {"bitwise": true, "finite": true}}}
{"case": 31, "decision": {"predicted_ms": {"64": 1.023649666, "128": 1.030155148}, "reason": "gain_below_guard_band", "resident_blocks_per_sm": {"16": 4, "32": 4, "64": 3, "128": 2}, "reuse_footprint_bytes": 682622976, "reuse_over_l2": 5.146245059288537, "value_slice": 128}, "kind": "correctness", "mode": "auto", "shape": {"batch": 1, "fp32": false, "gate": null, "heads": 96, "lengths": null, "state_mode": "both", "tokens": 8192}, "status": "PASS", "tensors": {"final_state": {"bitwise": true, "finite": true}, "out": {"bitwise": true, "finite": true}}}
{"case": 31, "decision": {"reason": "environment_override", "value_slice": 16}, "kind": "correctness", "mode": "force16", "shape": {"batch": 1, "fp32": false, "gate": null, "heads": 96, "lengths": null, "state_mode": "both", "tokens": 8192}, "status": "PASS", "tensors": {"final_state": {"bitwise": true, "finite": true}, "out": {"bitwise": true, "finite": true}}}
{"case": 31, "decision": {"reason": "dispatch_disabled", "value_slice": 128}, "kind": "correctness", "mode": "off", "shape": {"batch": 1, "fp32": false, "gate": null, "heads": 96, "lengths": null, "state_mode": "both", "tokens": 8192}, "status": "PASS", "tensors": {"final_state": {"bitwise": true, "finite": true}, "out": {"bitwise": true, "finite": true}}}
{"case": 32, "decision": {"predicted_ms": {"16": 0.648004583, "32": 0.623512569, "64": 0.6726791010000001, "128": 0.8191179639999999}, "reason": "calibrated_score_with_guard_band", "resident_blocks_per_sm": {"16": 4, "32": 4, "64": 3, "128": 2}, "reuse_footprint_bytes": 170655744, "reuse_over_l2": 1.2865612648221343, "value_slice": 32}, "kind": "correctness", "mode": "auto", "shape": {"batch": 2, "fp32": false, "gate": null, "heads": 12, "lengths": null, "state_mode": "both", "tokens": 8192}, "status": "PASS", "tensors": {"final_state": {"bitwise": true, "finite": true}, "out": {"bitwise": true, "finite": true}}}
{"case": 32, "decision": {"reason": "environment_override", "value_slice": 16}, "kind": "correctness", "mode": "force16", "shape": {"batch": 2, "fp32": false, "gate": null, "heads": 12, "lengths": null, "state_mode": "both", "tokens": 8192}, "status": "PASS", "tensors": {"final_state": {"bitwise": true, "finite": true}, "out": {"bitwise": true, "finite": true}}}
{"case": 32, "decision": {"reason": "dispatch_disabled", "value_slice": 128}, "kind": "correctness", "mode": "off", "shape": {"batch": 2, "fp32": false, "gate": null, "heads": 12, "lengths": null, "state_mode": "both", "tokens": 8192}, "status": "PASS", "tensors": {"final_state": {"bitwise": true, "finite": true}, "out": {"bitwise": true, "finite": true}}}
{"case": 33, "decision": {"predicted_ms": {"32": 0.77060141, "64": 0.7407224370000001, "128": 0.889463692}, "reason": "calibrated_score_with_guard_band", "resident_blocks_per_sm": {"16": 4, "32": 4, "64": 3, "128": 2}, "reuse_footprint_bytes": 341311488, "reuse_over_l2": 2.5731225296442686, "value_slice": 64}, "kind": "correctness", "mode": "auto", "shape": {"batch": 4, "fp32": false, "gate": null, "heads": 12, "lengths": null, "state_mode": "both", "tokens": 8192}, "status": "PASS", "tensors": {"final_state": {"bitwise": true, "finite": true}, "out": {"bitwise": true, "finite": true}}}
{"case": 33, "decision": {"reason": "environment_override", "value_slice": 16}, "kind": "correctness", "mode": "force16", "shape": {"batch": 4, "fp32": false, "gate": null, "heads": 12, "lengths": null, "state_mode": "both", "tokens": 8192}, "status": "PASS", "tensors": {"final_state": {"bitwise": true, "finite": true}, "out": {"bitwise": true, "finite": true}}}
{"case": 33, "decision": {"reason": "dispatch_disabled", "value_slice": 128}, "kind": "correctness", "mode": "off", "shape": {"batch": 4, "fp32": false, "gate": null, "heads": 12, "lengths": null, "state_mode": "both", "tokens": 8192}, "status": "PASS", "tensors": {"final_state": {"bitwise": true, "finite": true}, "out": {"bitwise": true, "finite": true}}}
{"case": 34, "decision": {"predicted_ms": {"16": 0.5743007899999999, "32": 0.588260421, "64": 0.638657433, "128": 0.7839451}, "reason": "calibrated_score_with_guard_band", "resident_blocks_per_sm": {"16": 4, "32": 4, "64": 3, "128": 2}, "reuse_footprint_bytes": 85327872, "reuse_over_l2": 0.6432806324110671, "value_slice": 16}, "kind": "correctness", "mode": "auto", "shape": {"batch": 1, "fp32": false, "gate": null, "heads": 12, "lengths": [8192], "state_mode": "both", "tokens": 8192}, "status": "PASS", "tensors": {"final_state": {"bitwise": true, "finite": true}, "out": {"bitwise": true, "finite": true}}}
{"case": 34, "decision": {"reason": "environment_override", "value_slice": 16}, "kind": "correctness", "mode": "force16", "shape": {"batch": 1, "fp32": false, "gate": null, "heads": 12, "lengths": [8192], "state_mode": "both", "tokens": 8192}, "status": "PASS", "tensors": {"final_state": {"bitwise": true, "finite": true}, "out": {"bitwise": true, "finite": true}}}
{"case": 34, "decision": {"reason": "dispatch_disabled", "value_slice": 128}, "kind": "correctness", "mode": "off", "shape": {"batch": 1, "fp32": false, "gate": null, "heads": 12, "lengths": [8192], "state_mode": "both", "tokens": 8192}, "status": "PASS", "tensors": {"final_state": {"bitwise": true, "finite": true}, "out": {"bitwise": true, "finite": true}}}
{"case": 35, "decision": {"predicted_ms": {}, "reason": "varlen_not_calibrated", "resident_blocks_per_sm": {}, "reuse_footprint_bytes": 85327872, "reuse_over_l2": 0.6432806324110671, "value_slice": 128}, "kind": "correctness", "mode": "auto", "shape": {"batch": 1, "fp32": false, "gate": null, "heads": 12, "lengths": [1024, 1024, 1024, 1024, 1024, 1024, 1024, 1024], "state_mode": "both", "tokens": 8192}, "status": "PASS", "tensors": {"final_state": {"bitwise": true, "finite": true}, "out": {"bitwise": true, "finite": true}}}
{"case": 35, "decision": {"reason": "environment_override", "value_slice": 16}, "kind": "correctness", "mode": "force16", "shape": {"batch": 1, "fp32": false, "gate": null, "heads": 12, "lengths": [1024, 1024, 1024, 1024, 1024, 1024, 1024, 1024], "state_mode": "both", "tokens": 8192}, "status": "PASS", "tensors": {"final_state": {"bitwise": true, "finite": true}, "out": {"bitwise": true, "finite": true}}}
{"case": 35, "decision": {"reason": "dispatch_disabled", "value_slice": 128}, "kind": "correctness", "mode": "off", "shape": {"batch": 1, "fp32": false, "gate": null, "heads": 12, "lengths": [1024, 1024, 1024, 1024, 1024, 1024, 1024, 1024], "state_mode": "both", "tokens": 8192}, "status": "PASS", "tensors": {"final_state": {"bitwise": true, "finite": true}, "out": {"bitwise": true, "finite": true}}}
{"case": 36, "decision": {"predicted_ms": {}, "reason": "varlen_not_calibrated", "resident_blocks_per_sm": {}, "reuse_footprint_bytes": 85327872, "reuse_over_l2": 0.6432806324110671, "value_slice": 128}, "kind": "correctness", "mode": "auto", "shape": {"batch": 1, "fp32": false, "gate": null, "heads": 12, "lengths": [16, 32, 512, 1024, 2512, 4096], "state_mode": "both", "tokens": 8192}, "status": "PASS", "tensors": {"final_state": {"bitwise": true, "finite": true}, "out": {"bitwise": true, "finite": true}}}
{"case": 36, "decision": {"reason": "environment_override", "value_slice": 16}, "kind": "correctness", "mode": "force16", "shape": {"batch": 1, "fp32": false, "gate": null, "heads": 12, "lengths": [16, 32, 512, 1024, 2512, 4096], "state_mode": "both", "tokens": 8192}, "status": "PASS", "tensors": {"final_state": {"bitwise": true, "finite": true}, "out": {"bitwise": true, "finite": true}}}
{"case": 36, "decision": {"reason": "dispatch_disabled", "value_slice": 128}, "kind": "correctness", "mode": "off", "shape": {"batch": 1, "fp32": false, "gate": null, "heads": 12, "lengths": [16, 32, 512, 1024, 2512, 4096], "state_mode": "both", "tokens": 8192}, "status": "PASS", "tensors": {"final_state": {"bitwise": true, "finite": true}, "out": {"bitwise": true, "finite": true}}}
{"case": 37, "decision": {"predicted_ms": {}, "reason": "varlen_not_calibrated", "resident_blocks_per_sm": {}, "reuse_footprint_bytes": 85327872, "reuse_over_l2": 0.6432806324110671, "value_slice": 128}, "kind": "correctness", "mode": "auto", "shape": {"batch": 1, "fp32": false, "gate": null, "heads": 12, "lengths": [0, 8192], "state_mode": "both", "tokens": 8192}, "status": "PASS", "tensors": {"final_state": {"bitwise": true, "finite": true}, "out": {"bitwise": true, "finite": true}}}
{"case": 37, "decision": {"reason": "environment_override", "value_slice": 16}, "kind": "correctness", "mode": "force16", "shape": {"batch": 1, "fp32": false, "gate": null, "heads": 12, "lengths": [0, 8192], "state_mode": "both", "tokens": 8192}, "status": "PASS", "tensors": {"final_state": {"bitwise": true, "finite": true}, "out": {"bitwise": true, "finite": true}}}
{"case": 37, "decision": {"reason": "dispatch_disabled", "value_slice": 128}, "kind": "correctness", "mode": "off", "shape": {"batch": 1, "fp32": false, "gate": null, "heads": 12, "lengths": [0, 8192], "state_mode": "both", "tokens": 8192}, "status": "PASS", "tensors": {"final_state": {"bitwise": true, "finite": true}, "out": {"bitwise": true, "finite": true}}}
{"case": 38, "decision": {"predicted_ms": {"16": 0.5743007899999999, "32": 0.588260421, "64": 0.638657433, "128": 0.7839451}, "reason": "calibrated_score_with_guard_band", "resident_blocks_per_sm": {"16": 4, "32": 4, "64": 3, "128": 2}, "reuse_footprint_bytes": 85327872, "reuse_over_l2": 0.6432806324110671, "value_slice": 16}, "kind": "correctness", "mode": "auto", "shape": {"batch": 1, "fp32": false, "gate": -8.0, "heads": 12, "lengths": null, "state_mode": "both", "tokens": 8192}, "status": "PASS", "tensors": {"final_state": {"bitwise": true, "finite": true}, "out": {"bitwise": true, "finite": true}}}
{"case": 38, "decision": {"reason": "environment_override", "value_slice": 16}, "kind": "correctness", "mode": "force16", "shape": {"batch": 1, "fp32": false, "gate": -8.0, "heads": 12, "lengths": null, "state_mode": "both", "tokens": 8192}, "status": "PASS", "tensors": {"final_state": {"bitwise": true, "finite": true}, "out": {"bitwise": true, "finite": true}}}
{"case": 38, "decision": {"reason": "dispatch_disabled", "value_slice": 128}, "kind": "correctness", "mode": "off", "shape": {"batch": 1, "fp32": false, "gate": -8.0, "heads": 12, "lengths": null, "state_mode": "both", "tokens": 8192}, "status": "PASS", "tensors": {"final_state": {"bitwise": true, "finite": true}, "out": {"bitwise": true, "finite": true}}}
{"case": 39, "decision": {"predicted_ms": {"16": 0.5743007899999999, "32": 0.588260421, "64": 0.638657433, "128": 0.7839451}, "reason": "calibrated_score_with_guard_band", "resident_blocks_per_sm": {"16": 4, "32": 4, "64": 3, "128": 2}, "reuse_footprint_bytes": 85327872, "reuse_over_l2": 0.6432806324110671, "value_slice": 16}, "kind": "correctness", "mode": "auto", "shape": {"batch": 1, "fp32": false, "gate": 12.0, "heads": 12, "lengths": null, "state_mode": "both", "tokens": 8192}, "status": "PASS", "tensors": {"final_state": {"bitwise": true, "finite": true}, "out": {"bitwise": true, "finite": true}}}
{"case": 39, "decision": {"reason": "environment_override", "value_slice": 16}, "kind": "correctness", "mode": "force16", "shape": {"batch": 1, "fp32": false, "gate": 12.0, "heads": 12, "lengths": null, "state_mode": "both", "tokens": 8192}, "status": "PASS", "tensors": {"final_state": {"bitwise": true, "finite": true}, "out": {"bitwise": true, "finite": true}}}
{"case": 39, "decision": {"reason": "dispatch_disabled", "value_slice": 128}, "kind": "correctness", "mode": "off", "shape": {"batch": 1, "fp32": false, "gate": 12.0, "heads": 12, "lengths": null, "state_mode": "both", "tokens": 8192}, "status": "PASS", "tensors": {"final_state": {"bitwise": true, "finite": true}, "out": {"bitwise": true, "finite": true}}}
{"kind": "state_chain", "status": "PASS", "step": 0, "tensors": {"final_state": {"bitwise": true, "finite": true}, "out": {"bitwise": true, "finite": true}}}
{"kind": "state_chain", "status": "PASS", "step": 1, "tensors": {"final_state": {"bitwise": true, "finite": true}, "out": {"bitwise": true, "finite": true}}}
{"kind": "state_chain", "status": "PASS", "step": 2, "tensors": {"final_state": {"bitwise": true, "finite": true}, "out": {"bitwise": true, "finite": true}}}
{"comparison_rows": 120, "kind": "correctness_complete", "sanitizer": false}
{"case": 0, "kind": "extra_correctness", "mode": "auto", "sanitizer": false, "shape": {"batch": 1, "fp32": false, "gate": null, "heads": 12, "lengths": null, "state_mode": "out", "tokens": 2049}, "status": "PASS", "tensors": {"final_state": {"bitwise": true, "finite": true}, "out": {"bitwise": true, "finite": true}}}
{"case": 0, "kind": "extra_correctness", "mode": "force16", "sanitizer": false, "shape": {"batch": 1, "fp32": false, "gate": null, "heads": 12, "lengths": null, "state_mode": "out", "tokens": 2049}, "status": "PASS", "tensors": {"final_state": {"bitwise": true, "finite": true}, "out": {"bitwise": true, "finite": true}}}
{"case": 1, "kind": "extra_correctness", "mode": "auto", "sanitizer": false, "shape": {"batch": 1, "fp32": false, "gate": null, "heads": 12, "lengths": null, "state_mode": "out", "tokens": 4095}, "status": "PASS", "tensors": {"final_state": {"bitwise": true, "finite": true}, "out": {"bitwise": true, "finite": true}}}
{"case": 1, "kind": "extra_correctness", "mode": "force16", "sanitizer": false, "shape": {"batch": 1, "fp32": false, "gate": null, "heads": 12, "lengths": null, "state_mode": "out", "tokens": 4095}, "status": "PASS", "tensors": {"final_state": {"bitwise": true, "finite": true}, "out": {"bitwise": true, "finite": true}}}
{"case": 2, "kind": "extra_correctness", "mode": "auto", "sanitizer": false, "shape": {"batch": 1, "fp32": false, "gate": null, "heads": 12, "lengths": null, "state_mode": "out", "tokens": 8191}, "status": "PASS", "tensors": {"final_state": {"bitwise": true, "finite": true}, "out": {"bitwise": true, "finite": true}}}
{"case": 2, "kind": "extra_correctness", "mode": "force16", "sanitizer": false, "shape": {"batch": 1, "fp32": false, "gate": null, "heads": 12, "lengths": null, "state_mode": "out", "tokens": 8191}, "status": "PASS", "tensors": {"final_state": {"bitwise": true, "finite": true}, "out": {"bitwise": true, "finite": true}}}
{"case": 3, "kind": "extra_correctness", "mode": "auto", "sanitizer": false, "shape": {"batch": 1, "fp32": false, "gate": null, "heads": 12, "lengths": null, "state_mode": "none", "tokens": 2049}, "status": "PASS", "tensors": {"out": {"bitwise": true, "finite": true}}}
{"case": 3, "kind": "extra_correctness", "mode": "force16", "sanitizer": false, "shape": {"batch": 1, "fp32": false, "gate": null, "heads": 12, "lengths": null, "state_mode": "none", "tokens": 2049}, "status": "PASS", "tensors": {"out": {"bitwise": true, "finite": true}}}
{"case": 4, "kind": "extra_correctness", "mode": "auto", "sanitizer": false, "shape": {"batch": 1, "fp32": false, "gate": null, "heads": 12, "lengths": [2049], "state_mode": "out", "tokens": 2049}, "status": "PASS", "tensors": {"final_state": {"bitwise": true, "finite": true}, "out": {"bitwise": true, "finite": true}}}
{"case": 4, "kind": "extra_correctness", "mode": "force16", "sanitizer": false, "shape": {"batch": 1, "fp32": false, "gate": null, "heads": 12, "lengths": [2049], "state_mode": "out", "tokens": 2049}, "status": "PASS", "tensors": {"final_state": {"bitwise": true, "finite": true}, "out": {"bitwise": true, "finite": true}}}
{"case": 5, "kind": "extra_correctness", "mode": "auto", "sanitizer": false, "shape": {"batch": 1, "fp32": false, "gate": null, "heads": 12, "lengths": [4095], "state_mode": "both", "tokens": 4095}, "status": "PASS", "tensors": {"final_state": {"bitwise": true, "finite": true}, "out": {"bitwise": true, "finite": true}}}
{"case": 5, "kind": "extra_correctness", "mode": "force16", "sanitizer": false, "shape": {"batch": 1, "fp32": false, "gate": null, "heads": 12, "lengths": [4095], "state_mode": "both", "tokens": 4095}, "status": "PASS", "tensors": {"final_state": {"bitwise": true, "finite": true}, "out": {"bitwise": true, "finite": true}}}
{"case": 6, "kind": "extra_correctness", "mode": "auto", "sanitizer": false, "shape": {"batch": 1, "fp32": false, "gate": null, "heads": 12, "lengths": null, "state_mode": "in", "tokens": 8191}, "status": "PASS", "tensors": {"out": {"bitwise": true, "finite": true}}}
{"case": 6, "kind": "extra_correctness", "mode": "force16", "sanitizer": false, "shape": {"batch": 1, "fp32": false, "gate": null, "heads": 12, "lengths": null, "state_mode": "in", "tokens": 8191}, "status": "PASS", "tensors": {"out": {"bitwise": true, "finite": true}}}
{"initial_present": false, "kind": "first_prefill_chain", "status": "PASS", "step": 0, "tensors": {"final_state": {"bitwise": true, "finite": true}, "out": {"bitwise": true, "finite": true}}}
{"initial_present": true, "kind": "first_prefill_chain", "status": "PASS", "step": 1, "tensors": {"final_state": {"bitwise": true, "finite": true}, "out": {"bitwise": true, "finite": true}}}
{"initial_present": true, "kind": "first_prefill_chain", "status": "PASS", "step": 2, "tensors": {"final_state": {"bitwise": true, "finite": true}, "out": {"bitwise": true, "finite": true}}}
{"case": 0, "kind": "graph_correctness", "name": "p4_auto", "shape": {"batch": 1, "fp32": false, "gate": null, "heads": 12, "lengths": null, "state_mode": "both", "tokens": 2048}, "status": "PASS", "tensors": {"final_state": {"bitwise": true, "finite": true}, "out": {"bitwise": true, "finite": true}}}
{"case": 0, "kind": "graph_correctness", "name": "phase1_auto", "shape": {"batch": 1, "fp32": false, "gate": null, "heads": 12, "lengths": null, "state_mode": "both", "tokens": 2048}, "status": "PASS", "tensors": {"final_state": {"bitwise": true, "finite": true}, "out": {"bitwise": true, "finite": true}}}
{"case": 0, "kind": "graph_correctness", "name": "v128", "shape": {"batch": 1, "fp32": false, "gate": null, "heads": 12, "lengths": null, "state_mode": "both", "tokens": 2048}, "status": "PASS", "tensors": {"final_state": {"bitwise": true, "finite": true}, "out": {"bitwise": true, "finite": true}}}
{"cache_perturbed": {"count": 30, "median_ms": 0.35924799740314484, "p10_ms": 0.3554239869117737, "p90_ms": 0.3656960129737854}, "case": 0, "decision": {"reason": "environment_override", "value_slice": 128}, "eager": {"count": 60, "median_ms": 0.35761599242687225, "p10_ms": 0.35280001163482666, "p90_ms": 0.363103985786438}, "graph": {"count": 60, "median_ms": 0.3535199910402298, "p10_ms": 0.349727988243103, "p90_ms": 0.3579519987106323}, "kind": "performance", "name": "v128", "repeat": 0, "shape": {"batch": 1, "fp32": false, "gate": null, "heads": 12, "lengths": null, "state_mode": "both", "tokens": 2048}, "wall_sync": {"count": 20, "median_ms": 0.371587, "p10_ms": 0.364327, "p90_ms": 0.376617}}
{"cache_perturbed": {"count": 30, "median_ms": 0.20795200020074844, "p10_ms": 0.20588800311088562, "p90_ms": 0.21190400421619415}, "case": 0, "decision": {"predicted_ms": {"16": 0.161239153, "32": 0.16542915800000002, "64": 0.178696517, "128": 0.214718326}, "reason": "calibrated_score_with_guard_band", "resident_blocks_per_sm": {"16": 4, "32": 4, "64": 3, "128": 2}, "reuse_footprint_bytes": 21331968, "reuse_over_l2": 0.16082015810276679, "value_slice": 16}, "eager": {"count": 60, "median_ms": 0.2022400051355362, "p10_ms": 0.20032000541687012, "p90_ms": 0.20643199980258942}, "graph": {"count": 60, "median_ms": 0.19817599654197693, "p10_ms": 0.19782400131225586, "p90_ms": 0.2022400051355362}, "kind": "performance", "name": "phase1_auto", "repeat": 0, "shape": {"batch": 1, "fp32": false, "gate": null, "heads": 12, "lengths": null, "state_mode": "both", "tokens": 2048}, "wall_sync": {"count": 20, "median_ms": 0.215838, "p10_ms": 0.214038, "p90_ms": 0.223627}}
{"cache_perturbed": {"count": 30, "median_ms": 0.22012799978256226, "p10_ms": 0.21804800629615784, "p90_ms": 0.2306559979915619}, "case": 0, "decision": {"predicted_ms": {"16": 0.161239153, "32": 0.16542915800000002, "64": 0.178696517, "128": 0.214718326}, "reason": "calibrated_score_with_guard_band", "resident_blocks_per_sm": {"16": 4, "32": 4, "64": 3, "128": 2}, "reuse_footprint_bytes": 21331968, "reuse_over_l2": 0.16082015810276679, "value_slice": 16}, "eager": {"count": 60, "median_ms": 0.21847999840974808, "p10_ms": 0.21456000208854675, "p90_ms": 0.2218559980392456}, "graph": {"count": 60, "median_ms": 0.21449600160121918, "p10_ms": 0.2104319930076599, "p90_ms": 0.21667200326919556}, "kind": "performance", "name": "p4_auto", "repeat": 0, "shape": {"batch": 1, "fp32": false, "gate": null, "heads": 12, "lengths": null, "state_mode": "both", "tokens": 2048}, "wall_sync": {"count": 20, "median_ms": 0.2283485, "p10_ms": 0.227098, "p90_ms": 0.240069}}
{"cache_perturbed": {"count": 30, "median_ms": 0.2078239992260933, "p10_ms": 0.20572799444198608, "p90_ms": 0.21007999777793884}, "case": 0, "decision": {"predicted_ms": {"16": 0.161239153, "32": 0.16542915800000002, "64": 0.178696517, "128": 0.214718326}, "reason": "calibrated_score_with_guard_band", "resident_blocks_per_sm": {"16": 4, "32": 4, "64": 3, "128": 2}, "reuse_footprint_bytes": 21331968, "reuse_over_l2": 0.16082015810276679, "value_slice": 16}, "eager": {"count": 60, "median_ms": 0.2016960009932518, "p10_ms": 0.20015999674797058, "p90_ms": 0.20732800662517548}, "graph": {"count": 60, "median_ms": 0.19817599654197693, "p10_ms": 0.1971520036458969, "p90_ms": 0.20227199792861938}, "kind": "performance", "name": "phase1_auto", "repeat": 1, "shape": {"batch": 1, "fp32": false, "gate": null, "heads": 12, "lengths": null, "state_mode": "both", "tokens": 2048}, "wall_sync": {"count": 20, "median_ms": 0.215013, "p10_ms": 0.214027, "p90_ms": 0.221978}}
{"cache_perturbed": {"count": 30, "median_ms": 0.36055999994277954, "p10_ms": 0.3572480082511902, "p90_ms": 0.3675200045108795}, "case": 0, "decision": {"reason": "environment_override", "value_slice": 128}, "eager": {"count": 60, "median_ms": 0.35495999455451965, "p10_ms": 0.35286399722099304, "p90_ms": 0.3784320056438446}, "graph": {"count": 60, "median_ms": 0.3497920036315918, "p10_ms": 0.3495999872684479, "p90_ms": 0.3681280016899109}, "kind": "performance", "name": "v128", "repeat": 1, "shape": {"batch": 1, "fp32": false, "gate": null, "heads": 12, "lengths": null, "state_mode": "both", "tokens": 2048}, "wall_sync": {"count": 20, "median_ms": 0.3661315, "p10_ms": 0.364417, "p90_ms": 0.375666}}
{"cache_perturbed": {"count": 30, "median_ms": 0.2202559933066368, "p10_ms": 0.21820800006389618, "p90_ms": 0.22448000311851501}, "case": 0, "decision": {"predicted_ms": {"16": 0.161239153, "32": 0.16542915800000002, "64": 0.178696517, "128": 0.214718326}, "reason": "calibrated_score_with_guard_band", "resident_blocks_per_sm": {"16": 4, "32": 4, "64": 3, "128": 2}, "reuse_footprint_bytes": 21331968, "reuse_over_l2": 0.16082015810276679, "value_slice": 16}, "eager": {"count": 60, "median_ms": 0.21592000126838684, "p10_ms": 0.21433599293231964, "p90_ms": 0.2216320037841797}, "graph": {"count": 60, "median_ms": 0.21054399758577347, "p10_ms": 0.21040000021457672, "p90_ms": 0.21462400257587433}, "kind": "performance", "name": "p4_auto", "repeat": 1, "shape": {"batch": 1, "fp32": false, "gate": null, "heads": 12, "lengths": null, "state_mode": "both", "tokens": 2048}, "wall_sync": {"count": 20, "median_ms": 0.2276385, "p10_ms": 0.226208, "p90_ms": 0.233198}}
{"cache_perturbed": {"count": 30, "median_ms": 0.20787200331687927, "p10_ms": 0.20563200116157532, "p90_ms": 0.21184000372886658}, "case": 0, "decision": {"predicted_ms": {"16": 0.161239153, "32": 0.16542915800000002, "64": 0.178696517, "128": 0.214718326}, "reason": "calibrated_score_with_guard_band", "resident_blocks_per_sm": {"16": 4, "32": 4, "64": 3, "128": 2}, "reuse_footprint_bytes": 21331968, "reuse_over_l2": 0.16082015810276679, "value_slice": 16}, "eager": {"count": 60, "median_ms": 0.20233599841594696, "p10_ms": 0.20019200444221497, "p90_ms": 0.20739200711250305}, "graph": {"count": 60, "median_ms": 0.1982399970293045, "p10_ms": 0.19804799556732178, "p90_ms": 0.20227199792861938}, "kind": "performance", "name": "phase1_auto", "repeat": 2, "shape": {"batch": 1, "fp32": false, "gate": null, "heads": 12, "lengths": null, "state_mode": "both", "tokens": 2048}, "wall_sync": {"count": 20, "median_ms": 0.2179635, "p10_ms": 0.214038, "p90_ms": 0.219778}}
{"cache_perturbed": {"count": 30, "median_ms": 0.35951998829841614, "p10_ms": 0.35731199383735657, "p90_ms": 0.3697279989719391}, "case": 0, "decision": {"reason": "environment_override", "value_slice": 128}, "eager": {"count": 60, "median_ms": 0.3548479974269867, "p10_ms": 0.35283198952674866, "p90_ms": 0.37747201323509216}, "graph": {"count": 60, "median_ms": 0.3507840037345886, "p10_ms": 0.34963199496269226, "p90_ms": 0.358815997838974}, "kind": "performance", "name": "v128", "repeat": 2, "shape": {"batch": 1, "fp32": false, "gate": null, "heads": 12, "lengths": null, "state_mode": "both", "tokens": 2048}, "wall_sync": {"count": 20, "median_ms": 0.36859699999999995, "p10_ms": 0.364188, "p90_ms": 0.380137}}
{"cache_perturbed": {"count": 30, "median_ms": 0.22015999257564545, "p10_ms": 0.21804800629615784, "p90_ms": 0.22435200214385986}, "case": 0, "decision": {"predicted_ms": {"16": 0.161239153, "32": 0.16542915800000002, "64": 0.178696517, "128": 0.214718326}, "reason": "calibrated_score_with_guard_band", "resident_blocks_per_sm": {"16": 4, "32": 4, "64": 3, "128": 2}, "reuse_footprint_bytes": 21331968, "reuse_over_l2": 0.16082015810276679, "value_slice": 16}, "eager": {"count": 60, "median_ms": 0.21608000248670578, "p10_ms": 0.21439999341964722, "p90_ms": 0.22172799706459045}, "graph": {"count": 60, "median_ms": 0.21059200167655945, "p10_ms": 0.21033599972724915, "p90_ms": 0.2157759964466095}, "kind": "performance", "name": "p4_auto", "repeat": 2, "shape": {"batch": 1, "fp32": false, "gate": null, "heads": 12, "lengths": null, "state_mode": "both", "tokens": 2048}, "wall_sync": {"count": 20, "median_ms": 0.231769, "p10_ms": 0.225748, "p90_ms": 0.236658}}
{"case": 0, "kind": "post_correctness", "name": "p4_auto", "shape": {"batch": 1, "fp32": false, "gate": null, "heads": 12, "lengths": null, "state_mode": "both", "tokens": 2048}, "status": "PASS", "tensors": {"final_state": {"bitwise": true, "finite": true}, "out": {"bitwise": true, "finite": true}}}
{"case": 0, "kind": "post_correctness", "name": "phase1_auto", "shape": {"batch": 1, "fp32": false, "gate": null, "heads": 12, "lengths": null, "state_mode": "both", "tokens": 2048}, "status": "PASS", "tensors": {"final_state": {"bitwise": true, "finite": true}, "out": {"bitwise": true, "finite": true}}}
{"case": 0, "kind": "shape_complete", "shape": {"batch": 1, "fp32": false, "gate": null, "heads": 12, "lengths": null, "state_mode": "both", "tokens": 2048}}
{"case": 1, "kind": "graph_correctness", "name": "p4_auto", "shape": {"batch": 1, "fp32": false, "gate": null, "heads": 12, "lengths": [2048], "state_mode": "both", "tokens": 2048}, "status": "PASS", "tensors": {"final_state": {"bitwise": true, "finite": true}, "out": {"bitwise": true, "finite": true}}}
{"case": 1, "kind": "graph_correctness", "name": "phase1_auto", "shape": {"batch": 1, "fp32": false, "gate": null, "heads": 12, "lengths": [2048], "state_mode": "both", "tokens": 2048}, "status": "PASS", "tensors": {"final_state": {"bitwise": true, "finite": true}, "out": {"bitwise": true, "finite": true}}}
{"case": 1, "kind": "graph_correctness", "name": "v128", "shape": {"batch": 1, "fp32": false, "gate": null, "heads": 12, "lengths": [2048], "state_mode": "both", "tokens": 2048}, "status": "PASS", "tensors": {"final_state": {"bitwise": true, "finite": true}, "out": {"bitwise": true, "finite": true}}}
{"cache_perturbed": {"count": 30, "median_ms": 0.36353600025177, "p10_ms": 0.361407995223999, "p90_ms": 0.36985599994659424}, "case": 1, "decision": {"reason": "environment_override", "value_slice": 128}, "eager": {"count": 60, "median_ms": 0.3589920103549957, "p10_ms": 0.357695996761322, "p90_ms": 0.3837440013885498}, "graph": {"count": 60, "median_ms": 0.35307200253009796, "p10_ms": 0.3517119884490967, "p90_ms": 0.3619840145111084}, "kind": "performance", "name": "v128", "repeat": 0, "shape": {"batch": 1, "fp32": false, "gate": null, "heads": 12, "lengths": [2048], "state_mode": "both", "tokens": 2048}, "wall_sync": {"count": 20, "median_ms": 0.371612, "p10_ms": 0.366818, "p90_ms": 0.377287}}
{"cache_perturbed": {"count": 30, "median_ms": 0.22430399805307388, "p10_ms": 0.22412799298763275, "p90_ms": 0.2284799963235855}, "case": 1, "decision": {"predicted_ms": {"16": 0.161239153, "32": 0.16542915800000002, "64": 0.178696517, "128": 0.214718326}, "reason": "calibrated_score_with_guard_band", "resident_blocks_per_sm": {"16": 4, "32": 4, "64": 3, "128": 2}, "reuse_footprint_bytes": 21331968, "reuse_over_l2": 0.16082015810276679, "value_slice": 16}, "eager": {"count": 60, "median_ms": 0.22176000475883484, "p10_ms": 0.2197439968585968, "p90_ms": 0.2258239984512329}, "graph": {"count": 60, "median_ms": 0.21459199488162994, "p10_ms": 0.21439999341964722, "p90_ms": 0.2186879962682724}, "kind": "performance", "name": "p4_auto", "repeat": 0, "shape": {"batch": 1, "fp32": false, "gate": null, "heads": 12, "lengths": [2048], "state_mode": "both", "tokens": 2048}, "wall_sync": {"count": 20, "median_ms": 0.234593, "p10_ms": 0.230148, "p90_ms": 0.236518}}
{"cache_perturbed": {"count": 30, "median_ms": 0.2120639979839325, "p10_ms": 0.21187199652194977, "p90_ms": 0.21619200706481934}, "case": 1, "decision": {"predicted_ms": {"16": 0.161239153, "32": 0.16542915800000002, "64": 0.178696517, "128": 0.214718326}, "reason": "calibrated_score_with_guard_band", "resident_blocks_per_sm": {"16": 4, "32": 4, "64": 3, "128": 2}, "reuse_footprint_bytes": 21331968, "reuse_over_l2": 0.16082015810276679, "value_slice": 16}, "eager": {"count": 60, "median_ms": 0.20951999723911285, "p10_ms": 0.20732800662517548, "p90_ms": 0.21350400149822235}, "graph": {"count": 60, "median_ms": 0.20233599841594696, "p10_ms": 0.20214399695396423, "p90_ms": 0.20636799931526184}, "kind": "performance", "name": "phase1_auto", "repeat": 0, "shape": {"batch": 1, "fp32": false, "gate": null, "heads": 12, "lengths": [2048], "state_mode": "both", "tokens": 2048}, "wall_sync": {"count": 20, "median_ms": 0.218588, "p10_ms": 0.217538, "p90_ms": 0.22377}}
{"cache_perturbed": {"count": 30, "median_ms": 0.36339201033115387, "p10_ms": 0.3614400029182434, "p90_ms": 0.36976000666618347}, "case": 1, "decision": {"reason": "environment_override", "value_slice": 128}, "eager": {"count": 60, "median_ms": 0.36107200384140015, "p10_ms": 0.3579840064048767, "p90_ms": 0.3673279881477356}, "graph": {"count": 60, "median_ms": 0.3540000021457672, "p10_ms": 0.35177600383758545, "p90_ms": 0.36188799142837524}, "kind": "performance", "name": "v128", "repeat": 1, "shape": {"batch": 1, "fp32": false, "gate": null, "heads": 12, "lengths": [2048], "state_mode": "both", "tokens": 2048}, "wall_sync": {"count": 20, "median_ms": 0.37298149999999997, "p10_ms": 0.368768, "p90_ms": 0.377546}}
{"cache_perturbed": {"count": 30, "median_ms": 0.21193599700927734, "p10_ms": 0.211776003241539, "p90_ms": 0.21612800657749176}, "case": 1, "decision": {"predicted_ms": {"16": 0.161239153, "32": 0.16542915800000002, "64": 0.178696517, "128": 0.214718326}, "reason": "calibrated_score_with_guard_band", "resident_blocks_per_sm": {"16": 4, "32": 4, "64": 3, "128": 2}, "reuse_footprint_bytes": 21331968, "reuse_over_l2": 0.16082015810276679, "value_slice": 16}, "eager": {"count": 60, "median_ms": 0.2093920037150383, "p10_ms": 0.20735999941825867, "p90_ms": 0.21244800090789795}, "graph": {"count": 60, "median_ms": 0.20228800177574158, "p10_ms": 0.20207999646663666, "p90_ms": 0.20636799931526184}, "kind": "performance", "name": "phase1_auto", "repeat": 1, "shape": {"batch": 1, "fp32": false, "gate": null, "heads": 12, "lengths": [2048], "state_mode": "both", "tokens": 2048}, "wall_sync": {"count": 20, "median_ms": 0.221458, "p10_ms": 0.218999, "p90_ms": 0.223708}}
{"cache_perturbed": {"count": 30, "median_ms": 0.22630400210618973, "p10_ms": 0.22416000068187714, "p90_ms": 0.22838400304317474}, "case": 1, "decision": {"predicted_ms": {"16": 0.161239153, "32": 0.16542915800000002, "64": 0.178696517, "128": 0.214718326}, "reason": "calibrated_score_with_guard_band", "resident_blocks_per_sm": {"16": 4, "32": 4, "64": 3, "128": 2}, "reuse_footprint_bytes": 21331968, "reuse_over_l2": 0.16082015810276679, "value_slice": 16}, "eager": {"count": 60, "median_ms": 0.22177600115537643, "p10_ms": 0.2197439968585968, "p90_ms": 0.2258239984512329}, "graph": {"count": 60, "median_ms": 0.21460799872875214, "p10_ms": 0.2144320011138916, "p90_ms": 0.2186560034751892}, "kind": "performance", "name": "p4_auto", "repeat": 1, "shape": {"batch": 1, "fp32": false, "gate": null, "heads": 12, "lengths": [2048], "state_mode": "both", "tokens": 2048}, "wall_sync": {"count": 20, "median_ms": 0.2314385, "p10_ms": 0.230429, "p90_ms": 0.238277}}
{"cache_perturbed": {"count": 30, "median_ms": 0.22444800287485123, "p10_ms": 0.22416000068187714, "p90_ms": 0.22844800353050232}, "case": 1, "decision": {"predicted_ms": {"16": 0.161239153, "32": 0.16542915800000002, "64": 0.178696517, "128": 0.214718326}, "reason": "calibrated_score_with_guard_band", "resident_blocks_per_sm": {"16": 4, "32": 4, "64": 3, "128": 2}, "reuse_footprint_bytes": 21331968, "reuse_over_l2": 0.16082015810276679, "value_slice": 16}, "eager": {"count": 60, "median_ms": 0.22179199755191803, "p10_ms": 0.2202879935503006, "p90_ms": 0.22595199942588806}, "graph": {"count": 60, "median_ms": 0.2146719992160797, "p10_ms": 0.2144320011138916, "p90_ms": 0.21872000396251678}, "kind": "performance", "name": "p4_auto", "repeat": 2, "shape": {"batch": 1, "fp32": false, "gate": null, "heads": 12, "lengths": [2048], "state_mode": "both", "tokens": 2048}, "wall_sync": {"count": 20, "median_ms": 0.23247849999999998, "p10_ms": 0.229908, "p90_ms": 0.237498}}
{"cache_perturbed": {"count": 30, "median_ms": 0.21199999749660492, "p10_ms": 0.21187199652194977, "p90_ms": 0.21615999937057495}, "case": 1, "decision": {"predicted_ms": {"16": 0.161239153, "32": 0.16542915800000002, "64": 0.178696517, "128": 0.214718326}, "reason": "calibrated_score_with_guard_band", "resident_blocks_per_sm": {"16": 4, "32": 4, "64": 3, "128": 2}, "reuse_footprint_bytes": 21331968, "reuse_over_l2": 0.16082015810276679, "value_slice": 16}, "eager": {"count": 60, "median_ms": 0.20950399339199066, "p10_ms": 0.20793600380420685, "p90_ms": 0.2134079933166504}, "graph": {"count": 60, "median_ms": 0.20230400562286377, "p10_ms": 0.20207999646663666, "p90_ms": 0.20636799931526184}, "kind": "performance", "name": "phase1_auto", "repeat": 2, "shape": {"batch": 1, "fp32": false, "gate": null, "heads": 12, "lengths": [2048], "state_mode": "both", "tokens": 2048}, "wall_sync": {"count": 20, "median_ms": 0.220388, "p10_ms": 0.217568, "p90_ms": 0.224109}}
{"cache_perturbed": {"count": 30, "median_ms": 0.36444801092147827, "p10_ms": 0.3614400029182434, "p90_ms": 0.36982399225234985}, "case": 1, "decision": {"reason": "environment_override", "value_slice": 128}, "eager": {"count": 60, "median_ms": 0.3590719997882843, "p10_ms": 0.35785600543022156, "p90_ms": 0.36719998717308044}, "graph": {"count": 60, "median_ms": 0.35183998942375183, "p10_ms": 0.3516800105571747, "p90_ms": 0.37433600425720215}, "kind": "performance", "name": "v128", "repeat": 2, "shape": {"batch": 1, "fp32": false, "gate": null, "heads": 12, "lengths": [2048], "state_mode": "both", "tokens": 2048}, "wall_sync": {"count": 20, "median_ms": 0.3693875, "p10_ms": 0.367488, "p90_ms": 0.389227}}
{"case": 1, "kind": "post_correctness", "name": "p4_auto", "shape": {"batch": 1, "fp32": false, "gate": null, "heads": 12, "lengths": [2048], "state_mode": "both", "tokens": 2048}, "status": "PASS", "tensors": {"final_state": {"bitwise": true, "finite": true}, "out": {"bitwise": true, "finite": true}}}
{"case": 1, "kind": "post_correctness", "name": "phase1_auto", "shape": {"batch": 1, "fp32": false, "gate": null, "heads": 12, "lengths": [2048], "state_mode": "both", "tokens": 2048}, "status": "PASS", "tensors": {"final_state": {"bitwise": true, "finite": true}, "out": {"bitwise": true, "finite": true}}}
{"case": 1, "kind": "shape_complete", "shape": {"batch": 1, "fp32": false, "gate": null, "heads": 12, "lengths": [2048], "state_mode": "both", "tokens": 2048}}
{"case": 2, "kind": "graph_correctness", "name": "p4_auto", "shape": {"batch": 1, "fp32": false, "gate": null, "heads": 12, "lengths": null, "state_mode": "in", "tokens": 2048}, "status": "PASS", "tensors": {"out": {"bitwise": true, "finite": true}}}
{"case": 2, "kind": "graph_correctness", "name": "phase1_auto", "shape": {"batch": 1, "fp32": false, "gate": null, "heads": 12, "lengths": null, "state_mode": "in", "tokens": 2048}, "status": "PASS", "tensors": {"out": {"bitwise": true, "finite": true}}}
{"case": 2, "kind": "graph_correctness", "name": "v128", "shape": {"batch": 1, "fp32": false, "gate": null, "heads": 12, "lengths": null, "state_mode": "in", "tokens": 2048}, "status": "PASS", "tensors": {"out": {"bitwise": true, "finite": true}}}
{"cache_perturbed": {"count": 30, "median_ms": 0.20790399610996246, "p10_ms": 0.20582400262355804, "p90_ms": 0.22035199403762817}, "case": 2, "decision": {"predicted_ms": {"16": 0.161239153, "32": 0.16542915800000002, "64": 0.178696517, "128": 0.214718326}, "reason": "calibrated_score_with_guard_band", "resident_blocks_per_sm": {"16": 4, "32": 4, "64": 3, "128": 2}, "reuse_footprint_bytes": 21331968, "reuse_over_l2": 0.16082015810276679, "value_slice": 16}, "eager": {"count": 60, "median_ms": 0.20425599813461304, "p10_ms": 0.20201599597930908, "p90_ms": 0.20819200575351715}, "graph": {"count": 60, "median_ms": 0.19910399615764618, "p10_ms": 0.19808000326156616, "p90_ms": 0.20230400562286377}, "kind": "performance", "name": "phase1_auto", "repeat": 0, "shape": {"batch": 1, "fp32": false, "gate": null, "heads": 12, "lengths": null, "state_mode": "in", "tokens": 2048}, "wall_sync": {"count": 20, "median_ms": 0.2171485, "p10_ms": 0.21394, "p90_ms": 0.219758}}
{"cache_perturbed": {"count": 30, "median_ms": 0.22015999257564545, "p10_ms": 0.21804800629615784, "p90_ms": 0.2223999947309494}, "case": 2, "decision": {"predicted_ms": {"16": 0.161239153, "32": 0.16542915800000002, "64": 0.178696517, "128": 0.214718326}, "reason": "calibrated_score_with_guard_band", "resident_blocks_per_sm": {"16": 4, "32": 4, "64": 3, "128": 2}, "reuse_footprint_bytes": 21331968, "reuse_over_l2": 0.16082015810276679, "value_slice": 16}, "eager": {"count": 60, "median_ms": 0.21559999883174896, "p10_ms": 0.21254399418830872, "p90_ms": 0.2197439968585968}, "graph": {"count": 60, "median_ms": 0.2104640007019043, "p10_ms": 0.21024000644683838, "p90_ms": 0.21452799439430237}, "kind": "performance", "name": "p4_auto", "repeat": 0, "shape": {"batch": 1, "fp32": false, "gate": null, "heads": 12, "lengths": null, "state_mode": "in", "tokens": 2048}, "wall_sync": {"count": 20, "median_ms": 0.227383, "p10_ms": 0.226108, "p90_ms": 0.231198}}
{"cache_perturbed": {"count": 30, "median_ms": 0.35739199817180634, "p10_ms": 0.355103999376297, "p90_ms": 0.3636159896850586}, "case": 2, "decision": {"reason": "environment_override", "value_slice": 128}, "eager": {"count": 60, "median_ms": 0.3537919968366623, "p10_ms": 0.3516800105571747, "p90_ms": 0.36108800768852234}, "graph": {"count": 60, "median_ms": 0.35073599219322205, "p10_ms": 0.3476479947566986, "p90_ms": 0.3559040129184723}, "kind": "performance", "name": "v128", "repeat": 0, "shape": {"batch": 1, "fp32": false, "gate": null, "heads": 12, "lengths": null, "state_mode": "in", "tokens": 2048}, "wall_sync": {"count": 20, "median_ms": 0.3636075, "p10_ms": 0.362258, "p90_ms": 0.371247}}
{"cache_perturbed": {"count": 30, "median_ms": 0.20801600068807602, "p10_ms": 0.20585599541664124, "p90_ms": 0.21190400421619415}, "case": 2, "decision": {"predicted_ms": {"16": 0.161239153, "32": 0.16542915800000002, "64": 0.178696517, "128": 0.214718326}, "reason": "calibrated_score_with_guard_band", "resident_blocks_per_sm": {"16": 4, "32": 4, "64": 3, "128": 2}, "reuse_footprint_bytes": 21331968, "reuse_over_l2": 0.16082015810276679, "value_slice": 16}, "eager": {"count": 60, "median_ms": 0.20377600193023682, "p10_ms": 0.2011840045452118, "p90_ms": 0.20739200711250305}, "graph": {"count": 60, "median_ms": 0.19939200580120087, "p10_ms": 0.19814400374889374, "p90_ms": 0.20313599705696106}, "kind": "performance", "name": "phase1_auto", "repeat": 1, "shape": {"batch": 1, "fp32": false, "gate": null, "heads": 12, "lengths": null, "state_mode": "in", "tokens": 2048}, "wall_sync": {"count": 20, "median_ms": 0.21745399999999998, "p10_ms": 0.214218, "p90_ms": 0.220208}}
{"cache_perturbed": {"count": 30, "median_ms": 0.219200000166893, "p10_ms": 0.2178879976272583, "p90_ms": 0.22230400145053864}, "case": 2, "decision": {"predicted_ms": {"16": 0.161239153, "32": 0.16542915800000002, "64": 0.178696517, "128": 0.214718326}, "reason": "calibrated_score_with_guard_band", "resident_blocks_per_sm": {"16": 4, "32": 4, "64": 3, "128": 2}, "reuse_footprint_bytes": 21331968, "reuse_over_l2": 0.16082015810276679, "value_slice": 16}, "eager": {"count": 60, "median_ms": 0.21566399931907654, "p10_ms": 0.21254399418830872, "p90_ms": 0.21984000504016876}, "graph": {"count": 60, "median_ms": 0.21051199734210968, "p10_ms": 0.21030400693416595, "p90_ms": 0.21459199488162994}, "kind": "performance", "name": "p4_auto", "repeat": 1, "shape": {"batch": 1, "fp32": false, "gate": null, "heads": 12, "lengths": null, "state_mode": "in", "tokens": 2048}, "wall_sync": {"count": 20, "median_ms": 0.227133, "p10_ms": 0.225239, "p90_ms": 0.234038}}
{"cache_perturbed": {"count": 30, "median_ms": 0.35545599460601807, "p10_ms": 0.3533119857311249, "p90_ms": 0.3635520040988922}, "case": 2, "decision": {"reason": "environment_override", "value_slice": 128}, "eager": {"count": 60, "median_ms": 0.35281600058078766, "p10_ms": 0.3495999872684479, "p90_ms": 0.37641599774360657}, "graph": {"count": 60, "median_ms": 0.3477120101451874, "p10_ms": 0.34755200147628784, "p90_ms": 0.37007999420166016}, "kind": "performance", "name": "v128", "repeat": 1, "shape": {"batch": 1, "fp32": false, "gate": null, "heads": 12, "lengths": null, "state_mode": "in", "tokens": 2048}, "wall_sync": {"count": 20, "median_ms": 0.36248199999999997, "p10_ms": 0.361928, "p90_ms": 0.389826}}
{"cache_perturbed": {"count": 30, "median_ms": 0.35545599460601807, "p10_ms": 0.35334399342536926, "p90_ms": 0.3715200126171112}, "case": 2, "decision": {"reason": "environment_override", "value_slice": 128}, "eager": {"count": 60, "median_ms": 0.35278400778770447, "p10_ms": 0.35075199604034424, "p90_ms": 0.37622401118278503}, "graph": {"count": 60, "median_ms": 0.3487519919872284, "p10_ms": 0.34755200147628784, "p90_ms": 0.36614400148391724}, "kind": "performance", "name": "v128", "repeat": 2, "shape": {"batch": 1, "fp32": false, "gate": null, "heads": 12, "lengths": null, "state_mode": "in", "tokens": 2048}, "wall_sync": {"count": 20, "median_ms": 0.362757, "p10_ms": 0.360867, "p90_ms": 0.386496}}
{"cache_perturbed": {"count": 30, "median_ms": 0.22014399617910385, "p10_ms": 0.21807999908924103, "p90_ms": 0.22649599611759186}, "case": 2, "decision": {"predicted_ms": {"16": 0.161239153, "32": 0.16542915800000002, "64": 0.178696517, "128": 0.214718326}, "reason": "calibrated_score_with_guard_band", "resident_blocks_per_sm": {"16": 4, "32": 4, "64": 3, "128": 2}, "reuse_footprint_bytes": 21331968, "reuse_over_l2": 0.16082015810276679, "value_slice": 16}, "eager": {"count": 60, "median_ms": 0.21559999883174896, "p10_ms": 0.21251200139522552, "p90_ms": 0.22015999257564545}, "graph": {"count": 60, "median_ms": 0.2104640007019043, "p10_ms": 0.21014399826526642, "p90_ms": 0.21459199488162994}, "kind": "performance", "name": "p4_auto", "repeat": 2, "shape": {"batch": 1, "fp32": false, "gate": null, "heads": 12, "lengths": null, "state_mode": "in", "tokens": 2048}, "wall_sync": {"count": 20, "median_ms": 0.230553, "p10_ms": 0.225668, "p90_ms": 0.236899}}
{"cache_perturbed": {"count": 30, "median_ms": 0.20881599932909012, "p10_ms": 0.20563200116157532, "p90_ms": 0.21404799818992615}, "case": 2, "decision": {"predicted_ms": {"16": 0.161239153, "32": 0.16542915800000002, "64": 0.178696517, "128": 0.214718326}, "reason": "calibrated_score_with_guard_band", "resident_blocks_per_sm": {"16": 4, "32": 4, "64": 3, "128": 2}, "reuse_footprint_bytes": 21331968, "reuse_over_l2": 0.16082015810276679, "value_slice": 16}, "eager": {"count": 60, "median_ms": 0.20412800461053848, "p10_ms": 0.20022399723529816, "p90_ms": 0.21238400042057037}, "graph": {"count": 60, "median_ms": 0.20123200118541718, "p10_ms": 0.19791999459266663, "p90_ms": 0.20812800526618958}, "kind": "performance", "name": "phase1_auto", "repeat": 2, "shape": {"batch": 1, "fp32": false, "gate": null, "heads": 12, "lengths": null, "state_mode": "in", "tokens": 2048}, "wall_sync": {"count": 20, "median_ms": 0.216333, "p10_ms": 0.214199, "p90_ms": 0.219639}}
{"case": 2, "kind": "post_correctness", "name": "p4_auto", "shape": {"batch": 1, "fp32": false, "gate": null, "heads": 12, "lengths": null, "state_mode": "in", "tokens": 2048}, "status": "PASS", "tensors": {"out": {"bitwise": true, "finite": true}}}
{"case": 2, "kind": "post_correctness", "name": "phase1_auto", "shape": {"batch": 1, "fp32": false, "gate": null, "heads": 12, "lengths": null, "state_mode": "in", "tokens": 2048}, "status": "PASS", "tensors": {"out": {"bitwise": true, "finite": true}}}
{"case": 2, "kind": "shape_complete", "shape": {"batch": 1, "fp32": false, "gate": null, "heads": 12, "lengths": null, "state_mode": "in", "tokens": 2048}}
{"case": 3, "kind": "graph_correctness", "name": "p4_auto", "shape": {"batch": 1, "fp32": false, "gate": null, "heads": 12, "lengths": [2048], "state_mode": "in", "tokens": 2048}, "status": "PASS", "tensors": {"out": {"bitwise": true, "finite": true}}}
{"case": 3, "kind": "graph_correctness", "name": "phase1_auto", "shape": {"batch": 1, "fp32": false, "gate": null, "heads": 12, "lengths": [2048], "state_mode": "in", "tokens": 2048}, "status": "PASS", "tensors": {"out": {"bitwise": true, "finite": true}}}
{"case": 3, "kind": "graph_correctness", "name": "v128", "shape": {"batch": 1, "fp32": false, "gate": null, "heads": 12, "lengths": [2048], "state_mode": "in", "tokens": 2048}, "status": "PASS", "tensors": {"out": {"bitwise": true, "finite": true}}}
{"cache_perturbed": {"count": 30, "median_ms": 0.2120800018310547, "p10_ms": 0.21087999641895294, "p90_ms": 0.21606400609016418}, "case": 3, "decision": {"predicted_ms": {"16": 0.161239153, "32": 0.16542915800000002, "64": 0.178696517, "128": 0.214718326}, "reason": "calibrated_score_with_guard_band", "resident_blocks_per_sm": {"16": 4, "32": 4, "64": 3, "128": 2}, "reuse_footprint_bytes": 21331968, "reuse_over_l2": 0.16082015810276679, "value_slice": 16}, "eager": {"count": 60, "median_ms": 0.20932800322771072, "p10_ms": 0.2072640061378479, "p90_ms": 0.2115519940853119}, "graph": {"count": 60, "median_ms": 0.20044800639152527, "p10_ms": 0.20019200444221497, "p90_ms": 0.2043839991092682}, "kind": "performance", "name": "phase1_auto", "repeat": 0, "shape": {"batch": 1, "fp32": false, "gate": null, "heads": 12, "lengths": [2048], "state_mode": "in", "tokens": 2048}, "wall_sync": {"count": 20, "median_ms": 0.2177485, "p10_ms": 0.216639, "p90_ms": 0.225198}}
{"cache_perturbed": {"count": 30, "median_ms": 0.22441600263118744, "p10_ms": 0.22419199347496033, "p90_ms": 0.22844800353050232}, "case": 3, "decision": {"predicted_ms": {"16": 0.161239153, "32": 0.16542915800000002, "64": 0.178696517, "128": 0.214718326}, "reason": "calibrated_score_with_guard_band", "resident_blocks_per_sm": {"16": 4, "32": 4, "64": 3, "128": 2}, "reuse_footprint_bytes": 21331968, "reuse_over_l2": 0.16082015810276679, "value_slice": 16}, "eager": {"count": 60, "median_ms": 0.22068800032138824, "p10_ms": 0.21836799383163452, "p90_ms": 0.22569599747657776}, "graph": {"count": 60, "median_ms": 0.21447999775409698, "p10_ms": 0.21247999370098114, "p90_ms": 0.2186560034751892}, "kind": "performance", "name": "p4_auto", "repeat": 0, "shape": {"batch": 1, "fp32": false, "gate": null, "heads": 12, "lengths": [2048], "state_mode": "in", "tokens": 2048}, "wall_sync": {"count": 20, "median_ms": 0.235518, "p10_ms": 0.230488, "p90_ms": 0.237478}}
{"cache_perturbed": {"count": 30, "median_ms": 0.36452800035476685, "p10_ms": 0.3595519959926605, "p90_ms": 0.36976000666618347}, "case": 3, "decision": {"reason": "environment_override", "value_slice": 128}, "eager": {"count": 60, "median_ms": 0.3633439987897873, "p10_ms": 0.3568960130214691, "p90_ms": 0.3782399892807007}, "graph": {"count": 60, "median_ms": 0.35580800473690033, "p10_ms": 0.34966400265693665, "p90_ms": 0.3744319975376129}, "kind": "performance", "name": "v128", "repeat": 0, "shape": {"batch": 1, "fp32": false, "gate": null, "heads": 12, "lengths": [2048], "state_mode": "in", "tokens": 2048}, "wall_sync": {"count": 20, "median_ms": 0.36783750000000004, "p10_ms": 0.364606, "p90_ms": 0.392557}}
{"cache_perturbed": {"count": 30, "median_ms": 0.3615359961986542, "p10_ms": 0.3612479865550995, "p90_ms": 0.3861120045185089}, "case": 3, "decision": {"reason": "environment_override", "value_slice": 128}, "eager": {"count": 60, "median_ms": 0.3587999939918518, "p10_ms": 0.35686400532722473, "p90_ms": 0.3824320137500763}, "graph": {"count": 60, "median_ms": 0.3508960008621216, "p10_ms": 0.3495999872684479, "p90_ms": 0.37644800543785095}, "kind": "performance", "name": "v128", "repeat": 1, "shape": {"batch": 1, "fp32": false, "gate": null, "heads": 12, "lengths": [2048], "state_mode": "in", "tokens": 2048}, "wall_sync": {"count": 20, "median_ms": 0.36757249999999997, "p10_ms": 0.366527, "p90_ms": 0.376567}}
{"cache_perturbed": {"count": 30, "median_ms": 0.22443199902772903, "p10_ms": 0.22409600019454956, "p90_ms": 0.22835199534893036}, "case": 3, "decision": {"predicted_ms": {"16": 0.161239153, "32": 0.16542915800000002, "64": 0.178696517, "128": 0.214718326}, "reason": "calibrated_score_with_guard_band", "resident_blocks_per_sm": {"16": 4, "32": 4, "64": 3, "128": 2}, "reuse_footprint_bytes": 21331968, "reuse_over_l2": 0.16082015810276679, "value_slice": 16}, "eager": {"count": 60, "median_ms": 0.22168000042438507, "p10_ms": 0.21964800357818604, "p90_ms": 0.22390399873256683}, "graph": {"count": 60, "median_ms": 0.2144639939069748, "p10_ms": 0.21251200139522552, "p90_ms": 0.2186560034751892}, "kind": "performance", "name": "p4_auto", "repeat": 1, "shape": {"batch": 1, "fp32": false, "gate": null, "heads": 12, "lengths": [2048], "state_mode": "in", "tokens": 2048}, "wall_sync": {"count": 20, "median_ms": 0.230548, "p10_ms": 0.228568, "p90_ms": 0.238048}}
{"cache_perturbed": {"count": 30, "median_ms": 0.2120640054345131, "p10_ms": 0.2118079960346222, "p90_ms": 0.21411199867725372}, "case": 3, "decision": {"predicted_ms": {"16": 0.161239153, "32": 0.16542915800000002, "64": 0.178696517, "128": 0.214718326}, "reason": "calibrated_score_with_guard_band", "resident_blocks_per_sm": {"16": 4, "32": 4, "64": 3, "128": 2}, "reuse_footprint_bytes": 21331968, "reuse_over_l2": 0.16082015810276679, "value_slice": 16}, "eager": {"count": 60, "median_ms": 0.20822399854660034, "p10_ms": 0.2062080055475235, "p90_ms": 0.2115200012922287}, "graph": {"count": 60, "median_ms": 0.20041600614786148, "p10_ms": 0.200095996260643, "p90_ms": 0.204352006316185}, "kind": "performance", "name": "phase1_auto", "repeat": 1, "shape": {"batch": 1, "fp32": false, "gate": null, "heads": 12, "lengths": [2048], "state_mode": "in", "tokens": 2048}, "wall_sync": {"count": 20, "median_ms": 0.221969, "p10_ms": 0.217308, "p90_ms": 0.223948}}
{"cache_perturbed": {"count": 30, "median_ms": 0.22443199902772903, "p10_ms": 0.22403199970722198, "p90_ms": 0.22841599583625793}, "case": 3, "decision": {"predicted_ms": {"16": 0.161239153, "32": 0.16542915800000002, "64": 0.178696517, "128": 0.214718326}, "reason": "calibrated_score_with_guard_band", "resident_blocks_per_sm": {"16": 4, "32": 4, "64": 3, "128": 2}, "reuse_footprint_bytes": 21331968, "reuse_over_l2": 0.16082015810276679, "value_slice": 16}, "eager": {"count": 60, "median_ms": 0.22064000368118286, "p10_ms": 0.2186560034751892, "p90_ms": 0.22387200593948364}, "graph": {"count": 60, "median_ms": 0.21454399824142456, "p10_ms": 0.21251200139522552, "p90_ms": 0.21846400201320648}, "kind": "performance", "name": "p4_auto", "repeat": 2, "shape": {"batch": 1, "fp32": false, "gate": null, "heads": 12, "lengths": [2048], "state_mode": "in", "tokens": 2048}, "wall_sync": {"count": 20, "median_ms": 0.231468, "p10_ms": 0.229808, "p90_ms": 0.235359}}
{"cache_perturbed": {"count": 30, "median_ms": 0.36156798899173737, "p10_ms": 0.35942399501800537, "p90_ms": 0.3696640133857727}, "case": 3, "decision": {"reason": "environment_override", "value_slice": 128}, "eager": {"count": 60, "median_ms": 0.36107198894023895, "p10_ms": 0.3569920063018799, "p90_ms": 0.36687999963760376}, "graph": {"count": 60, "median_ms": 0.3537279963493347, "p10_ms": 0.3497599959373474, "p90_ms": 0.3598079979419708}, "kind": "performance", "name": "v128", "repeat": 2, "shape": {"batch": 1, "fp32": false, "gate": null, "heads": 12, "lengths": [2048], "state_mode": "in", "tokens": 2048}, "wall_sync": {"count": 20, "median_ms": 0.368157, "p10_ms": 0.366347, "p90_ms": 0.396858}}
{"cache_perturbed": {"count": 30, "median_ms": 0.21209600567817688, "p10_ms": 0.20988799631595612, "p90_ms": 0.21615999937057495}, "case": 3, "decision": {"predicted_ms": {"16": 0.161239153, "32": 0.16542915800000002, "64": 0.178696517, "128": 0.214718326}, "reason": "calibrated_score_with_guard_band", "resident_blocks_per_sm": {"16": 4, "32": 4, "64": 3, "128": 2}, "reuse_footprint_bytes": 21331968, "reuse_over_l2": 0.16082015810276679, "value_slice": 16}, "eager": {"count": 60, "median_ms": 0.2094239965081215, "p10_ms": 0.20723199844360352, "p90_ms": 0.2122880071401596}, "graph": {"count": 60, "median_ms": 0.20025600492954254, "p10_ms": 0.20003199577331543, "p90_ms": 0.204352006316185}, "kind": "performance", "name": "phase1_auto", "repeat": 2, "shape": {"batch": 1, "fp32": false, "gate": null, "heads": 12, "lengths": [2048], "state_mode": "in", "tokens": 2048}, "wall_sync": {"count": 20, "median_ms": 0.217473, "p10_ms": 0.215979, "p90_ms": 0.222538}}
{"case": 3, "kind": "post_correctness", "name": "p4_auto", "shape": {"batch": 1, "fp32": false, "gate": null, "heads": 12, "lengths": [2048], "state_mode": "in", "tokens": 2048}, "status": "PASS", "tensors": {"out": {"bitwise": true, "finite": true}}}
{"case": 3, "kind": "post_correctness", "name": "phase1_auto", "shape": {"batch": 1, "fp32": false, "gate": null, "heads": 12, "lengths": [2048], "state_mode": "in", "tokens": 2048}, "status": "PASS", "tensors": {"out": {"bitwise": true, "finite": true}}}
{"case": 3, "kind": "shape_complete", "shape": {"batch": 1, "fp32": false, "gate": null, "heads": 12, "lengths": [2048], "state_mode": "in", "tokens": 2048}}
{"case": 4, "kind": "graph_correctness", "name": "p4_auto", "shape": {"batch": 1, "fp32": false, "gate": null, "heads": 12, "lengths": null, "state_mode": "out", "tokens": 2048}, "status": "PASS", "tensors": {"final_state": {"bitwise": true, "finite": true}, "out": {"bitwise": true, "finite": true}}}
{"case": 4, "kind": "graph_correctness", "name": "phase1_auto", "shape": {"batch": 1, "fp32": false, "gate": null, "heads": 12, "lengths": null, "state_mode": "out", "tokens": 2048}, "status": "PASS", "tensors": {"final_state": {"bitwise": true, "finite": true}, "out": {"bitwise": true, "finite": true}}}
{"case": 4, "kind": "graph_correctness", "name": "v128", "shape": {"batch": 1, "fp32": false, "gate": null, "heads": 12, "lengths": null, "state_mode": "out", "tokens": 2048}, "status": "PASS", "tensors": {"final_state": {"bitwise": true, "finite": true}, "out": {"bitwise": true, "finite": true}}}
{"cache_perturbed": {"count": 30, "median_ms": 0.2590720057487488, "p10_ms": 0.25705599784851074, "p90_ms": 0.26416000723838806}, "case": 4, "decision": {"predicted_ms": {"16": 0.161239153, "32": 0.16542915800000002, "64": 0.178696517, "128": 0.214718326}, "reason": "calibrated_score_with_guard_band", "resident_blocks_per_sm": {"16": 4, "32": 4, "64": 3, "128": 2}, "reuse_footprint_bytes": 21331968, "reuse_over_l2": 0.16082015810276679, "value_slice": 16}, "eager": {"count": 60, "median_ms": 0.25672000646591187, "p10_ms": 0.2534399926662445, "p90_ms": 0.26153600215911865}, "graph": {"count": 60, "median_ms": 0.2513599991798401, "p10_ms": 0.24934400618076324, "p90_ms": 0.2555519938468933}, "kind": "performance", "name": "p4_auto", "repeat": 0, "shape": {"batch": 1, "fp32": false, "gate": null, "heads": 12, "lengths": null, "state_mode": "out", "tokens": 2048}, "wall_sync": {"count": 20, "median_ms": 0.269503, "p10_ms": 0.265907, "p90_ms": 0.274107}}
{"cache_perturbed": {"count": 30, "median_ms": 0.2367039993405342, "p10_ms": 0.23555199801921844, "p90_ms": 0.2407359927892685}, "case": 4, "decision": {"predicted_ms": {"16": 0.161239153, "32": 0.16542915800000002, "64": 0.178696517, "128": 0.214718326}, "reason": "calibrated_score_with_guard_band", "resident_blocks_per_sm": {"16": 4, "32": 4, "64": 3, "128": 2}, "reuse_footprint_bytes": 21331968, "reuse_over_l2": 0.16082015810276679, "value_slice": 16}, "eager": {"count": 60, "median_ms": 0.234095998108387, "p10_ms": 0.23203200101852417, "p90_ms": 0.23827199637889862}, "graph": {"count": 60, "median_ms": 0.22892799973487854, "p10_ms": 0.22684800624847412, "p90_ms": 0.233024001121521}, "kind": "performance", "name": "phase1_auto", "repeat": 0, "shape": {"batch": 1, "fp32": false, "gate": null, "heads": 12, "lengths": null, "state_mode": "out", "tokens": 2048}, "wall_sync": {"count": 20, "median_ms": 0.2471985, "p10_ms": 0.243878, "p90_ms": 0.251678}}
{"cache_perturbed": {"count": 30, "median_ms": 0.36270399391651154, "p10_ms": 0.3593280017375946, "p90_ms": 0.3696959912776947}, "case": 4, "decision": {"reason": "environment_override", "value_slice": 128}, "eager": {"count": 60, "median_ms": 0.3641120046377182, "p10_ms": 0.35580798983573914, "p90_ms": 0.36640000343322754}, "graph": {"count": 60, "median_ms": 0.3599199950695038, "p10_ms": 0.35174399614334106, "p90_ms": 0.3723840117454529}, "kind": "performance", "name": "v128", "repeat": 0, "shape": {"batch": 1, "fp32": false, "gate": null, "heads": 12, "lengths": null, "state_mode": "out", "tokens": 2048}, "wall_sync": {"count": 20, "median_ms": 0.36780199999999996, "p10_ms": 0.366036, "p90_ms": 0.393368}}
{"cache_perturbed": {"count": 30, "median_ms": 0.23652800172567368, "p10_ms": 0.23440000414848328, "p90_ms": 0.2407359927892685}, "case": 4, "decision": {"predicted_ms": {"16": 0.161239153, "32": 0.16542915800000002, "64": 0.178696517, "128": 0.214718326}, "reason": "calibrated_score_with_guard_band", "resident_blocks_per_sm": {"16": 4, "32": 4, "64": 3, "128": 2}, "reuse_footprint_bytes": 21331968, "reuse_over_l2": 0.16082015810276679, "value_slice": 16}, "eager": {"count": 60, "median_ms": 0.2341119945049286, "p10_ms": 0.2309119999408722, "p90_ms": 0.23824000358581543}, "graph": {"count": 60, "median_ms": 0.22889600694179535, "p10_ms": 0.22684800624847412, "p90_ms": 0.233024001121521}, "kind": "performance", "name": "phase1_auto", "repeat": 1, "shape": {"batch": 1, "fp32": false, "gate": null, "heads": 12, "lengths": null, "state_mode": "out", "tokens": 2048}, "wall_sync": {"count": 20, "median_ms": 0.24468800000000002, "p10_ms": 0.243298, "p90_ms": 0.251648}}
{"cache_perturbed": {"count": 30, "median_ms": 0.3624480068683624, "p10_ms": 0.3592959940433502, "p90_ms": 0.3736959993839264}, "case": 4, "decision": {"reason": "environment_override", "value_slice": 128}, "eager": {"count": 60, "median_ms": 0.3584800064563751, "p10_ms": 0.35577601194381714, "p90_ms": 0.36611199378967285}, "graph": {"count": 60, "median_ms": 0.35280001163482666, "p10_ms": 0.3517119884490967, "p90_ms": 0.3620159924030304}, "kind": "performance", "name": "v128", "repeat": 1, "shape": {"batch": 1, "fp32": false, "gate": null, "heads": 12, "lengths": null, "state_mode": "out", "tokens": 2048}, "wall_sync": {"count": 20, "median_ms": 0.367967, "p10_ms": 0.365797, "p90_ms": 0.384888}}
{"cache_perturbed": {"count": 30, "median_ms": 0.2596160024404526, "p10_ms": 0.25804799795150757, "p90_ms": 0.2643199861049652}, "case": 4, "decision": {"predicted_ms": {"16": 0.161239153, "32": 0.16542915800000002, "64": 0.178696517, "128": 0.214718326}, "reason": "calibrated_score_with_guard_band", "resident_blocks_per_sm": {"16": 4, "32": 4, "64": 3, "128": 2}, "reuse_footprint_bytes": 21331968, "reuse_over_l2": 0.16082015810276679, "value_slice": 16}, "eager": {"count": 60, "median_ms": 0.2566879987716675, "p10_ms": 0.2535359859466553, "p90_ms": 0.26099199056625366}, "graph": {"count": 60, "median_ms": 0.25142401456832886, "p10_ms": 0.24931199848651886, "p90_ms": 0.2555840015411377}, "kind": "performance", "name": "p4_auto", "repeat": 1, "shape": {"batch": 1, "fp32": false, "gate": null, "heads": 12, "lengths": null, "state_mode": "out", "tokens": 2048}, "wall_sync": {"count": 20, "median_ms": 0.26690749999999996, "p10_ms": 0.265337, "p90_ms": 0.285457}}
{"cache_perturbed": {"count": 30, "median_ms": 0.3614719957113266, "p10_ms": 0.359391987323761, "p90_ms": 0.3779520094394684}, "case": 4, "decision": {"reason": "environment_override", "value_slice": 128}, "eager": {"count": 60, "median_ms": 0.3569439947605133, "p10_ms": 0.3550719916820526, "p90_ms": 0.38147199153900146}, "graph": {"count": 60, "median_ms": 0.35262399911880493, "p10_ms": 0.3516159951686859, "p90_ms": 0.3742719888687134}, "kind": "performance", "name": "v128", "repeat": 2, "shape": {"batch": 1, "fp32": false, "gate": null, "heads": 12, "lengths": null, "state_mode": "out", "tokens": 2048}, "wall_sync": {"count": 20, "median_ms": 0.3670315, "p10_ms": 0.366087, "p90_ms": 0.394636}}
{"cache_perturbed": {"count": 30, "median_ms": 0.2590239942073822, "p10_ms": 0.2560639977455139, "p90_ms": 0.263264000415802}, "case": 4, "decision": {"predicted_ms": {"16": 0.161239153, "32": 0.16542915800000002, "64": 0.178696517, "128": 0.214718326}, "reason": "calibrated_score_with_guard_band", "resident_blocks_per_sm": {"16": 4, "32": 4, "64": 3, "128": 2}, "reuse_footprint_bytes": 21331968, "reuse_over_l2": 0.16082015810276679, "value_slice": 16}, "eager": {"count": 60, "median_ms": 0.25465598702430725, "p10_ms": 0.2526400089263916, "p90_ms": 0.2614719867706299}, "graph": {"count": 60, "median_ms": 0.2513760030269623, "p10_ms": 0.24934400618076324, "p90_ms": 0.2555519938468933}, "kind": "performance", "name": "p4_auto", "repeat": 2, "shape": {"batch": 1, "fp32": false, "gate": null, "heads": 12, "lengths": null, "state_mode": "out", "tokens": 2048}, "wall_sync": {"count": 20, "median_ms": 0.267243, "p10_ms": 0.265497, "p90_ms": 0.275249}}
{"cache_perturbed": {"count": 30, "median_ms": 0.23665600270032883, "p10_ms": 0.23555199801921844, "p90_ms": 0.24083200097084045}, "case": 4, "decision": {"predicted_ms": {"16": 0.161239153, "32": 0.16542915800000002, "64": 0.178696517, "128": 0.214718326}, "reason": "calibrated_score_with_guard_band", "resident_blocks_per_sm": {"16": 4, "32": 4, "64": 3, "128": 2}, "reuse_footprint_bytes": 21331968, "reuse_over_l2": 0.16082015810276679, "value_slice": 16}, "eager": {"count": 60, "median_ms": 0.23347199708223343, "p10_ms": 0.23078399896621704, "p90_ms": 0.23820799589157104}, "graph": {"count": 60, "median_ms": 0.22892799973487854, "p10_ms": 0.22780799865722656, "p90_ms": 0.233024001121521}, "kind": "performance", "name": "phase1_auto", "repeat": 2, "shape": {"batch": 1, "fp32": false, "gate": null, "heads": 12, "lengths": null, "state_mode": "out", "tokens": 2048}, "wall_sync": {"count": 20, "median_ms": 0.244193, "p10_ms": 0.242588, "p90_ms": 0.263217}}
{"case": 4, "kind": "post_correctness", "name": "p4_auto", "shape": {"batch": 1, "fp32": false, "gate": null, "heads": 12, "lengths": null, "state_mode": "out", "tokens": 2048}, "status": "PASS", "tensors": {"final_state": {"bitwise": true, "finite": true}, "out": {"bitwise": true, "finite": true}}}
{"case": 4, "kind": "post_correctness", "name": "phase1_auto", "shape": {"batch": 1, "fp32": false, "gate": null, "heads": 12, "lengths": null, "state_mode": "out", "tokens": 2048}, "status": "PASS", "tensors": {"final_state": {"bitwise": true, "finite": true}, "out": {"bitwise": true, "finite": true}}}
{"case": 4, "kind": "shape_complete", "shape": {"batch": 1, "fp32": false, "gate": null, "heads": 12, "lengths": null, "state_mode": "out", "tokens": 2048}}
{"case": 5, "kind": "graph_correctness", "name": "p4_auto", "shape": {"batch": 1, "fp32": false, "gate": null, "heads": 12, "lengths": [2048], "state_mode": "out", "tokens": 2048}, "status": "PASS", "tensors": {"final_state": {"bitwise": true, "finite": true}, "out": {"bitwise": true, "finite": true}}}
{"case": 5, "kind": "graph_correctness", "name": "phase1_auto", "shape": {"batch": 1, "fp32": false, "gate": null, "heads": 12, "lengths": [2048], "state_mode": "out", "tokens": 2048}, "status": "PASS", "tensors": {"final_state": {"bitwise": true, "finite": true}, "out": {"bitwise": true, "finite": true}}}
{"case": 5, "kind": "graph_correctness", "name": "v128", "shape": {"batch": 1, "fp32": false, "gate": null, "heads": 12, "lengths": [2048], "state_mode": "out", "tokens": 2048}, "status": "PASS", "tensors": {"final_state": {"bitwise": true, "finite": true}, "out": {"bitwise": true, "finite": true}}}
{"cache_perturbed": {"count": 30, "median_ms": 0.2656320035457611, "p10_ms": 0.26316800713539124, "p90_ms": 0.26924800872802734}, "case": 5, "decision": {"predicted_ms": {"16": 0.161239153, "32": 0.16542915800000002, "64": 0.178696517, "128": 0.214718326}, "reason": "calibrated_score_with_guard_band", "resident_blocks_per_sm": {"16": 4, "32": 4, "64": 3, "128": 2}, "reuse_footprint_bytes": 21331968, "reuse_over_l2": 0.16082015810276679, "value_slice": 16}, "eager": {"count": 60, "median_ms": 0.26075199246406555, "p10_ms": 0.25862398743629456, "p90_ms": 0.2648000121116638}, "graph": {"count": 60, "median_ms": 0.2534720003604889, "p10_ms": 0.25331199169158936, "p90_ms": 0.2595840096473694}, "kind": "performance", "name": "p4_auto", "repeat": 0, "shape": {"batch": 1, "fp32": false, "gate": null, "heads": 12, "lengths": [2048], "state_mode": "out", "tokens": 2048}, "wall_sync": {"count": 20, "median_ms": 0.271037, "p10_ms": 0.268148, "p90_ms": 0.275629}}
{"cache_perturbed": {"count": 30, "median_ms": 0.23449599742889404, "p10_ms": 0.23440000414848328, "p90_ms": 0.24060800671577454}, "case": 5, "decision": {"predicted_ms": {"16": 0.161239153, "32": 0.16542915800000002, "64": 0.178696517, "128": 0.214718326}, "reason": "calibrated_score_with_guard_band", "resident_blocks_per_sm": {"16": 4, "32": 4, "64": 3, "128": 2}, "reuse_footprint_bytes": 21331968, "reuse_over_l2": 0.16082015810276679, "value_slice": 16}, "eager": {"count": 60, "median_ms": 0.23199999332427979, "p10_ms": 0.22991999983787537, "p90_ms": 0.23632000386714935}, "graph": {"count": 60, "median_ms": 0.2248000055551529, "p10_ms": 0.22463999688625336, "p90_ms": 0.22892799973487854}, "kind": "performance", "name": "phase1_auto", "repeat": 0, "shape": {"batch": 1, "fp32": false, "gate": null, "heads": 12, "lengths": [2048], "state_mode": "out", "tokens": 2048}, "wall_sync": {"count": 20, "median_ms": 0.24388349999999998, "p10_ms": 0.241018, "p90_ms": 0.248377}}
{"cache_perturbed": {"count": 30, "median_ms": 0.3665439933538437, "p10_ms": 0.361407995223999, "p90_ms": 0.37779200077056885}, "case": 5, "decision": {"reason": "environment_override", "value_slice": 128}, "eager": {"count": 60, "median_ms": 0.3609920144081116, "p10_ms": 0.35702401399612427, "p90_ms": 0.36719998717308044}, "graph": {"count": 60, "median_ms": 0.35179200768470764, "p10_ms": 0.3497599959373474, "p90_ms": 0.37331199645996094}, "kind": "performance", "name": "v128", "repeat": 0, "shape": {"batch": 1, "fp32": false, "gate": null, "heads": 12, "lengths": [2048], "state_mode": "out", "tokens": 2048}, "wall_sync": {"count": 20, "median_ms": 0.37007749999999995, "p10_ms": 0.366667, "p90_ms": 0.398656}}
{"cache_perturbed": {"count": 30, "median_ms": 0.3656480014324188, "p10_ms": 0.3614720106124878, "p90_ms": 0.371616005897522}, "case": 5, "decision": {"reason": "environment_override", "value_slice": 128}, "eager": {"count": 60, "median_ms": 0.3590719997882843, "p10_ms": 0.3569920063018799, "p90_ms": 0.3874880075454712}, "graph": {"count": 60, "median_ms": 0.3532480001449585, "p10_ms": 0.35158398747444153, "p90_ms": 0.36611199378967285}, "kind": "performance", "name": "v128", "repeat": 1, "shape": {"batch": 1, "fp32": false, "gate": null, "heads": 12, "lengths": [2048], "state_mode": "out", "tokens": 2048}, "wall_sync": {"count": 20, "median_ms": 0.369046, "p10_ms": 0.367257, "p90_ms": 0.392837}}
{"cache_perturbed": {"count": 30, "median_ms": 0.2351200059056282, "p10_ms": 0.23440000414848328, "p90_ms": 0.24675199389457703}, "case": 5, "decision": {"predicted_ms": {"16": 0.161239153, "32": 0.16542915800000002, "64": 0.178696517, "128": 0.214718326}, "reason": "calibrated_score_with_guard_band", "resident_blocks_per_sm": {"16": 4, "32": 4, "64": 3, "128": 2}, "reuse_footprint_bytes": 21331968, "reuse_over_l2": 0.16082015810276679, "value_slice": 16}, "eager": {"count": 60, "median_ms": 0.23206399381160736, "p10_ms": 0.22995199263095856, "p90_ms": 0.23712000250816345}, "graph": {"count": 60, "median_ms": 0.22499200701713562, "p10_ms": 0.22473600506782532, "p90_ms": 0.22892799973487854}, "kind": "performance", "name": "phase1_auto", "repeat": 1, "shape": {"batch": 1, "fp32": false, "gate": null, "heads": 12, "lengths": [2048], "state_mode": "out", "tokens": 2048}, "wall_sync": {"count": 20, "median_ms": 0.242203, "p10_ms": 0.240438, "p90_ms": 0.248648}}
{"cache_perturbed": {"count": 30, "median_ms": 0.2632479965686798, "p10_ms": 0.2630400061607361, "p90_ms": 0.26742398738861084}, "case": 5, "decision": {"predicted_ms": {"16": 0.161239153, "32": 0.16542915800000002, "64": 0.178696517, "128": 0.214718326}, "reason": "calibrated_score_with_guard_band", "resident_blocks_per_sm": {"16": 4, "32": 4, "64": 3, "128": 2}, "reuse_footprint_bytes": 21331968, "reuse_over_l2": 0.16082015810276679, "value_slice": 16}, "eager": {"count": 60, "median_ms": 0.26068800687789917, "p10_ms": 0.2585279941558838, "p90_ms": 0.2648319900035858}, "graph": {"count": 60, "median_ms": 0.2535040080547333, "p10_ms": 0.2533760070800781, "p90_ms": 0.25964799523353577}, "kind": "performance", "name": "p4_auto", "repeat": 1, "shape": {"batch": 1, "fp32": false, "gate": null, "heads": 12, "lengths": [2048], "state_mode": "out", "tokens": 2048}, "wall_sync": {"count": 20, "median_ms": 0.271787, "p10_ms": 0.268957, "p90_ms": 0.278638}}
{"cache_perturbed": {"count": 30, "median_ms": 0.2374880015850067, "p10_ms": 0.23427200317382812, "p90_ms": 0.24166400730609894}, "case": 5, "decision": {"predicted_ms": {"16": 0.161239153, "32": 0.16542915800000002, "64": 0.178696517, "128": 0.214718326}, "reason": "calibrated_score_with_guard_band", "resident_blocks_per_sm": {"16": 4, "32": 4, "64": 3, "128": 2}, "reuse_footprint_bytes": 21331968, "reuse_over_l2": 0.16082015810276679, "value_slice": 16}, "eager": {"count": 60, "median_ms": 0.23199999332427979, "p10_ms": 0.22979199886322021, "p90_ms": 0.23615999519824982}, "graph": {"count": 60, "median_ms": 0.22486400604248047, "p10_ms": 0.22463999688625336, "p90_ms": 0.22991999983787537}, "kind": "performance", "name": "phase1_auto", "repeat": 2, "shape": {"batch": 1, "fp32": false, "gate": null, "heads": 12, "lengths": [2048], "state_mode": "out", "tokens": 2048}, "wall_sync": {"count": 20, "median_ms": 0.2426785, "p10_ms": 0.239818, "p90_ms": 0.254927}}
{"cache_perturbed": {"count": 30, "median_ms": 0.2633280009031296, "p10_ms": 0.26236799359321594, "p90_ms": 0.26739200949668884}, "case": 5, "decision": {"predicted_ms": {"16": 0.161239153, "32": 0.16542915800000002, "64": 0.178696517, "128": 0.214718326}, "reason": "calibrated_score_with_guard_band", "resident_blocks_per_sm": {"16": 4, "32": 4, "64": 3, "128": 2}, "reuse_footprint_bytes": 21331968, "reuse_over_l2": 0.16082015810276679, "value_slice": 16}, "eager": {"count": 60, "median_ms": 0.26073600351810455, "p10_ms": 0.2585600018501282, "p90_ms": 0.2648639976978302}, "graph": {"count": 60, "median_ms": 0.2536479979753494, "p10_ms": 0.2533760070800781, "p90_ms": 0.2596159875392914}, "kind": "performance", "name": "p4_auto", "repeat": 2, "shape": {"batch": 1, "fp32": false, "gate": null, "heads": 12, "lengths": [2048], "state_mode": "out", "tokens": 2048}, "wall_sync": {"count": 20, "median_ms": 0.2748025, "p10_ms": 0.269809, "p90_ms": 0.277067}}
{"cache_perturbed": {"count": 30, "median_ms": 0.36353600025177, "p10_ms": 0.36137598752975464, "p90_ms": 0.3840959966182709}, "case": 5, "decision": {"reason": "environment_override", "value_slice": 128}, "eager": {"count": 60, "median_ms": 0.3590879887342453, "p10_ms": 0.3569599986076355, "p90_ms": 0.38758400082588196}, "graph": {"count": 60, "median_ms": 0.35183998942375183, "p10_ms": 0.3497920036315918, "p90_ms": 0.3786559998989105}, "kind": "performance", "name": "v128", "repeat": 2, "shape": {"batch": 1, "fp32": false, "gate": null, "heads": 12, "lengths": [2048], "state_mode": "out", "tokens": 2048}, "wall_sync": {"count": 20, "median_ms": 0.367967, "p10_ms": 0.365527, "p90_ms": 0.386827}}
{"case": 5, "kind": "post_correctness", "name": "p4_auto", "shape": {"batch": 1, "fp32": false, "gate": null, "heads": 12, "lengths": [2048], "state_mode": "out", "tokens": 2048}, "status": "PASS", "tensors": {"final_state": {"bitwise": true, "finite": true}, "out": {"bitwise": true, "finite": true}}}
{"case": 5, "kind": "post_correctness", "name": "phase1_auto", "shape": {"batch": 1, "fp32": false, "gate": null, "heads": 12, "lengths": [2048], "state_mode": "out", "tokens": 2048}, "status": "PASS", "tensors": {"final_state": {"bitwise": true, "finite": true}, "out": {"bitwise": true, "finite": true}}}
{"case": 5, "kind": "shape_complete", "shape": {"batch": 1, "fp32": false, "gate": null, "heads": 12, "lengths": [2048], "state_mode": "out", "tokens": 2048}}
{"case": 6, "kind": "graph_correctness", "name": "p4_auto", "shape": {"batch": 1, "fp32": false, "gate": null, "heads": 12, "lengths": null, "state_mode": "none", "tokens": 2048}, "status": "PASS", "tensors": {"out": {"bitwise": true, "finite": true}}}
{"case": 6, "kind": "graph_correctness", "name": "phase1_auto", "shape": {"batch": 1, "fp32": false, "gate": null, "heads": 12, "lengths": null, "state_mode": "none", "tokens": 2048}, "status": "PASS", "tensors": {"out": {"bitwise": true, "finite": true}}}
{"case": 6, "kind": "graph_correctness", "name": "v128", "shape": {"batch": 1, "fp32": false, "gate": null, "heads": 12, "lengths": null, "state_mode": "none", "tokens": 2048}, "status": "PASS", "tensors": {"out": {"bitwise": true, "finite": true}}}
{"cache_perturbed": {"count": 30, "median_ms": 0.35999999940395355, "p10_ms": 0.35737600922584534, "p90_ms": 0.36774399876594543}, "case": 6, "decision": {"reason": "environment_override", "value_slice": 128}, "eager": {"count": 60, "median_ms": 0.3568960130214691, "p10_ms": 0.3548479974269867, "p90_ms": 0.38355201482772827}, "graph": {"count": 60, "median_ms": 0.35177600383758545, "p10_ms": 0.3505280017852783, "p90_ms": 0.37510401010513306}, "kind": "performance", "name": "v128", "repeat": 0, "shape": {"batch": 1, "fp32": false, "gate": null, "heads": 12, "lengths": null, "state_mode": "none", "tokens": 2048}, "wall_sync": {"count": 20, "median_ms": 0.366022, "p10_ms": 0.364157, "p90_ms": 0.390517}}
{"cache_perturbed": {"count": 30, "median_ms": 0.23710399866104126, "p10_ms": 0.23638400435447693, "p90_ms": 0.2407359927892685}, "case": 6, "decision": {"predicted_ms": {"16": 0.161239153, "32": 0.16542915800000002, "64": 0.178696517, "128": 0.214718326}, "reason": "calibrated_score_with_guard_band", "resident_blocks_per_sm": {"16": 4, "32": 4, "64": 3, "128": 2}, "reuse_footprint_bytes": 21331968, "reuse_over_l2": 0.16082015810276679, "value_slice": 16}, "eager": {"count": 60, "median_ms": 0.234047994017601, "p10_ms": 0.23107199370861053, "p90_ms": 0.23820799589157104}, "graph": {"count": 60, "median_ms": 0.22896000742912292, "p10_ms": 0.2280000001192093, "p90_ms": 0.233024001121521}, "kind": "performance", "name": "phase1_auto", "repeat": 0, "shape": {"batch": 1, "fp32": false, "gate": null, "heads": 12, "lengths": null, "state_mode": "none", "tokens": 2048}, "wall_sync": {"count": 20, "median_ms": 0.24910300000000002, "p10_ms": 0.244939, "p90_ms": 0.261788}}
{"cache_perturbed": {"count": 30, "median_ms": 0.2590720057487488, "p10_ms": 0.2568959891796112, "p90_ms": 0.2634879946708679}, "case": 6, "decision": {"predicted_ms": {"16": 0.161239153, "32": 0.16542915800000002, "64": 0.178696517, "128": 0.214718326}, "reason": "calibrated_score_with_guard_band", "resident_blocks_per_sm": {"16": 4, "32": 4, "64": 3, "128": 2}, "reuse_footprint_bytes": 21331968, "reuse_over_l2": 0.16082015810276679, "value_slice": 16}, "eager": {"count": 60, "median_ms": 0.2555999904870987, "p10_ms": 0.2524479925632477, "p90_ms": 0.2614080011844635}, "graph": {"count": 60, "median_ms": 0.25040000677108765, "p10_ms": 0.24934400618076324, "p90_ms": 0.2555199861526489}, "kind": "performance", "name": "p4_auto", "repeat": 0, "shape": {"batch": 1, "fp32": false, "gate": null, "heads": 12, "lengths": null, "state_mode": "none", "tokens": 2048}, "wall_sync": {"count": 20, "median_ms": 0.269838, "p10_ms": 0.265027, "p90_ms": 0.272897}}
{"cache_perturbed": {"count": 30, "median_ms": 0.3616959899663925, "p10_ms": 0.35731199383735657, "p90_ms": 0.36768001317977905}, "case": 6, "decision": {"reason": "environment_override", "value_slice": 128}, "eager": {"count": 60, "median_ms": 0.35681600868701935, "p10_ms": 0.3537279963493347, "p90_ms": 0.37836799025535583}, "graph": {"count": 60, "median_ms": 0.35177600383758545, "p10_ms": 0.3497599959373474, "p90_ms": 0.37433600425720215}, "kind": "performance", "name": "v128", "repeat": 1, "shape": {"batch": 1, "fp32": false, "gate": null, "heads": 12, "lengths": null, "state_mode": "none", "tokens": 2048}, "wall_sync": {"count": 20, "median_ms": 0.366172, "p10_ms": 0.365047, "p90_ms": 0.388097}}
{"cache_perturbed": {"count": 30, "median_ms": 0.2571839988231659, "p10_ms": 0.2568640112876892, "p90_ms": 0.26524800062179565}, "case": 6, "decision": {"predicted_ms": {"16": 0.161239153, "32": 0.16542915800000002, "64": 0.178696517, "128": 0.214718326}, "reason": "calibrated_score_with_guard_band", "resident_blocks_per_sm": {"16": 4, "32": 4, "64": 3, "128": 2}, "reuse_footprint_bytes": 21331968, "reuse_over_l2": 0.16082015810276679, "value_slice": 16}, "eager": {"count": 60, "median_ms": 0.25513599812984467, "p10_ms": 0.2524160146713257, "p90_ms": 0.2608320116996765}, "graph": {"count": 60, "median_ms": 0.25044800341129303, "p10_ms": 0.24928000569343567, "p90_ms": 0.2555519938468933}, "kind": "performance", "name": "p4_auto", "repeat": 1, "shape": {"batch": 1, "fp32": false, "gate": null, "heads": 12, "lengths": null, "state_mode": "none", "tokens": 2048}, "wall_sync": {"count": 20, "median_ms": 0.269613, "p10_ms": 0.264878, "p90_ms": 0.280828}}
{"cache_perturbed": {"count": 30, "median_ms": 0.23854400217533112, "p10_ms": 0.23651200532913208, "p90_ms": 0.2446720004081726}, "case": 6, "decision": {"predicted_ms": {"16": 0.161239153, "32": 0.16542915800000002, "64": 0.178696517, "128": 0.214718326}, "reason": "calibrated_score_with_guard_band", "resident_blocks_per_sm": {"16": 4, "32": 4, "64": 3, "128": 2}, "reuse_footprint_bytes": 21331968, "reuse_over_l2": 0.16082015810276679, "value_slice": 16}, "eager": {"count": 60, "median_ms": 0.2340639978647232, "p10_ms": 0.23081600666046143, "p90_ms": 0.23824000358581543}, "graph": {"count": 60, "median_ms": 0.22895999997854233, "p10_ms": 0.22870400547981262, "p90_ms": 0.2329919934272766}, "kind": "performance", "name": "phase1_auto", "repeat": 1, "shape": {"batch": 1, "fp32": false, "gate": null, "heads": 12, "lengths": null, "state_mode": "none", "tokens": 2048}, "wall_sync": {"count": 20, "median_ms": 0.24629800000000002, "p10_ms": 0.243398, "p90_ms": 0.253908}}
{"cache_perturbed": {"count": 30, "median_ms": 0.23662400245666504, "p10_ms": 0.23548799753189087, "p90_ms": 0.2407359927892685}, "case": 6, "decision": {"predicted_ms": {"16": 0.161239153, "32": 0.16542915800000002, "64": 0.178696517, "128": 0.214718326}, "reason": "calibrated_score_with_guard_band", "resident_blocks_per_sm": {"16": 4, "32": 4, "64": 3, "128": 2}, "reuse_footprint_bytes": 21331968, "reuse_over_l2": 0.16082015810276679, "value_slice": 16}, "eager": {"count": 60, "median_ms": 0.23401600122451782, "p10_ms": 0.23097600042819977, "p90_ms": 0.23907199501991272}, "graph": {"count": 60, "median_ms": 0.22892799973487854, "p10_ms": 0.22803199291229248, "p90_ms": 0.2329919934272766}, "kind": "performance", "name": "phase1_auto", "repeat": 2, "shape": {"batch": 1, "fp32": false, "gate": null, "heads": 12, "lengths": null, "state_mode": "none", "tokens": 2048}, "wall_sync": {"count": 20, "median_ms": 0.248283, "p10_ms": 0.244348, "p90_ms": 0.250908}}
{"cache_perturbed": {"count": 30, "median_ms": 0.258432000875473, "p10_ms": 0.2569279968738556, "p90_ms": 0.26316800713539124}, "case": 6, "decision": {"predicted_ms": {"16": 0.161239153, "32": 0.16542915800000002, "64": 0.178696517, "128": 0.214718326}, "reason": "calibrated_score_with_guard_band", "resident_blocks_per_sm": {"16": 4, "32": 4, "64": 3, "128": 2}, "reuse_footprint_bytes": 21331968, "reuse_over_l2": 0.16082015810276679, "value_slice": 16}, "eager": {"count": 60, "median_ms": 0.2545599937438965, "p10_ms": 0.25231999158859253, "p90_ms": 0.2608639895915985}, "graph": {"count": 60, "median_ms": 0.2494560033082962, "p10_ms": 0.24924799799919128, "p90_ms": 0.2555519938468933}, "kind": "performance", "name": "p4_auto", "repeat": 2, "shape": {"batch": 1, "fp32": false, "gate": null, "heads": 12, "lengths": null, "state_mode": "none", "tokens": 2048}, "wall_sync": {"count": 20, "median_ms": 0.268808, "p10_ms": 0.265767, "p90_ms": 0.273008}}
{"cache_perturbed": {"count": 30, "median_ms": 0.3594079911708832, "p10_ms": 0.3572799861431122, "p90_ms": 0.3758400082588196}, "case": 6, "decision": {"reason": "environment_override", "value_slice": 128}, "eager": {"count": 60, "median_ms": 0.3568960130214691, "p10_ms": 0.3537279963493347, "p90_ms": 0.37836799025535583}, "graph": {"count": 60, "median_ms": 0.35175999999046326, "p10_ms": 0.34966400265693665, "p90_ms": 0.3771519958972931}, "kind": "performance", "name": "v128", "repeat": 2, "shape": {"batch": 1, "fp32": false, "gate": null, "heads": 12, "lengths": null, "state_mode": "none", "tokens": 2048}, "wall_sync": {"count": 20, "median_ms": 0.3678375, "p10_ms": 0.364717, "p90_ms": 0.377597}}
{"case": 6, "kind": "post_correctness", "name": "p4_auto", "shape": {"batch": 1, "fp32": false, "gate": null, "heads": 12, "lengths": null, "state_mode": "none", "tokens": 2048}, "status": "PASS", "tensors": {"out": {"bitwise": true, "finite": true}}}
{"case": 6, "kind": "post_correctness", "name": "phase1_auto", "shape": {"batch": 1, "fp32": false, "gate": null, "heads": 12, "lengths": null, "state_mode": "none", "tokens": 2048}, "status": "PASS", "tensors": {"out": {"bitwise": true, "finite": true}}}
{"case": 6, "kind": "shape_complete", "shape": {"batch": 1, "fp32": false, "gate": null, "heads": 12, "lengths": null, "state_mode": "none", "tokens": 2048}}
{"case": 7, "kind": "graph_correctness", "name": "p4_auto", "shape": {"batch": 1, "fp32": false, "gate": null, "heads": 12, "lengths": [2048], "state_mode": "none", "tokens": 2048}, "status": "PASS", "tensors": {"out": {"bitwise": true, "finite": true}}}
{"case": 7, "kind": "graph_correctness", "name": "phase1_auto", "shape": {"batch": 1, "fp32": false, "gate": null, "heads": 12, "lengths": [2048], "state_mode": "none", "tokens": 2048}, "status": "PASS", "tensors": {"out": {"bitwise": true, "finite": true}}}
{"case": 7, "kind": "graph_correctness", "name": "v128", "shape": {"batch": 1, "fp32": false, "gate": null, "heads": 12, "lengths": [2048], "state_mode": "none", "tokens": 2048}, "status": "PASS", "tensors": {"out": {"bitwise": true, "finite": true}}}
{"cache_perturbed": {"count": 30, "median_ms": 0.36563199758529663, "p10_ms": 0.3614720106124878, "p90_ms": 0.3779839873313904}, "case": 7, "decision": {"reason": "environment_override", "value_slice": 128}, "eager": {"count": 60, "median_ms": 0.3609760105609894, "p10_ms": 0.35891199111938477, "p90_ms": 0.3731200098991394}, "graph": {"count": 60, "median_ms": 0.35385599732398987, "p10_ms": 0.35180801153182983, "p90_ms": 0.3630079925060272}, "kind": "performance", "name": "v128", "repeat": 0, "shape": {"batch": 1, "fp32": false, "gate": null, "heads": 12, "lengths": [2048], "state_mode": "none", "tokens": 2048}, "wall_sync": {"count": 20, "median_ms": 0.369077, "p10_ms": 0.366197, "p90_ms": 0.396276}}
{"cache_perturbed": {"count": 30, "median_ms": 0.2346239984035492, "p10_ms": 0.23257599771022797, "p90_ms": 0.23871999979019165}, "case": 7, "decision": {"predicted_ms": {"16": 0.161239153, "32": 0.16542915800000002, "64": 0.178696517, "128": 0.214718326}, "reason": "calibrated_score_with_guard_band", "resident_blocks_per_sm": {"16": 4, "32": 4, "64": 3, "128": 2}, "reuse_footprint_bytes": 21331968, "reuse_over_l2": 0.16082015810276679, "value_slice": 16}, "eager": {"count": 60, "median_ms": 0.23199999332427979, "p10_ms": 0.2287999987602234, "p90_ms": 0.2361920028924942}, "graph": {"count": 60, "median_ms": 0.2228960022330284, "p10_ms": 0.22252799570560455, "p90_ms": 0.22892799973487854}, "kind": "performance", "name": "phase1_auto", "repeat": 0, "shape": {"batch": 1, "fp32": false, "gate": null, "heads": 12, "lengths": [2048], "state_mode": "none", "tokens": 2048}, "wall_sync": {"count": 20, "median_ms": 0.24386249999999998, "p10_ms": 0.239538, "p90_ms": 0.251718}}
{"cache_perturbed": {"count": 30, "median_ms": 0.2632320076227188, "p10_ms": 0.2622720003128052, "p90_ms": 0.2694399952888489}, "case": 7, "decision": {"predicted_ms": {"16": 0.161239153, "32": 0.16542915800000002, "64": 0.178696517, "128": 0.214718326}, "reason": "calibrated_score_with_guard_band", "resident_blocks_per_sm": {"16": 4, "32": 4, "64": 3, "128": 2}, "reuse_footprint_bytes": 21331968, "reuse_over_l2": 0.16082015810276679, "value_slice": 16}, "eager": {"count": 60, "median_ms": 0.2635840028524399, "p10_ms": 0.2566080093383789, "p90_ms": 0.2710080146789551}, "graph": {"count": 60, "median_ms": 0.2545279860496521, "p10_ms": 0.2512960135936737, "p90_ms": 0.2637439966201782}, "kind": "performance", "name": "p4_auto", "repeat": 0, "shape": {"batch": 1, "fp32": false, "gate": null, "heads": 12, "lengths": [2048], "state_mode": "none", "tokens": 2048}, "wall_sync": {"count": 20, "median_ms": 0.27064750000000004, "p10_ms": 0.267867, "p90_ms": 0.276009}}
{"cache_perturbed": {"count": 30, "median_ms": 0.36801598966121674, "p10_ms": 0.3614400029182434, "p90_ms": 0.3717440068721771}, "case": 7, "decision": {"reason": "environment_override", "value_slice": 128}, "eager": {"count": 60, "median_ms": 0.360368013381958, "p10_ms": 0.35785600543022156, "p90_ms": 0.3823679983615875}, "graph": {"count": 60, "median_ms": 0.3538239896297455, "p10_ms": 0.35180801153182983, "p90_ms": 0.37651199102401733}, "kind": "performance", "name": "v128", "repeat": 1, "shape": {"batch": 1, "fp32": false, "gate": null, "heads": 12, "lengths": [2048], "state_mode": "none", "tokens": 2048}, "wall_sync": {"count": 20, "median_ms": 0.371887, "p10_ms": 0.368378, "p90_ms": 0.378098}}
{"cache_perturbed": {"count": 30, "median_ms": 0.2346080020070076, "p10_ms": 0.2325119972229004, "p90_ms": 0.2385919988155365}, "case": 7, "decision": {"predicted_ms": {"16": 0.161239153, "32": 0.16542915800000002, "64": 0.178696517, "128": 0.214718326}, "reason": "calibrated_score_with_guard_band", "resident_blocks_per_sm": {"16": 4, "32": 4, "64": 3, "128": 2}, "reuse_footprint_bytes": 21331968, "reuse_over_l2": 0.16082015810276679, "value_slice": 16}, "eager": {"count": 60, "median_ms": 0.23073600232601166, "p10_ms": 0.2287359982728958, "p90_ms": 0.23615999519824982}, "graph": {"count": 60, "median_ms": 0.22278399765491486, "p10_ms": 0.2226880043745041, "p90_ms": 0.22892799973487854}, "kind": "performance", "name": "phase1_auto", "repeat": 1, "shape": {"batch": 1, "fp32": false, "gate": null, "heads": 12, "lengths": [2048], "state_mode": "none", "tokens": 2048}, "wall_sync": {"count": 20, "median_ms": 0.24490299999999998, "p10_ms": 0.239818, "p90_ms": 0.248198}}
{"cache_perturbed": {"count": 30, "median_ms": 0.2633119970560074, "p10_ms": 0.2629440128803253, "p90_ms": 0.2694399952888489}, "case": 7, "decision": {"predicted_ms": {"16": 0.161239153, "32": 0.16542915800000002, "64": 0.178696517, "128": 0.214718326}, "reason": "calibrated_score_with_guard_band", "resident_blocks_per_sm": {"16": 4, "32": 4, "64": 3, "128": 2}, "reuse_footprint_bytes": 21331968, "reuse_over_l2": 0.16082015810276679, "value_slice": 16}, "eager": {"count": 60, "median_ms": 0.26070401072502136, "p10_ms": 0.2586880028247833, "p90_ms": 0.2648960053920746}, "graph": {"count": 60, "median_ms": 0.2535359859466553, "p10_ms": 0.2531200051307678, "p90_ms": 0.2595199942588806}, "kind": "performance", "name": "p4_auto", "repeat": 1, "shape": {"batch": 1, "fp32": false, "gate": null, "heads": 12, "lengths": [2048], "state_mode": "none", "tokens": 2048}, "wall_sync": {"count": 20, "median_ms": 0.271233, "p10_ms": 0.268737, "p90_ms": 0.275948}}
{"cache_perturbed": {"count": 30, "median_ms": 0.23555199801921844, "p10_ms": 0.23241600394248962, "p90_ms": 0.23868800699710846}, "case": 7, "decision": {"predicted_ms": {"16": 0.161239153, "32": 0.16542915800000002, "64": 0.178696517, "128": 0.214718326}, "reason": "calibrated_score_with_guard_band", "resident_blocks_per_sm": {"16": 4, "32": 4, "64": 3, "128": 2}, "reuse_footprint_bytes": 21331968, "reuse_over_l2": 0.16082015810276679, "value_slice": 16}, "eager": {"count": 60, "median_ms": 0.2319680005311966, "p10_ms": 0.2298240065574646, "p90_ms": 0.23606400191783905}, "graph": {"count": 60, "median_ms": 0.22278399765491486, "p10_ms": 0.2226880043745041, "p90_ms": 0.22892799973487854}, "kind": "performance", "name": "phase1_auto", "repeat": 2, "shape": {"batch": 1, "fp32": false, "gate": null, "heads": 12, "lengths": [2048], "state_mode": "none", "tokens": 2048}, "wall_sync": {"count": 20, "median_ms": 0.2420935, "p10_ms": 0.239258, "p90_ms": 0.247448}}
{"cache_perturbed": {"count": 30, "median_ms": 0.2633439898490906, "p10_ms": 0.2630400061607361, "p90_ms": 0.26815998554229736}, "case": 7, "decision": {"predicted_ms": {"16": 0.161239153, "32": 0.16542915800000002, "64": 0.178696517, "128": 0.214718326}, "reason": "calibrated_score_with_guard_band", "resident_blocks_per_sm": {"16": 4, "32": 4, "64": 3, "128": 2}, "reuse_footprint_bytes": 21331968, "reuse_over_l2": 0.16082015810276679, "value_slice": 16}, "eager": {"count": 60, "median_ms": 0.26075199246406555, "p10_ms": 0.25862398743629456, "p90_ms": 0.26476800441741943}, "graph": {"count": 60, "median_ms": 0.2535199970006943, "p10_ms": 0.25248000025749207, "p90_ms": 0.25945600867271423}, "kind": "performance", "name": "p4_auto", "repeat": 2, "shape": {"batch": 1, "fp32": false, "gate": null, "heads": 12, "lengths": [2048], "state_mode": "none", "tokens": 2048}, "wall_sync": {"count": 20, "median_ms": 0.2728575, "p10_ms": 0.268978, "p90_ms": 0.275718}}
{"cache_perturbed": {"count": 30, "median_ms": 0.36559998989105225, "p10_ms": 0.3614720106124878, "p90_ms": 0.3738879859447479}, "case": 7, "decision": {"reason": "environment_override", "value_slice": 128}, "eager": {"count": 60, "median_ms": 0.35943999886512756, "p10_ms": 0.35702401399612427, "p90_ms": 0.38707199692726135}, "graph": {"count": 60, "median_ms": 0.3537279963493347, "p10_ms": 0.35177600383758545, "p90_ms": 0.37827199697494507}, "kind": "performance", "name": "v128", "repeat": 2, "shape": {"batch": 1, "fp32": false, "gate": null, "heads": 12, "lengths": [2048], "state_mode": "none", "tokens": 2048}, "wall_sync": {"count": 20, "median_ms": 0.370347, "p10_ms": 0.367357, "p90_ms": 0.393707}}
{"case": 7, "kind": "post_correctness", "name": "p4_auto", "shape": {"batch": 1, "fp32": false, "gate": null, "heads": 12, "lengths": [2048], "state_mode": "none", "tokens": 2048}, "status": "PASS", "tensors": {"out": {"bitwise": true, "finite": true}}}
{"case": 7, "kind": "post_correctness", "name": "phase1_auto", "shape": {"batch": 1, "fp32": false, "gate": null, "heads": 12, "lengths": [2048], "state_mode": "none", "tokens": 2048}, "status": "PASS", "tensors": {"out": {"bitwise": true, "finite": true}}}
{"case": 7, "kind": "shape_complete", "shape": {"batch": 1, "fp32": false, "gate": null, "heads": 12, "lengths": [2048], "state_mode": "none", "tokens": 2048}}
{"case": 8, "kind": "graph_correctness", "name": "p4_auto", "shape": {"batch": 1, "fp32": false, "gate": null, "heads": 12, "lengths": null, "state_mode": "both", "tokens": 4096}, "status": "PASS", "tensors": {"final_state": {"bitwise": true, "finite": true}, "out": {"bitwise": true, "finite": true}}}
{"case": 8, "kind": "graph_correctness", "name": "phase1_auto", "shape": {"batch": 1, "fp32": false, "gate": null, "heads": 12, "lengths": null, "state_mode": "both", "tokens": 4096}, "status": "PASS", "tensors": {"final_state": {"bitwise": true, "finite": true}, "out": {"bitwise": true, "finite": true}}}
{"case": 8, "kind": "graph_correctness", "name": "v128", "shape": {"batch": 1, "fp32": false, "gate": null, "heads": 12, "lengths": null, "state_mode": "both", "tokens": 4096}, "status": "PASS", "tensors": {"final_state": {"bitwise": true, "finite": true}, "out": {"bitwise": true, "finite": true}}}
{"cache_perturbed": {"count": 30, "median_ms": 0.3861760050058365, "p10_ms": 0.3840000033378601, "p90_ms": 0.3933440148830414}, "case": 8, "decision": {"predicted_ms": {"16": 0.299137361, "32": 0.306526279, "64": 0.332568288, "128": 0.40464422899999997}, "reason": "calibrated_score_with_guard_band", "resident_blocks_per_sm": {"16": 4, "32": 4, "64": 3, "128": 2}, "reuse_footprint_bytes": 42663936, "reuse_over_l2": 0.32164031620553357, "value_slice": 16}, "eager": {"count": 60, "median_ms": 0.3876799941062927, "p10_ms": 0.3834559917449951, "p90_ms": 0.3938559889793396}, "graph": {"count": 60, "median_ms": 0.3819520026445389, "p10_ms": 0.38044801354408264, "p90_ms": 0.39875200390815735}, "kind": "performance", "name": "phase1_auto", "repeat": 0, "shape": {"batch": 1, "fp32": false, "gate": null, "heads": 12, "lengths": null, "state_mode": "both", "tokens": 4096}, "wall_sync": {"count": 20, "median_ms": 0.3975115, "p10_ms": 0.393936, "p90_ms": 0.405067}}
{"cache_perturbed": {"count": 30, "median_ms": 0.4116320013999939, "p10_ms": 0.4105600118637085, "p90_ms": 0.41891199350357056}, "case": 8, "decision": {"predicted_ms": {"16": 0.299137361, "32": 0.306526279, "64": 0.332568288, "128": 0.40464422899999997}, "reason": "calibrated_score_with_guard_band", "resident_blocks_per_sm": {"16": 4, "32": 4, "64": 3, "128": 2}, "reuse_footprint_bytes": 42663936, "reuse_over_l2": 0.32164031620553357, "value_slice": 16}, "eager": {"count": 60, "median_ms": 0.4111039936542511, "p10_ms": 0.40809598565101624, "p90_ms": 0.4203520119190216}, "graph": {"count": 60, "median_ms": 0.40855999290943146, "p10_ms": 0.4069119989871979, "p90_ms": 0.41631999611854553}, "kind": "performance", "name": "p4_auto", "repeat": 0, "shape": {"batch": 1, "fp32": false, "gate": null, "heads": 12, "lengths": null, "state_mode": "both", "tokens": 4096}, "wall_sync": {"count": 20, "median_ms": 0.4224175, "p10_ms": 0.420736, "p90_ms": 0.431486}}
{"cache_perturbed": {"count": 30, "median_ms": 0.6901600062847137, "p10_ms": 0.6829760074615479, "p90_ms": 0.7016000151634216}, "case": 8, "decision": {"reason": "environment_override", "value_slice": 128}, "eager": {"count": 60, "median_ms": 0.6882079839706421, "p10_ms": 0.6813439726829529, "p90_ms": 0.7009919881820679}, "graph": {"count": 60, "median_ms": 0.6815040111541748, "p10_ms": 0.6774399876594543, "p90_ms": 0.7051519751548767}, "kind": "performance", "name": "v128", "repeat": 0, "shape": {"batch": 1, "fp32": false, "gate": null, "heads": 12, "lengths": null, "state_mode": "both", "tokens": 4096}, "wall_sync": {"count": 20, "median_ms": 0.7010595, "p10_ms": 0.692444, "p90_ms": 0.711974}}
{"cache_perturbed": {"count": 30, "median_ms": 0.6865759789943695, "p10_ms": 0.6829760074615479, "p90_ms": 0.7014399766921997}, "case": 8, "decision": {"reason": "environment_override", "value_slice": 128}, "eager": {"count": 60, "median_ms": 0.6860800087451935, "p10_ms": 0.6814079880714417, "p90_ms": 0.7061120271682739}, "graph": {"count": 60, "median_ms": 0.6816000044345856, "p10_ms": 0.6783679723739624, "p90_ms": 0.7014719843864441}, "kind": "performance", "name": "v128", "repeat": 1, "shape": {"batch": 1, "fp32": false, "gate": null, "heads": 12, "lengths": null, "state_mode": "both", "tokens": 4096}, "wall_sync": {"count": 20, "median_ms": 0.6952499999999999, "p10_ms": 0.692434, "p90_ms": 0.716794}}
{"cache_perturbed": {"count": 30, "median_ms": 0.38624000549316406, "p10_ms": 0.3840000033378601, "p90_ms": 0.3922879993915558}, "case": 8, "decision": {"predicted_ms": {"16": 0.299137361, "32": 0.306526279, "64": 0.332568288, "128": 0.40464422899999997}, "reason": "calibrated_score_with_guard_band", "resident_blocks_per_sm": {"16": 4, "32": 4, "64": 3, "128": 2}, "reuse_footprint_bytes": 42663936, "reuse_over_l2": 0.32164031620553357, "value_slice": 16}, "eager": {"count": 60, "median_ms": 0.3855839967727661, "p10_ms": 0.3815680146217346, "p90_ms": 0.3938240110874176}, "graph": {"count": 60, "median_ms": 0.3824959993362427, "p10_ms": 0.38041600584983826, "p90_ms": 0.3906559944152832}, "kind": "performance", "name": "phase1_auto", "repeat": 1, "shape": {"batch": 1, "fp32": false, "gate": null, "heads": 12, "lengths": null, "state_mode": "both", "tokens": 4096}, "wall_sync": {"count": 20, "median_ms": 0.3989575, "p10_ms": 0.395167, "p90_ms": 0.405666}}
{"cache_perturbed": {"count": 30, "median_ms": 0.4107680022716522, "p10_ms": 0.4102720022201538, "p90_ms": 0.4208320081233978}, "case": 8, "decision": {"predicted_ms": {"16": 0.299137361, "32": 0.306526279, "64": 0.332568288, "128": 0.40464422899999997}, "reason": "calibrated_score_with_guard_band", "resident_blocks_per_sm": {"16": 4, "32": 4, "64": 3, "128": 2}, "reuse_footprint_bytes": 42663936, "reuse_over_l2": 0.32164031620553357, "value_slice": 16}, "eager": {"count": 60, "median_ms": 0.4121759980916977, "p10_ms": 0.4081279933452606, "p90_ms": 0.4205760061740875}, "graph": {"count": 60, "median_ms": 0.40727999806404114, "p10_ms": 0.4067839980125427, "p90_ms": 0.417248010635376}, "kind": "performance", "name": "p4_auto", "repeat": 1, "shape": {"batch": 1, "fp32": false, "gate": null, "heads": 12, "lengths": null, "state_mode": "both", "tokens": 4096}, "wall_sync": {"count": 20, "median_ms": 0.42276250000000004, "p10_ms": 0.420277, "p90_ms": 0.431036}}
{"cache_perturbed": {"count": 30, "median_ms": 0.41887998580932617, "p10_ms": 0.4105919897556305, "p90_ms": 0.4208639860153198}, "case": 8, "decision": {"predicted_ms": {"16": 0.299137361, "32": 0.306526279, "64": 0.332568288, "128": 0.40464422899999997}, "reason": "calibrated_score_with_guard_band", "resident_blocks_per_sm": {"16": 4, "32": 4, "64": 3, "128": 2}, "reuse_footprint_bytes": 42663936, "reuse_over_l2": 0.32164031620553357, "value_slice": 16}, "eager": {"count": 60, "median_ms": 0.4121919870376587, "p10_ms": 0.40809598565101624, "p90_ms": 0.4196160137653351}, "graph": {"count": 60, "median_ms": 0.41118399798870087, "p10_ms": 0.40700799226760864, "p90_ms": 0.41734400391578674}, "kind": "performance", "name": "p4_auto", "repeat": 2, "shape": {"batch": 1, "fp32": false, "gate": null, "heads": 12, "lengths": null, "state_mode": "both", "tokens": 4096}, "wall_sync": {"count": 20, "median_ms": 0.4219465, "p10_ms": 0.420616, "p90_ms": 0.430806}}
{"cache_perturbed": {"count": 30, "median_ms": 0.6891039907932281, "p10_ms": 0.683135986328125, "p90_ms": 0.701632022857666}, "case": 8, "decision": {"reason": "environment_override", "value_slice": 128}, "eager": {"count": 60, "median_ms": 0.6866079866886139, "p10_ms": 0.6825600266456604, "p90_ms": 0.7068480253219604}, "graph": {"count": 60, "median_ms": 0.681520015001297, "p10_ms": 0.6793280243873596, "p90_ms": 0.6980800032615662}, "kind": "performance", "name": "v128", "repeat": 2, "shape": {"batch": 1, "fp32": false, "gate": null, "heads": 12, "lengths": null, "state_mode": "both", "tokens": 4096}, "wall_sync": {"count": 20, "median_ms": 0.700979, "p10_ms": 0.693324, "p90_ms": 0.711964}}
{"cache_perturbed": {"count": 30, "median_ms": 0.3861120045185089, "p10_ms": 0.3839679956436157, "p90_ms": 0.39423999190330505}, "case": 8, "decision": {"predicted_ms": {"16": 0.299137361, "32": 0.306526279, "64": 0.332568288, "128": 0.40464422899999997}, "reason": "calibrated_score_with_guard_band", "resident_blocks_per_sm": {"16": 4, "32": 4, "64": 3, "128": 2}, "reuse_footprint_bytes": 42663936, "reuse_over_l2": 0.32164031620553357, "value_slice": 16}, "eager": {"count": 60, "median_ms": 0.3855679929256439, "p10_ms": 0.3834559917449951, "p90_ms": 0.39375999569892883}, "graph": {"count": 60, "median_ms": 0.3824160099029541, "p10_ms": 0.38044801354408264, "p90_ms": 0.38969600200653076}, "kind": "performance", "name": "phase1_auto", "repeat": 2, "shape": {"batch": 1, "fp32": false, "gate": null, "heads": 12, "lengths": null, "state_mode": "both", "tokens": 4096}, "wall_sync": {"count": 20, "median_ms": 0.39651250000000005, "p10_ms": 0.395077, "p90_ms": 0.405216}}
{"case": 8, "kind": "post_correctness", "name": "p4_auto", "shape": {"batch": 1, "fp32": false, "gate": null, "heads": 12, "lengths": null, "state_mode": "both", "tokens": 4096}, "status": "PASS", "tensors": {"final_state": {"bitwise": true, "finite": true}, "out": {"bitwise": true, "finite": true}}}
{"case": 8, "kind": "post_correctness", "name": "phase1_auto", "shape": {"batch": 1, "fp32": false, "gate": null, "heads": 12, "lengths": null, "state_mode": "both", "tokens": 4096}, "status": "PASS", "tensors": {"final_state": {"bitwise": true, "finite": true}, "out": {"bitwise": true, "finite": true}}}
{"case": 8, "kind": "shape_complete", "shape": {"batch": 1, "fp32": false, "gate": null, "heads": 12, "lengths": null, "state_mode": "both", "tokens": 4096}}
{"case": 9, "kind": "graph_correctness", "name": "p4_auto", "shape": {"batch": 1, "fp32": false, "gate": null, "heads": 12, "lengths": [4096], "state_mode": "both", "tokens": 4096}, "status": "PASS", "tensors": {"final_state": {"bitwise": true, "finite": true}, "out": {"bitwise": true, "finite": true}}}
{"case": 9, "kind": "graph_correctness", "name": "phase1_auto", "shape": {"batch": 1, "fp32": false, "gate": null, "heads": 12, "lengths": [4096], "state_mode": "both", "tokens": 4096}, "status": "PASS", "tensors": {"final_state": {"bitwise": true, "finite": true}, "out": {"bitwise": true, "finite": true}}}
{"case": 9, "kind": "graph_correctness", "name": "v128", "shape": {"batch": 1, "fp32": false, "gate": null, "heads": 12, "lengths": [4096], "state_mode": "both", "tokens": 4096}, "status": "PASS", "tensors": {"final_state": {"bitwise": true, "finite": true}, "out": {"bitwise": true, "finite": true}}}
{"cache_perturbed": {"count": 30, "median_ms": 0.4193760007619858, "p10_ms": 0.41465601325035095, "p90_ms": 0.42505601048469543}, "case": 9, "decision": {"predicted_ms": {"16": 0.299137361, "32": 0.306526279, "64": 0.332568288, "128": 0.40464422899999997}, "reason": "calibrated_score_with_guard_band", "resident_blocks_per_sm": {"16": 4, "32": 4, "64": 3, "128": 2}, "reuse_footprint_bytes": 42663936, "reuse_over_l2": 0.32164031620553357, "value_slice": 16}, "eager": {"count": 60, "median_ms": 0.41627199947834015, "p10_ms": 0.41411200165748596, "p90_ms": 0.42480000853538513}, "graph": {"count": 60, "median_ms": 0.4092319905757904, "p10_ms": 0.4081279933452606, "p90_ms": 0.419295996427536}, "kind": "performance", "name": "p4_auto", "repeat": 0, "shape": {"batch": 1, "fp32": false, "gate": null, "heads": 12, "lengths": [4096], "state_mode": "both", "tokens": 4096}, "wall_sync": {"count": 20, "median_ms": 0.427057, "p10_ms": 0.424186, "p90_ms": 0.435086}}
{"cache_perturbed": {"count": 30, "median_ms": 0.692192018032074, "p10_ms": 0.6850559711456299, "p90_ms": 0.707647979259491}, "case": 9, "decision": {"reason": "environment_override", "value_slice": 128}, "eager": {"count": 60, "median_ms": 0.6886560022830963, "p10_ms": 0.6856319904327393, "p90_ms": 0.7173119783401489}, "graph": {"count": 60, "median_ms": 0.6834720075130463, "p10_ms": 0.6794559955596924, "p90_ms": 0.7019839882850647}, "kind": "performance", "name": "v128", "repeat": 0, "shape": {"batch": 1, "fp32": false, "gate": null, "heads": 12, "lengths": [4096], "state_mode": "both", "tokens": 4096}, "wall_sync": {"count": 20, "median_ms": 0.69938, "p10_ms": 0.696505, "p90_ms": 0.732004}}
{"cache_perturbed": {"count": 30, "median_ms": 0.39214399456977844, "p10_ms": 0.38998401165008545, "p90_ms": 0.3984319865703583}, "case": 9, "decision": {"predicted_ms": {"16": 0.299137361, "32": 0.306526279, "64": 0.332568288, "128": 0.40464422899999997}, "reason": "calibrated_score_with_guard_band", "resident_blocks_per_sm": {"16": 4, "32": 4, "64": 3, "128": 2}, "reuse_footprint_bytes": 42663936, "reuse_over_l2": 0.32164031620553357, "value_slice": 16}, "eager": {"count": 60, "median_ms": 0.3898079991340637, "p10_ms": 0.38761600852012634, "p90_ms": 0.3998720049858093}, "graph": {"count": 60, "median_ms": 0.3845919966697693, "p10_ms": 0.38256001472473145, "p90_ms": 0.39292800426483154}, "kind": "performance", "name": "phase1_auto", "repeat": 0, "shape": {"batch": 1, "fp32": false, "gate": null, "heads": 12, "lengths": [4096], "state_mode": "both", "tokens": 4096}, "wall_sync": {"count": 20, "median_ms": 0.4010475, "p10_ms": 0.398807, "p90_ms": 0.408527}}
{"cache_perturbed": {"count": 30, "median_ms": 0.4167200028896332, "p10_ms": 0.4145280122756958, "p90_ms": 0.42467200756073}, "case": 9, "decision": {"predicted_ms": {"16": 0.299137361, "32": 0.306526279, "64": 0.332568288, "128": 0.40464422899999997}, "reason": "calibrated_score_with_guard_band", "resident_blocks_per_sm": {"16": 4, "32": 4, "64": 3, "128": 2}, "reuse_footprint_bytes": 42663936, "reuse_over_l2": 0.32164031620553357, "value_slice": 16}, "eager": {"count": 60, "median_ms": 0.4183039963245392, "p10_ms": 0.41225600242614746, "p90_ms": 0.43251198530197144}, "graph": {"count": 60, "median_ms": 0.40911999344825745, "p10_ms": 0.407039999961853, "p90_ms": 0.41942399740219116}, "kind": "performance", "name": "p4_auto", "repeat": 1, "shape": {"batch": 1, "fp32": false, "gate": null, "heads": 12, "lengths": [4096], "state_mode": "both", "tokens": 4096}, "wall_sync": {"count": 20, "median_ms": 0.434817, "p10_ms": 0.424617, "p90_ms": 0.436746}}
{"cache_perturbed": {"count": 30, "median_ms": 0.6893439888954163, "p10_ms": 0.6870080232620239, "p90_ms": 0.7095360159873962}, "case": 9, "decision": {"reason": "environment_override", "value_slice": 128}, "eager": {"count": 60, "median_ms": 0.6948319971561432, "p10_ms": 0.6865599751472473, "p90_ms": 0.7072960138320923}, "graph": {"count": 60, "median_ms": 0.6839999854564667, "p10_ms": 0.6804800033569336, "p90_ms": 0.7091839909553528}, "kind": "performance", "name": "v128", "repeat": 1, "shape": {"batch": 1, "fp32": false, "gate": null, "heads": 12, "lengths": [4096], "state_mode": "both", "tokens": 4096}, "wall_sync": {"count": 20, "median_ms": 0.69979, "p10_ms": 0.696194, "p90_ms": 0.723915}}
{"cache_perturbed": {"count": 30, "median_ms": 0.39081600308418274, "p10_ms": 0.38921600580215454, "p90_ms": 0.40057599544525146}, "case": 9, "decision": {"predicted_ms": {"16": 0.299137361, "32": 0.306526279, "64": 0.332568288, "128": 0.40464422899999997}, "reason": "calibrated_score_with_guard_band", "resident_blocks_per_sm": {"16": 4, "32": 4, "64": 3, "128": 2}, "reuse_footprint_bytes": 42663936, "reuse_over_l2": 0.32164031620553357, "value_slice": 16}, "eager": {"count": 60, "median_ms": 0.3917279988527298, "p10_ms": 0.3875519931316376, "p90_ms": 0.400191992521286}, "graph": {"count": 60, "median_ms": 0.3845759928226471, "p10_ms": 0.3824959993362427, "p90_ms": 0.39372798800468445}, "kind": "performance", "name": "phase1_auto", "repeat": 1, "shape": {"batch": 1, "fp32": false, "gate": null, "heads": 12, "lengths": [4096], "state_mode": "both", "tokens": 4096}, "wall_sync": {"count": 20, "median_ms": 0.4065115, "p10_ms": 0.398657, "p90_ms": 0.409607}}
{"cache_perturbed": {"count": 30, "median_ms": 0.41668801009655, "p10_ms": 0.41465601325035095, "p90_ms": 0.42499199509620667}, "case": 9, "decision": {"predicted_ms": {"16": 0.299137361, "32": 0.306526279, "64": 0.332568288, "128": 0.40464422899999997}, "reason": "calibrated_score_with_guard_band", "resident_blocks_per_sm": {"16": 4, "32": 4, "64": 3, "128": 2}, "reuse_footprint_bytes": 42663936, "reuse_over_l2": 0.32164031620553357, "value_slice": 16}, "eager": {"count": 60, "median_ms": 0.4163679927587509, "p10_ms": 0.4140479862689972, "p90_ms": 0.4244160056114197}, "graph": {"count": 60, "median_ms": 0.41017600893974304, "p10_ms": 0.40905600786209106, "p90_ms": 0.419295996427536}, "kind": "performance", "name": "p4_auto", "repeat": 2, "shape": {"batch": 1, "fp32": false, "gate": null, "heads": 12, "lengths": [4096], "state_mode": "both", "tokens": 4096}, "wall_sync": {"count": 20, "median_ms": 0.427372, "p10_ms": 0.423006, "p90_ms": 0.437667}}
{"cache_perturbed": {"count": 30, "median_ms": 0.39366400241851807, "p10_ms": 0.38918399810791016, "p90_ms": 0.3986879885196686}, "case": 9, "decision": {"predicted_ms": {"16": 0.299137361, "32": 0.306526279, "64": 0.332568288, "128": 0.40464422899999997}, "reason": "calibrated_score_with_guard_band", "resident_blocks_per_sm": {"16": 4, "32": 4, "64": 3, "128": 2}, "reuse_footprint_bytes": 42663936, "reuse_over_l2": 0.32164031620553357, "value_slice": 16}, "eager": {"count": 60, "median_ms": 0.3903359919786453, "p10_ms": 0.38761600852012634, "p90_ms": 0.39980798959732056}, "graph": {"count": 60, "median_ms": 0.38654400408267975, "p10_ms": 0.3824639916419983, "p90_ms": 0.40089601278305054}, "kind": "performance", "name": "phase1_auto", "repeat": 2, "shape": {"batch": 1, "fp32": false, "gate": null, "heads": 12, "lengths": [4096], "state_mode": "both", "tokens": 4096}, "wall_sync": {"count": 20, "median_ms": 0.40532650000000003, "p10_ms": 0.398658, "p90_ms": 0.413148}}
{"cache_perturbed": {"count": 30, "median_ms": 0.6922399997711182, "p10_ms": 0.6870399713516235, "p90_ms": 0.7055040001869202}, "case": 9, "decision": {"reason": "environment_override", "value_slice": 128}, "eager": {"count": 60, "median_ms": 0.6900800168514252, "p10_ms": 0.6864960193634033, "p90_ms": 0.7070720195770264}, "graph": {"count": 60, "median_ms": 0.6840640008449554, "p10_ms": 0.6814720034599304, "p90_ms": 0.6999040246009827}, "kind": "performance", "name": "v128", "repeat": 2, "shape": {"batch": 1, "fp32": false, "gate": null, "heads": 12, "lengths": [4096], "state_mode": "both", "tokens": 4096}, "wall_sync": {"count": 20, "median_ms": 0.699515, "p10_ms": 0.695274, "p90_ms": 0.723913}}
{"case": 9, "kind": "post_correctness", "name": "p4_auto", "shape": {"batch": 1, "fp32": false, "gate": null, "heads": 12, "lengths": [4096], "state_mode": "both", "tokens": 4096}, "status": "PASS", "tensors": {"final_state": {"bitwise": true, "finite": true}, "out": {"bitwise": true, "finite": true}}}
{"case": 9, "kind": "post_correctness", "name": "phase1_auto", "shape": {"batch": 1, "fp32": false, "gate": null, "heads": 12, "lengths": [4096], "state_mode": "both", "tokens": 4096}, "status": "PASS", "tensors": {"final_state": {"bitwise": true, "finite": true}, "out": {"bitwise": true, "finite": true}}}
{"case": 9, "kind": "shape_complete", "shape": {"batch": 1, "fp32": false, "gate": null, "heads": 12, "lengths": [4096], "state_mode": "both", "tokens": 4096}}
{"case": 10, "kind": "graph_correctness", "name": "p4_auto", "shape": {"batch": 1, "fp32": false, "gate": null, "heads": 12, "lengths": null, "state_mode": "in", "tokens": 4096}, "status": "PASS", "tensors": {"out": {"bitwise": true, "finite": true}}}
{"case": 10, "kind": "graph_correctness", "name": "phase1_auto", "shape": {"batch": 1, "fp32": false, "gate": null, "heads": 12, "lengths": null, "state_mode": "in", "tokens": 4096}, "status": "PASS", "tensors": {"out": {"bitwise": true, "finite": true}}}
{"case": 10, "kind": "graph_correctness", "name": "v128", "shape": {"batch": 1, "fp32": false, "gate": null, "heads": 12, "lengths": null, "state_mode": "in", "tokens": 4096}, "status": "PASS", "tensors": {"out": {"bitwise": true, "finite": true}}}
{"cache_perturbed": {"count": 30, "median_ms": 0.3860799968242645, "p10_ms": 0.385888010263443, "p90_ms": 0.3930560052394867}, "case": 10, "decision": {"predicted_ms": {"16": 0.299137361, "32": 0.306526279, "64": 0.332568288, "128": 0.40464422899999997}, "reason": "calibrated_score_with_guard_band", "resident_blocks_per_sm": {"16": 4, "32": 4, "64": 3, "128": 2}, "reuse_footprint_bytes": 42663936, "reuse_over_l2": 0.32164031620553357, "value_slice": 16}, "eager": {"count": 60, "median_ms": 0.38598400354385376, "p10_ms": 0.38329601287841797, "p90_ms": 0.39366400241851807}, "graph": {"count": 60, "median_ms": 0.3824799954891205, "p10_ms": 0.38047999143600464, "p90_ms": 0.3906880021095276}, "kind": "performance", "name": "phase1_auto", "repeat": 0, "shape": {"batch": 1, "fp32": false, "gate": null, "heads": 12, "lengths": null, "state_mode": "in", "tokens": 4096}, "wall_sync": {"count": 20, "median_ms": 0.3970515, "p10_ms": 0.395237, "p90_ms": 0.405447}}
{"cache_perturbed": {"count": 30, "median_ms": 0.6851359903812408, "p10_ms": 0.680895984172821, "p90_ms": 0.7056959867477417}, "case": 10, "decision": {"reason": "environment_override", "value_slice": 128}, "eager": {"count": 60, "median_ms": 0.6825440227985382, "p10_ms": 0.6784639954566956, "p90_ms": 0.6976320147514343}, "graph": {"count": 60, "median_ms": 0.6806560158729553, "p10_ms": 0.6753600239753723, "p90_ms": 0.7020159959793091}, "kind": "performance", "name": "v128", "repeat": 0, "shape": {"batch": 1, "fp32": false, "gate": null, "heads": 12, "lengths": null, "state_mode": "in", "tokens": 4096}, "wall_sync": {"count": 20, "median_ms": 0.6947245, "p10_ms": 0.689095, "p90_ms": 0.707714}}
{"cache_perturbed": {"count": 30, "median_ms": 0.4116480052471161, "p10_ms": 0.40796801447868347, "p90_ms": 0.41868799924850464}, "case": 10, "decision": {"predicted_ms": {"16": 0.299137361, "32": 0.306526279, "64": 0.332568288, "128": 0.40464422899999997}, "reason": "calibrated_score_with_guard_band", "resident_blocks_per_sm": {"16": 4, "32": 4, "64": 3, "128": 2}, "reuse_footprint_bytes": 42663936, "reuse_over_l2": 0.32164031620553357, "value_slice": 16}, "eager": {"count": 60, "median_ms": 0.4100320041179657, "p10_ms": 0.4060159921646118, "p90_ms": 0.4182400107383728}, "graph": {"count": 60, "median_ms": 0.4051840007305145, "p10_ms": 0.40374401211738586, "p90_ms": 0.41523200273513794}, "kind": "performance", "name": "p4_auto", "repeat": 0, "shape": {"batch": 1, "fp32": false, "gate": null, "heads": 12, "lengths": null, "state_mode": "in", "tokens": 4096}, "wall_sync": {"count": 20, "median_ms": 0.42163700000000004, "p10_ms": 0.418297, "p90_ms": 0.431527}}
{"cache_perturbed": {"count": 30, "median_ms": 0.38710400462150574, "p10_ms": 0.3850559890270233, "p90_ms": 0.40243199467658997}, "case": 10, "decision": {"predicted_ms": {"16": 0.299137361, "32": 0.306526279, "64": 0.332568288, "128": 0.40464422899999997}, "reason": "calibrated_score_with_guard_band", "resident_blocks_per_sm": {"16": 4, "32": 4, "64": 3, "128": 2}, "reuse_footprint_bytes": 42663936, "reuse_over_l2": 0.32164031620553357, "value_slice": 16}, "eager": {"count": 60, "median_ms": 0.38646399974823, "p10_ms": 0.38256001472473145, "p90_ms": 0.39369601011276245}, "graph": {"count": 60, "median_ms": 0.38256001472473145, "p10_ms": 0.38041600584983826, "p90_ms": 0.3906880021095276}, "kind": "performance", "name": "phase1_auto", "repeat": 1, "shape": {"batch": 1, "fp32": false, "gate": null, "heads": 12, "lengths": null, "state_mode": "in", "tokens": 4096}, "wall_sync": {"count": 20, "median_ms": 0.3978625, "p10_ms": 0.394656, "p90_ms": 0.406087}}
{"cache_perturbed": {"count": 30, "median_ms": 0.6852160096168518, "p10_ms": 0.6789439916610718, "p90_ms": 0.6974719762802124}, "case": 10, "decision": {"reason": "environment_override", "value_slice": 128}, "eager": {"count": 60, "median_ms": 0.6824960112571716, "p10_ms": 0.6783999800682068, "p90_ms": 0.7100800275802612}, "graph": {"count": 60, "median_ms": 0.6809919774532318, "p10_ms": 0.6764479875564575, "p90_ms": 0.6939200162887573}, "kind": "performance", "name": "v128", "repeat": 1, "shape": {"batch": 1, "fp32": false, "gate": null, "heads": 12, "lengths": null, "state_mode": "in", "tokens": 4096}, "wall_sync": {"count": 20, "median_ms": 0.6970405, "p10_ms": 0.688976, "p90_ms": 0.710495}}
{"cache_perturbed": {"count": 30, "median_ms": 0.41016000509262085, "p10_ms": 0.4084799885749817, "p90_ms": 0.4188160002231598}, "case": 10, "decision": {"predicted_ms": {"16": 0.299137361, "32": 0.306526279, "64": 0.332568288, "128": 0.40464422899999997}, "reason": "calibrated_score_with_guard_band", "resident_blocks_per_sm": {"16": 4, "32": 4, "64": 3, "128": 2}, "reuse_footprint_bytes": 42663936, "reuse_over_l2": 0.32164031620553357, "value_slice": 16}, "eager": {"count": 60, "median_ms": 0.4081920087337494, "p10_ms": 0.4060159921646118, "p90_ms": 0.4171839952468872}, "graph": {"count": 60, "median_ms": 0.40512000024318695, "p10_ms": 0.4042240083217621, "p90_ms": 0.4214400053024292}, "kind": "performance", "name": "p4_auto", "repeat": 1, "shape": {"batch": 1, "fp32": false, "gate": null, "heads": 12, "lengths": null, "state_mode": "in", "tokens": 4096}, "wall_sync": {"count": 20, "median_ms": 0.42356150000000004, "p10_ms": 0.419067, "p90_ms": 0.428987}}
{"cache_perturbed": {"count": 30, "median_ms": 0.409264013171196, "p10_ms": 0.4084799885749817, "p90_ms": 0.4187520146369934}, "case": 10, "decision": {"predicted_ms": {"16": 0.299137361, "32": 0.306526279, "64": 0.332568288, "128": 0.40464422899999997}, "reason": "calibrated_score_with_guard_band", "resident_blocks_per_sm": {"16": 4, "32": 4, "64": 3, "128": 2}, "reuse_footprint_bytes": 42663936, "reuse_over_l2": 0.32164031620553357, "value_slice": 16}, "eager": {"count": 60, "median_ms": 0.41072000563144684, "p10_ms": 0.4060800075531006, "p90_ms": 0.4184640049934387}, "graph": {"count": 60, "median_ms": 0.40508799254894257, "p10_ms": 0.40400001406669617, "p90_ms": 0.4152959883213043}, "kind": "performance", "name": "p4_auto", "repeat": 2, "shape": {"batch": 1, "fp32": false, "gate": null, "heads": 12, "lengths": null, "state_mode": "in", "tokens": 4096}, "wall_sync": {"count": 20, "median_ms": 0.422407, "p10_ms": 0.418706, "p90_ms": 0.430167}}
{"cache_perturbed": {"count": 30, "median_ms": 0.6901279985904694, "p10_ms": 0.6787199974060059, "p90_ms": 0.7095999717712402}, "case": 10, "decision": {"reason": "environment_override", "value_slice": 128}, "eager": {"count": 60, "median_ms": 0.6825119853019714, "p10_ms": 0.6765440106391907, "p90_ms": 0.7038080096244812}, "graph": {"count": 60, "median_ms": 0.6794559955596924, "p10_ms": 0.6753600239753723, "p90_ms": 0.7061120271682739}, "kind": "performance", "name": "v128", "repeat": 2, "shape": {"batch": 1, "fp32": false, "gate": null, "heads": 12, "lengths": null, "state_mode": "in", "tokens": 4096}, "wall_sync": {"count": 20, "median_ms": 0.6989045, "p10_ms": 0.689365, "p90_ms": 0.715125}}
{"cache_perturbed": {"count": 30, "median_ms": 0.38606399297714233, "p10_ms": 0.3840959966182709, "p90_ms": 0.39417600631713867}, "case": 10, "decision": {"predicted_ms": {"16": 0.299137361, "32": 0.306526279, "64": 0.332568288, "128": 0.40464422899999997}, "reason": "calibrated_score_with_guard_band", "resident_blocks_per_sm": {"16": 4, "32": 4, "64": 3, "128": 2}, "reuse_footprint_bytes": 42663936, "reuse_over_l2": 0.32164031620553357, "value_slice": 16}, "eager": {"count": 60, "median_ms": 0.3856640011072159, "p10_ms": 0.3824959993362427, "p90_ms": 0.39292800426483154}, "graph": {"count": 60, "median_ms": 0.38251200318336487, "p10_ms": 0.38044801354408264, "p90_ms": 0.3906880021095276}, "kind": "performance", "name": "phase1_auto", "repeat": 2, "shape": {"batch": 1, "fp32": false, "gate": null, "heads": 12, "lengths": null, "state_mode": "in", "tokens": 4096}, "wall_sync": {"count": 20, "median_ms": 0.396401, "p10_ms": 0.394496, "p90_ms": 0.403827}}
{"case": 10, "kind": "post_correctness", "name": "p4_auto", "shape": {"batch": 1, "fp32": false, "gate": null, "heads": 12, "lengths": null, "state_mode": "in", "tokens": 4096}, "status": "PASS", "tensors": {"out": {"bitwise": true, "finite": true}}}
{"case": 10, "kind": "post_correctness", "name": "phase1_auto", "shape": {"batch": 1, "fp32": false, "gate": null, "heads": 12, "lengths": null, "state_mode": "in", "tokens": 4096}, "status": "PASS", "tensors": {"out": {"bitwise": true, "finite": true}}}
{"case": 10, "kind": "shape_complete", "shape": {"batch": 1, "fp32": false, "gate": null, "heads": 12, "lengths": null, "state_mode": "in", "tokens": 4096}}
{"case": 11, "kind": "graph_correctness", "name": "p4_auto", "shape": {"batch": 1, "fp32": false, "gate": null, "heads": 12, "lengths": [4096], "state_mode": "in", "tokens": 4096}, "status": "PASS", "tensors": {"out": {"bitwise": true, "finite": true}}}
{"case": 11, "kind": "graph_correctness", "name": "phase1_auto", "shape": {"batch": 1, "fp32": false, "gate": null, "heads": 12, "lengths": [4096], "state_mode": "in", "tokens": 4096}, "status": "PASS", "tensors": {"out": {"bitwise": true, "finite": true}}}
{"case": 11, "kind": "graph_correctness", "name": "v128", "shape": {"batch": 1, "fp32": false, "gate": null, "heads": 12, "lengths": [4096], "state_mode": "in", "tokens": 4096}, "status": "PASS", "tensors": {"out": {"bitwise": true, "finite": true}}}
{"cache_perturbed": {"count": 30, "median_ms": 0.6938399970531464, "p10_ms": 0.6871359944343567, "p90_ms": 0.7057279944419861}, "case": 11, "decision": {"reason": "environment_override", "value_slice": 128}, "eager": {"count": 60, "median_ms": 0.6930080056190491, "p10_ms": 0.6825600266456604, "p90_ms": 0.7131199836730957}, "graph": {"count": 60, "median_ms": 0.6866239905357361, "p10_ms": 0.6793280243873596, "p90_ms": 0.7071359753608704}, "kind": "performance", "name": "v128", "repeat": 0, "shape": {"batch": 1, "fp32": false, "gate": null, "heads": 12, "lengths": [4096], "state_mode": "in", "tokens": 4096}, "wall_sync": {"count": 20, "median_ms": 0.6989595, "p10_ms": 0.694524, "p90_ms": 0.717264}}
{"cache_perturbed": {"count": 30, "median_ms": 0.39020800590515137, "p10_ms": 0.3882879912853241, "p90_ms": 0.39852800965309143}, "case": 11, "decision": {"predicted_ms": {"16": 0.299137361, "32": 0.306526279, "64": 0.332568288, "128": 0.40464422899999997}, "reason": "calibrated_score_with_guard_band", "resident_blocks_per_sm": {"16": 4, "32": 4, "64": 3, "128": 2}, "reuse_footprint_bytes": 42663936, "reuse_over_l2": 0.32164031620553357, "value_slice": 16}, "eager": {"count": 60, "median_ms": 0.39022399485111237, "p10_ms": 0.3876799941062927, "p90_ms": 0.40380799770355225}, "graph": {"count": 60, "median_ms": 0.38440001010894775, "p10_ms": 0.3823679983615875, "p90_ms": 0.3927359879016876}, "kind": "performance", "name": "phase1_auto", "repeat": 0, "shape": {"batch": 1, "fp32": false, "gate": null, "heads": 12, "lengths": [4096], "state_mode": "in", "tokens": 4096}, "wall_sync": {"count": 20, "median_ms": 0.404927, "p10_ms": 0.400377, "p90_ms": 0.412597}}
{"cache_perturbed": {"count": 30, "median_ms": 0.4153919965028763, "p10_ms": 0.4145599901676178, "p90_ms": 0.42499199509620667}, "case": 11, "decision": {"predicted_ms": {"16": 0.299137361, "32": 0.306526279, "64": 0.332568288, "128": 0.40464422899999997}, "reason": "calibrated_score_with_guard_band", "resident_blocks_per_sm": {"16": 4, "32": 4, "64": 3, "128": 2}, "reuse_footprint_bytes": 42663936, "reuse_over_l2": 0.32164031620553357, "value_slice": 16}, "eager": {"count": 60, "median_ms": 0.4172479957342148, "p10_ms": 0.41414400935173035, "p90_ms": 0.4245760142803192}, "graph": {"count": 60, "median_ms": 0.4111679941415787, "p10_ms": 0.40886399149894714, "p90_ms": 0.419295996427536}, "kind": "performance", "name": "p4_auto", "repeat": 0, "shape": {"batch": 1, "fp32": false, "gate": null, "heads": 12, "lengths": [4096], "state_mode": "in", "tokens": 4096}, "wall_sync": {"count": 20, "median_ms": 0.4286875, "p10_ms": 0.424856, "p90_ms": 0.435086}}
{"cache_perturbed": {"count": 30, "median_ms": 0.6943680047988892, "p10_ms": 0.6860799789428711, "p90_ms": 0.7077440023422241}, "case": 11, "decision": {"reason": "environment_override", "value_slice": 128}, "eager": {"count": 60, "median_ms": 0.6891840100288391, "p10_ms": 0.6864640116691589, "p90_ms": 0.7101119756698608}, "graph": {"count": 60, "median_ms": 0.6833919882774353, "p10_ms": 0.6804800033569336, "p90_ms": 0.6990399956703186}, "kind": "performance", "name": "v128", "repeat": 1, "shape": {"batch": 1, "fp32": false, "gate": null, "heads": 12, "lengths": [4096], "state_mode": "in", "tokens": 4096}, "wall_sync": {"count": 20, "median_ms": 0.703059, "p10_ms": 0.695765, "p90_ms": 0.717354}}
{"cache_perturbed": {"count": 30, "median_ms": 0.3941600024700165, "p10_ms": 0.3891200125217438, "p90_ms": 0.40460801124572754}, "case": 11, "decision": {"predicted_ms": {"16": 0.299137361, "32": 0.306526279, "64": 0.332568288, "128": 0.40464422899999997}, "reason": "calibrated_score_with_guard_band", "resident_blocks_per_sm": {"16": 4, "32": 4, "64": 3, "128": 2}, "reuse_footprint_bytes": 42663936, "reuse_over_l2": 0.32164031620553357, "value_slice": 16}, "eager": {"count": 60, "median_ms": 0.3917120099067688, "p10_ms": 0.389631986618042, "p90_ms": 0.4000000059604645}, "graph": {"count": 60, "median_ms": 0.3856000006198883, "p10_ms": 0.3823679983615875, "p90_ms": 0.3999359905719757}, "kind": "performance", "name": "phase1_auto", "repeat": 1, "shape": {"batch": 1, "fp32": false, "gate": null, "heads": 12, "lengths": [4096], "state_mode": "in", "tokens": 4096}, "wall_sync": {"count": 20, "median_ms": 0.405757, "p10_ms": 0.399197, "p90_ms": 0.417276}}
{"cache_perturbed": {"count": 30, "median_ms": 0.41489599645137787, "p10_ms": 0.4136959910392761, "p90_ms": 0.4238399863243103}, "case": 11, "decision": {"predicted_ms": {"16": 0.299137361, "32": 0.306526279, "64": 0.332568288, "128": 0.40464422899999997}, "reason": "calibrated_score_with_guard_band", "resident_blocks_per_sm": {"16": 4, "32": 4, "64": 3, "128": 2}, "reuse_footprint_bytes": 42663936, "reuse_over_l2": 0.32164031620553357, "value_slice": 16}, "eager": {"count": 60, "median_ms": 0.41732800006866455, "p10_ms": 0.41286399960517883, "p90_ms": 0.42851200699806213}, "graph": {"count": 60, "median_ms": 0.4096959978342056, "p10_ms": 0.4089600145816803, "p90_ms": 0.4192639887332916}, "kind": "performance", "name": "p4_auto", "repeat": 1, "shape": {"batch": 1, "fp32": false, "gate": null, "heads": 12, "lengths": [4096], "state_mode": "in", "tokens": 4096}, "wall_sync": {"count": 20, "median_ms": 0.427017, "p10_ms": 0.423237, "p90_ms": 0.435157}}
{"cache_perturbed": {"count": 30, "median_ms": 0.4148159921169281, "p10_ms": 0.4143359959125519, "p90_ms": 0.4230400025844574}, "case": 11, "decision": {"predicted_ms": {"16": 0.299137361, "32": 0.306526279, "64": 0.332568288, "128": 0.40464422899999997}, "reason": "calibrated_score_with_guard_band", "resident_blocks_per_sm": {"16": 4, "32": 4, "64": 3, "128": 2}, "reuse_footprint_bytes": 42663936, "reuse_over_l2": 0.32164031620553357, "value_slice": 16}, "eager": {"count": 60, "median_ms": 0.4161600023508072, "p10_ms": 0.4121919870376587, "p90_ms": 0.42444801330566406}, "graph": {"count": 60, "median_ms": 0.4092160016298294, "p10_ms": 0.4089280068874359, "p90_ms": 0.41942399740219116}, "kind": "performance", "name": "p4_auto", "repeat": 2, "shape": {"batch": 1, "fp32": false, "gate": null, "heads": 12, "lengths": [4096], "state_mode": "in", "tokens": 4096}, "wall_sync": {"count": 20, "median_ms": 0.42773700000000003, "p10_ms": 0.424616, "p90_ms": 0.435927}}
{"cache_perturbed": {"count": 30, "median_ms": 0.6912000179290771, "p10_ms": 0.6869120001792908, "p90_ms": 0.7056319713592529}, "case": 11, "decision": {"reason": "environment_override", "value_slice": 128}, "eager": {"count": 60, "median_ms": 0.6891840100288391, "p10_ms": 0.6865599751472473, "p90_ms": 0.7050560116767883}, "graph": {"count": 60, "median_ms": 0.6825600266456604, "p10_ms": 0.6794880032539368, "p90_ms": 0.7081279754638672}, "kind": "performance", "name": "v128", "repeat": 2, "shape": {"batch": 1, "fp32": false, "gate": null, "heads": 12, "lengths": [4096], "state_mode": "in", "tokens": 4096}, "wall_sync": {"count": 20, "median_ms": 0.7016395, "p10_ms": 0.695015, "p90_ms": 0.726834}}
{"cache_perturbed": {"count": 30, "median_ms": 0.3903520107269287, "p10_ms": 0.38972800970077515, "p90_ms": 0.3993600010871887}, "case": 11, "decision": {"predicted_ms": {"16": 0.299137361, "32": 0.306526279, "64": 0.332568288, "128": 0.40464422899999997}, "reason": "calibrated_score_with_guard_band", "resident_blocks_per_sm": {"16": 4, "32": 4, "64": 3, "128": 2}, "reuse_footprint_bytes": 42663936, "reuse_over_l2": 0.32164031620553357, "value_slice": 16}, "eager": {"count": 60, "median_ms": 0.39161598682403564, "p10_ms": 0.38950398564338684, "p90_ms": 0.3978880047798157}, "graph": {"count": 60, "median_ms": 0.3845919966697693, "p10_ms": 0.38252800703048706, "p90_ms": 0.3928000032901764}, "kind": "performance", "name": "phase1_auto", "repeat": 2, "shape": {"batch": 1, "fp32": false, "gate": null, "heads": 12, "lengths": [4096], "state_mode": "in", "tokens": 4096}, "wall_sync": {"count": 20, "median_ms": 0.4014165, "p10_ms": 0.399306, "p90_ms": 0.408847}}
{"case": 11, "kind": "post_correctness", "name": "p4_auto", "shape": {"batch": 1, "fp32": false, "gate": null, "heads": 12, "lengths": [4096], "state_mode": "in", "tokens": 4096}, "status": "PASS", "tensors": {"out": {"bitwise": true, "finite": true}}}
{"case": 11, "kind": "post_correctness", "name": "phase1_auto", "shape": {"batch": 1, "fp32": false, "gate": null, "heads": 12, "lengths": [4096], "state_mode": "in", "tokens": 4096}, "status": "PASS", "tensors": {"out": {"bitwise": true, "finite": true}}}
{"case": 11, "kind": "shape_complete", "shape": {"batch": 1, "fp32": false, "gate": null, "heads": 12, "lengths": [4096], "state_mode": "in", "tokens": 4096}}
{"case": 12, "kind": "graph_correctness", "name": "p4_auto", "shape": {"batch": 1, "fp32": false, "gate": null, "heads": 12, "lengths": null, "state_mode": "out", "tokens": 4096}, "status": "PASS", "tensors": {"final_state": {"bitwise": true, "finite": true}, "out": {"bitwise": true, "finite": true}}}
{"case": 12, "kind": "graph_correctness", "name": "phase1_auto", "shape": {"batch": 1, "fp32": false, "gate": null, "heads": 12, "lengths": null, "state_mode": "out", "tokens": 4096}, "status": "PASS", "tensors": {"final_state": {"bitwise": true, "finite": true}, "out": {"bitwise": true, "finite": true}}}
{"case": 12, "kind": "graph_correctness", "name": "v128", "shape": {"batch": 1, "fp32": false, "gate": null, "heads": 12, "lengths": null, "state_mode": "out", "tokens": 4096}, "status": "PASS", "tensors": {"final_state": {"bitwise": true, "finite": true}, "out": {"bitwise": true, "finite": true}}}
{"cache_perturbed": {"count": 30, "median_ms": 0.4435359984636307, "p10_ms": 0.44233599305152893, "p90_ms": 0.4524480104446411}, "case": 12, "decision": {"predicted_ms": {"16": 0.299137361, "32": 0.306526279, "64": 0.332568288, "128": 0.40464422899999997}, "reason": "calibrated_score_with_guard_band", "resident_blocks_per_sm": {"16": 4, "32": 4, "64": 3, "128": 2}, "reuse_footprint_bytes": 42663936, "reuse_over_l2": 0.32164031620553357, "value_slice": 16}, "eager": {"count": 60, "median_ms": 0.4434400051832199, "p10_ms": 0.4408319890499115, "p90_ms": 0.45315200090408325}, "graph": {"count": 60, "median_ms": 0.4398399889469147, "p10_ms": 0.43779200315475464, "p90_ms": 0.44809600710868835}, "kind": "performance", "name": "phase1_auto", "repeat": 0, "shape": {"batch": 1, "fp32": false, "gate": null, "heads": 12, "lengths": null, "state_mode": "out", "tokens": 4096}, "wall_sync": {"count": 20, "median_ms": 0.45753699999999997, "p10_ms": 0.452548, "p90_ms": 0.488286}}
{"cache_perturbed": {"count": 30, "median_ms": 0.48848000168800354, "p10_ms": 0.48739200830459595, "p90_ms": 0.49878400564193726}, "case": 12, "decision": {"predicted_ms": {"16": 0.299137361, "32": 0.306526279, "64": 0.332568288, "128": 0.40464422899999997}, "reason": "calibrated_score_with_guard_band", "resident_blocks_per_sm": {"16": 4, "32": 4, "64": 3, "128": 2}, "reuse_footprint_bytes": 42663936, "reuse_over_l2": 0.32164031620553357, "value_slice": 16}, "eager": {"count": 60, "median_ms": 0.4888480007648468, "p10_ms": 0.4859200119972229, "p90_ms": 0.4991999864578247}, "graph": {"count": 60, "median_ms": 0.48688000440597534, "p10_ms": 0.4830079972743988, "p90_ms": 0.495168000459671}, "kind": "performance", "name": "p4_auto", "repeat": 0, "shape": {"batch": 1, "fp32": false, "gate": null, "heads": 12, "lengths": null, "state_mode": "out", "tokens": 4096}, "wall_sync": {"count": 20, "median_ms": 0.499076, "p10_ms": 0.497376, "p90_ms": 0.509795}}
{"cache_perturbed": {"count": 30, "median_ms": 0.6951360106468201, "p10_ms": 0.6871359944343567, "p90_ms": 0.7134720087051392}, "case": 12, "decision": {"reason": "environment_override", "value_slice": 128}, "eager": {"count": 60, "median_ms": 0.6907360255718231, "p10_ms": 0.6847040057182312, "p90_ms": 0.7138879895210266}, "graph": {"count": 60, "median_ms": 0.6886560022830963, "p10_ms": 0.6832960247993469, "p90_ms": 0.7110080122947693}, "kind": "performance", "name": "v128", "repeat": 0, "shape": {"batch": 1, "fp32": false, "gate": null, "heads": 12, "lengths": null, "state_mode": "out", "tokens": 4096}, "wall_sync": {"count": 20, "median_ms": 0.7035845000000001, "p10_ms": 0.696654, "p90_ms": 0.735193}}
{"cache_perturbed": {"count": 30, "median_ms": 0.48848000168800354, "p10_ms": 0.4864319860935211, "p90_ms": 0.49878400564193726}, "case": 12, "decision": {"predicted_ms": {"16": 0.299137361, "32": 0.306526279, "64": 0.332568288, "128": 0.40464422899999997}, "reason": "calibrated_score_with_guard_band", "resident_blocks_per_sm": {"16": 4, "32": 4, "64": 3, "128": 2}, "reuse_footprint_bytes": 42663936, "reuse_over_l2": 0.32164031620553357, "value_slice": 16}, "eager": {"count": 60, "median_ms": 0.4881279915571213, "p10_ms": 0.48476800322532654, "p90_ms": 0.5001919865608215}, "graph": {"count": 60, "median_ms": 0.4849280118942261, "p10_ms": 0.48284798860549927, "p90_ms": 0.5012159943580627}, "kind": "performance", "name": "p4_auto", "repeat": 1, "shape": {"batch": 1, "fp32": false, "gate": null, "heads": 12, "lengths": null, "state_mode": "out", "tokens": 4096}, "wall_sync": {"count": 20, "median_ms": 0.5031909999999999, "p10_ms": 0.497506, "p90_ms": 0.513555}}
{"cache_perturbed": {"count": 30, "median_ms": 0.6955039799213409, "p10_ms": 0.6887999773025513, "p90_ms": 0.7056319713592529}, "case": 12, "decision": {"reason": "environment_override", "value_slice": 128}, "eager": {"count": 60, "median_ms": 0.6916960179805756, "p10_ms": 0.6864960193634033, "p90_ms": 0.7111999988555908}, "graph": {"count": 60, "median_ms": 0.6875680088996887, "p10_ms": 0.6835520267486572, "p90_ms": 0.7132800221443176}, "kind": "performance", "name": "v128", "repeat": 1, "shape": {"batch": 1, "fp32": false, "gate": null, "heads": 12, "lengths": null, "state_mode": "out", "tokens": 4096}, "wall_sync": {"count": 20, "median_ms": 0.7036745, "p10_ms": 0.697825, "p90_ms": 0.730354}}
{"cache_perturbed": {"count": 30, "median_ms": 0.4435359984636307, "p10_ms": 0.44249600172042847, "p90_ms": 0.45263999700546265}, "case": 12, "decision": {"predicted_ms": {"16": 0.299137361, "32": 0.306526279, "64": 0.332568288, "128": 0.40464422899999997}, "reason": "calibrated_score_with_guard_band", "resident_blocks_per_sm": {"16": 4, "32": 4, "64": 3, "128": 2}, "reuse_footprint_bytes": 42663936, "reuse_over_l2": 0.32164031620553357, "value_slice": 16}, "eager": {"count": 60, "median_ms": 0.4434240013360977, "p10_ms": 0.4408319890499115, "p90_ms": 0.45315200090408325}, "graph": {"count": 60, "median_ms": 0.4396959990262985, "p10_ms": 0.437824010848999, "p90_ms": 0.44991999864578247}, "kind": "performance", "name": "phase1_auto", "repeat": 1, "shape": {"batch": 1, "fp32": false, "gate": null, "heads": 12, "lengths": null, "state_mode": "out", "tokens": 4096}, "wall_sync": {"count": 20, "median_ms": 0.4617165, "p10_ms": 0.451997, "p90_ms": 0.464516}}
{"cache_perturbed": {"count": 30, "median_ms": 0.6958879828453064, "p10_ms": 0.689087986946106, "p90_ms": 0.7055680155754089}, "case": 12, "decision": {"reason": "environment_override", "value_slice": 128}, "eager": {"count": 60, "median_ms": 0.6927199959754944, "p10_ms": 0.6865599751472473, "p90_ms": 0.710207998752594}, "graph": {"count": 60, "median_ms": 0.6880959868431091, "p10_ms": 0.6835520267486572, "p90_ms": 0.7061120271682739}, "kind": "performance", "name": "v128", "repeat": 2, "shape": {"batch": 1, "fp32": false, "gate": null, "heads": 12, "lengths": null, "state_mode": "out", "tokens": 4096}, "wall_sync": {"count": 20, "median_ms": 0.7038549999999999, "p10_ms": 0.697645, "p90_ms": 0.719645}}
{"cache_perturbed": {"count": 30, "median_ms": 0.4885439872741699, "p10_ms": 0.48745599389076233, "p90_ms": 0.5003520250320435}, "case": 12, "decision": {"predicted_ms": {"16": 0.299137361, "32": 0.306526279, "64": 0.332568288, "128": 0.40464422899999997}, "reason": "calibrated_score_with_guard_band", "resident_blocks_per_sm": {"16": 4, "32": 4, "64": 3, "128": 2}, "reuse_footprint_bytes": 42663936, "reuse_over_l2": 0.32164031620553357, "value_slice": 16}, "eager": {"count": 60, "median_ms": 0.48848000168800354, "p10_ms": 0.4859200119972229, "p90_ms": 0.4991360008716583}, "graph": {"count": 60, "median_ms": 0.4854080080986023, "p10_ms": 0.4838719964027405, "p90_ms": 0.4960959851741791}, "kind": "performance", "name": "p4_auto", "repeat": 2, "shape": {"batch": 1, "fp32": false, "gate": null, "heads": 12, "lengths": null, "state_mode": "out", "tokens": 4096}, "wall_sync": {"count": 20, "median_ms": 0.5015615, "p10_ms": 0.497826, "p90_ms": 0.510925}}
{"cache_perturbed": {"count": 30, "median_ms": 0.4435200095176697, "p10_ms": 0.4431999921798706, "p90_ms": 0.45267200469970703}, "case": 12, "decision": {"predicted_ms": {"16": 0.299137361, "32": 0.306526279, "64": 0.332568288, "128": 0.40464422899999997}, "reason": "calibrated_score_with_guard_band", "resident_blocks_per_sm": {"16": 4, "32": 4, "64": 3, "128": 2}, "reuse_footprint_bytes": 42663936, "reuse_over_l2": 0.32164031620553357, "value_slice": 16}, "eager": {"count": 60, "median_ms": 0.4429920017719269, "p10_ms": 0.4408639967441559, "p90_ms": 0.4521920084953308}, "graph": {"count": 60, "median_ms": 0.4392959922552109, "p10_ms": 0.43779200315475464, "p90_ms": 0.4490880072116852}, "kind": "performance", "name": "phase1_auto", "repeat": 2, "shape": {"batch": 1, "fp32": false, "gate": null, "heads": 12, "lengths": null, "state_mode": "out", "tokens": 4096}, "wall_sync": {"count": 20, "median_ms": 0.454382, "p10_ms": 0.452327, "p90_ms": 0.468296}}
{"case": 12, "kind": "post_correctness", "name": "p4_auto", "shape": {"batch": 1, "fp32": false, "gate": null, "heads": 12, "lengths": null, "state_mode": "out", "tokens": 4096}, "status": "PASS", "tensors": {"final_state": {"bitwise": true, "finite": true}, "out": {"bitwise": true, "finite": true}}}
{"case": 12, "kind": "post_correctness", "name": "phase1_auto", "shape": {"batch": 1, "fp32": false, "gate": null, "heads": 12, "lengths": null, "state_mode": "out", "tokens": 4096}, "status": "PASS", "tensors": {"final_state": {"bitwise": true, "finite": true}, "out": {"bitwise": true, "finite": true}}}
{"case": 12, "kind": "shape_complete", "shape": {"batch": 1, "fp32": false, "gate": null, "heads": 12, "lengths": null, "state_mode": "out", "tokens": 4096}}
{"case": 13, "kind": "graph_correctness", "name": "p4_auto", "shape": {"batch": 1, "fp32": false, "gate": null, "heads": 12, "lengths": [4096], "state_mode": "out", "tokens": 4096}, "status": "PASS", "tensors": {"final_state": {"bitwise": true, "finite": true}, "out": {"bitwise": true, "finite": true}}}
{"case": 13, "kind": "graph_correctness", "name": "phase1_auto", "shape": {"batch": 1, "fp32": false, "gate": null, "heads": 12, "lengths": [4096], "state_mode": "out", "tokens": 4096}, "status": "PASS", "tensors": {"final_state": {"bitwise": true, "finite": true}, "out": {"bitwise": true, "finite": true}}}
{"case": 13, "kind": "graph_correctness", "name": "v128", "shape": {"batch": 1, "fp32": false, "gate": null, "heads": 12, "lengths": [4096], "state_mode": "out", "tokens": 4096}, "status": "PASS", "tensors": {"final_state": {"bitwise": true, "finite": true}, "out": {"bitwise": true, "finite": true}}}
{"cache_perturbed": {"count": 30, "median_ms": 0.696256011724472, "p10_ms": 0.6892480254173279, "p90_ms": 0.707584023475647}, "case": 13, "decision": {"reason": "environment_override", "value_slice": 128}, "eager": {"count": 60, "median_ms": 0.692799985408783, "p10_ms": 0.6886399984359741, "p90_ms": 0.7233279943466187}, "graph": {"count": 60, "median_ms": 0.6880960166454315, "p10_ms": 0.6835839748382568, "p90_ms": 0.7182719707489014}, "kind": "performance", "name": "v128", "repeat": 0, "shape": {"batch": 1, "fp32": false, "gate": null, "heads": 12, "lengths": [4096], "state_mode": "out", "tokens": 4096}, "wall_sync": {"count": 20, "median_ms": 0.703129, "p10_ms": 0.698185, "p90_ms": 0.720704}}
{"cache_perturbed": {"count": 30, "median_ms": 0.4936640113592148, "p10_ms": 0.49248000979423523, "p90_ms": 0.5047360062599182}, "case": 13, "decision": {"predicted_ms": {"16": 0.299137361, "32": 0.306526279, "64": 0.332568288, "128": 0.40464422899999997}, "reason": "calibrated_score_with_guard_band", "resident_blocks_per_sm": {"16": 4, "32": 4, "64": 3, "128": 2}, "reuse_footprint_bytes": 42663936, "reuse_over_l2": 0.32164031620553357, "value_slice": 16}, "eager": {"count": 60, "median_ms": 0.4960639923810959, "p10_ms": 0.492000013589859, "p90_ms": 0.5043839812278748}, "graph": {"count": 60, "median_ms": 0.48895999789237976, "p10_ms": 0.4869120121002197, "p90_ms": 0.4992319941520691}, "kind": "performance", "name": "p4_auto", "repeat": 0, "shape": {"batch": 1, "fp32": false, "gate": null, "heads": 12, "lengths": [4096], "state_mode": "out", "tokens": 4096}, "wall_sync": {"count": 20, "median_ms": 0.507286, "p10_ms": 0.503887, "p90_ms": 0.515026}}
{"cache_perturbed": {"count": 30, "median_ms": 0.4383839964866638, "p10_ms": 0.43718400597572327, "p90_ms": 0.44755199551582336}, "case": 13, "decision": {"predicted_ms": {"16": 0.299137361, "32": 0.306526279, "64": 0.332568288, "128": 0.40464422899999997}, "reason": "calibrated_score_with_guard_band", "resident_blocks_per_sm": {"16": 4, "32": 4, "64": 3, "128": 2}, "reuse_footprint_bytes": 42663936, "reuse_over_l2": 0.32164031620553357, "value_slice": 16}, "eager": {"count": 60, "median_ms": 0.4389280080795288, "p10_ms": 0.4367679953575134, "p90_ms": 0.4471360146999359}, "graph": {"count": 60, "median_ms": 0.43267199397087097, "p10_ms": 0.4315840005874634, "p90_ms": 0.4419519901275635}, "kind": "performance", "name": "phase1_auto", "repeat": 0, "shape": {"batch": 1, "fp32": false, "gate": null, "heads": 12, "lengths": [4096], "state_mode": "out", "tokens": 4096}, "wall_sync": {"count": 20, "median_ms": 0.4489915, "p10_ms": 0.447756, "p90_ms": 0.458546}}
{"cache_perturbed": {"count": 30, "median_ms": 0.7000319957733154, "p10_ms": 0.6891520023345947, "p90_ms": 0.7158079743385315}, "case": 13, "decision": {"reason": "environment_override", "value_slice": 128}, "eager": {"count": 60, "median_ms": 0.6929759979248047, "p10_ms": 0.6886079907417297, "p90_ms": 0.7193599939346313}, "graph": {"count": 60, "median_ms": 0.6917759776115417, "p10_ms": 0.6835200190544128, "p90_ms": 0.7019199728965759}, "kind": "performance", "name": "v128", "repeat": 1, "shape": {"batch": 1, "fp32": false, "gate": null, "heads": 12, "lengths": [4096], "state_mode": "out", "tokens": 4096}, "wall_sync": {"count": 20, "median_ms": 0.7025840000000001, "p10_ms": 0.697304, "p90_ms": 0.730855}}
{"cache_perturbed": {"count": 30, "median_ms": 0.4971039891242981, "p10_ms": 0.49248000979423523, "p90_ms": 0.5110080242156982}, "case": 13, "decision": {"predicted_ms": {"16": 0.299137361, "32": 0.306526279, "64": 0.332568288, "128": 0.40464422899999997}, "reason": "calibrated_score_with_guard_band", "resident_blocks_per_sm": {"16": 4, "32": 4, "64": 3, "128": 2}, "reuse_footprint_bytes": 42663936, "reuse_over_l2": 0.32164031620553357, "value_slice": 16}, "eager": {"count": 60, "median_ms": 0.49512000381946564, "p10_ms": 0.492031991481781, "p90_ms": 0.5052160024642944}, "graph": {"count": 60, "median_ms": 0.48844800889492035, "p10_ms": 0.48684799671173096, "p90_ms": 0.4992319941520691}, "kind": "performance", "name": "p4_auto", "repeat": 1, "shape": {"batch": 1, "fp32": false, "gate": null, "heads": 12, "lengths": [4096], "state_mode": "out", "tokens": 4096}, "wall_sync": {"count": 20, "median_ms": 0.5052015, "p10_ms": 0.503196, "p90_ms": 0.514825}}
{"cache_perturbed": {"count": 30, "median_ms": 0.4389439970254898, "p10_ms": 0.4370880126953125, "p90_ms": 0.4485119879245758}, "case": 13, "decision": {"predicted_ms": {"16": 0.299137361, "32": 0.306526279, "64": 0.332568288, "128": 0.40464422899999997}, "reason": "calibrated_score_with_guard_band", "resident_blocks_per_sm": {"16": 4, "32": 4, "64": 3, "128": 2}, "reuse_footprint_bytes": 42663936, "reuse_over_l2": 0.32164031620553357, "value_slice": 16}, "eager": {"count": 60, "median_ms": 0.4388960003852844, "p10_ms": 0.4366399943828583, "p90_ms": 0.4490559995174408}, "graph": {"count": 60, "median_ms": 0.43215999007225037, "p10_ms": 0.4315199851989746, "p90_ms": 0.4419200122356415}, "kind": "performance", "name": "phase1_auto", "repeat": 1, "shape": {"batch": 1, "fp32": false, "gate": null, "heads": 12, "lengths": [4096], "state_mode": "out", "tokens": 4096}, "wall_sync": {"count": 20, "median_ms": 0.4506365, "p10_ms": 0.447546, "p90_ms": 0.459986}}
{"cache_perturbed": {"count": 30, "median_ms": 0.4946399927139282, "p10_ms": 0.4925439953804016, "p90_ms": 0.5048320293426514}, "case": 13, "decision": {"predicted_ms": {"16": 0.299137361, "32": 0.306526279, "64": 0.332568288, "128": 0.40464422899999997}, "reason": "calibrated_score_with_guard_band", "resident_blocks_per_sm": {"16": 4, "32": 4, "64": 3, "128": 2}, "reuse_footprint_bytes": 42663936, "reuse_over_l2": 0.32164031620553357, "value_slice": 16}, "eager": {"count": 60, "median_ms": 0.49505600333213806, "p10_ms": 0.492000013589859, "p90_ms": 0.5054399967193604}, "graph": {"count": 60, "median_ms": 0.4879840016365051, "p10_ms": 0.48684799671173096, "p90_ms": 0.49823999404907227}, "kind": "performance", "name": "p4_auto", "repeat": 2, "shape": {"batch": 1, "fp32": false, "gate": null, "heads": 12, "lengths": [4096], "state_mode": "out", "tokens": 4096}, "wall_sync": {"count": 20, "median_ms": 0.5040555, "p10_ms": 0.501446, "p90_ms": 0.517266}}
{"cache_perturbed": {"count": 30, "median_ms": 0.43833599984645844, "p10_ms": 0.43718400597572327, "p90_ms": 0.44761601090431213}, "case": 13, "decision": {"predicted_ms": {"16": 0.299137361, "32": 0.306526279, "64": 0.332568288, "128": 0.40464422899999997}, "reason": "calibrated_score_with_guard_band", "resident_blocks_per_sm": {"16": 4, "32": 4, "64": 3, "128": 2}, "reuse_footprint_bytes": 42663936, "reuse_over_l2": 0.32164031620553357, "value_slice": 16}, "eager": {"count": 60, "median_ms": 0.4388960003852844, "p10_ms": 0.43673598766326904, "p90_ms": 0.4471679925918579}, "graph": {"count": 60, "median_ms": 0.43380799889564514, "p10_ms": 0.43161600828170776, "p90_ms": 0.4418880045413971}, "kind": "performance", "name": "phase1_auto", "repeat": 2, "shape": {"batch": 1, "fp32": false, "gate": null, "heads": 12, "lengths": [4096], "state_mode": "out", "tokens": 4096}, "wall_sync": {"count": 20, "median_ms": 0.4494815, "p10_ms": 0.446907, "p90_ms": 0.462636}}
{"cache_perturbed": {"count": 30, "median_ms": 0.6952640116214752, "p10_ms": 0.6889920234680176, "p90_ms": 0.7066239714622498}, "case": 13, "decision": {"reason": "environment_override", "value_slice": 128}, "eager": {"count": 60, "median_ms": 0.6947999894618988, "p10_ms": 0.6886079907417297, "p90_ms": 0.7070080041885376}, "graph": {"count": 60, "median_ms": 0.6891199946403503, "p10_ms": 0.6837120056152344, "p90_ms": 0.7020159959793091}, "kind": "performance", "name": "v128", "repeat": 2, "shape": {"batch": 1, "fp32": false, "gate": null, "heads": 12, "lengths": [4096], "state_mode": "out", "tokens": 4096}, "wall_sync": {"count": 20, "median_ms": 0.7047395, "p10_ms": 0.696295, "p90_ms": 0.732684}}
{"case": 13, "kind": "post_correctness", "name": "p4_auto", "shape": {"batch": 1, "fp32": false, "gate": null, "heads": 12, "lengths": [4096], "state_mode": "out", "tokens": 4096}, "status": "PASS", "tensors": {"final_state": {"bitwise": true, "finite": true}, "out": {"bitwise": true, "finite": true}}}
{"case": 13, "kind": "post_correctness", "name": "phase1_auto", "shape": {"batch": 1, "fp32": false, "gate": null, "heads": 12, "lengths": [4096], "state_mode": "out", "tokens": 4096}, "status": "PASS", "tensors": {"final_state": {"bitwise": true, "finite": true}, "out": {"bitwise": true, "finite": true}}}
{"case": 13, "kind": "shape_complete", "shape": {"batch": 1, "fp32": false, "gate": null, "heads": 12, "lengths": [4096], "state_mode": "out", "tokens": 4096}}
{"case": 14, "kind": "graph_correctness", "name": "p4_auto", "shape": {"batch": 1, "fp32": false, "gate": null, "heads": 12, "lengths": null, "state_mode": "none", "tokens": 4096}, "status": "PASS", "tensors": {"out": {"bitwise": true, "finite": true}}}
{"case": 14, "kind": "graph_correctness", "name": "phase1_auto", "shape": {"batch": 1, "fp32": false, "gate": null, "heads": 12, "lengths": null, "state_mode": "none", "tokens": 4096}, "status": "PASS", "tensors": {"out": {"bitwise": true, "finite": true}}}
{"case": 14, "kind": "graph_correctness", "name": "v128", "shape": {"batch": 1, "fp32": false, "gate": null, "heads": 12, "lengths": null, "state_mode": "none", "tokens": 4096}, "status": "PASS", "tensors": {"out": {"bitwise": true, "finite": true}}}
{"cache_perturbed": {"count": 30, "median_ms": 0.4885599911212921, "p10_ms": 0.4882560074329376, "p90_ms": 0.49881601333618164}, "case": 14, "decision": {"predicted_ms": {"16": 0.299137361, "32": 0.306526279, "64": 0.332568288, "128": 0.40464422899999997}, "reason": "calibrated_score_with_guard_band", "resident_blocks_per_sm": {"16": 4, "32": 4, "64": 3, "128": 2}, "reuse_footprint_bytes": 42663936, "reuse_over_l2": 0.32164031620553357, "value_slice": 16}, "eager": {"count": 60, "median_ms": 0.4899040013551712, "p10_ms": 0.48582398891448975, "p90_ms": 0.4990079998970032}, "graph": {"count": 60, "median_ms": 0.48495998978614807, "p10_ms": 0.48281601071357727, "p90_ms": 0.4991360008716583}, "kind": "performance", "name": "p4_auto", "repeat": 0, "shape": {"batch": 1, "fp32": false, "gate": null, "heads": 12, "lengths": null, "state_mode": "none", "tokens": 4096}, "wall_sync": {"count": 20, "median_ms": 0.499556, "p10_ms": 0.496976, "p90_ms": 0.512986}}
{"cache_perturbed": {"count": 30, "median_ms": 0.6953920125961304, "p10_ms": 0.6891520023345947, "p90_ms": 0.7096319794654846}, "case": 14, "decision": {"reason": "environment_override", "value_slice": 128}, "eager": {"count": 60, "median_ms": 0.6912479996681213, "p10_ms": 0.6866239905357361, "p90_ms": 0.7174400091171265}, "graph": {"count": 60, "median_ms": 0.6866239905357361, "p10_ms": 0.6845759749412537, "p90_ms": 0.7143039703369141}, "kind": "performance", "name": "v128", "repeat": 0, "shape": {"batch": 1, "fp32": false, "gate": null, "heads": 12, "lengths": null, "state_mode": "none", "tokens": 4096}, "wall_sync": {"count": 20, "median_ms": 0.700725, "p10_ms": 0.698165, "p90_ms": 0.731834}}
{"cache_perturbed": {"count": 30, "median_ms": 0.4490400105714798, "p10_ms": 0.4453440010547638, "p90_ms": 0.45577600598335266}, "case": 14, "decision": {"predicted_ms": {"16": 0.299137361, "32": 0.306526279, "64": 0.332568288, "128": 0.40464422899999997}, "reason": "calibrated_score_with_guard_band", "resident_blocks_per_sm": {"16": 4, "32": 4, "64": 3, "128": 2}, "reuse_footprint_bytes": 42663936, "reuse_over_l2": 0.32164031620553357, "value_slice": 16}, "eager": {"count": 60, "median_ms": 0.4469760060310364, "p10_ms": 0.44284799695014954, "p90_ms": 0.45612800121307373}, "graph": {"count": 60, "median_ms": 0.4430079907178879, "p10_ms": 0.4416640102863312, "p90_ms": 0.4522239863872528}, "kind": "performance", "name": "phase1_auto", "repeat": 0, "shape": {"batch": 1, "fp32": false, "gate": null, "heads": 12, "lengths": null, "state_mode": "none", "tokens": 4096}, "wall_sync": {"count": 20, "median_ms": 0.45638599999999996, "p10_ms": 0.454917, "p90_ms": 0.466507}}
{"cache_perturbed": {"count": 30, "median_ms": 0.48848000168800354, "p10_ms": 0.48633599281311035, "p90_ms": 0.5046079754829407}, "case": 14, "decision": {"predicted_ms": {"16": 0.299137361, "32": 0.306526279, "64": 0.332568288, "128": 0.40464422899999997}, "reason": "calibrated_score_with_guard_band", "resident_blocks_per_sm": {"16": 4, "32": 4, "64": 3, "128": 2}, "reuse_footprint_bytes": 42663936, "reuse_over_l2": 0.32164031620553357, "value_slice": 16}, "eager": {"count": 60, "median_ms": 0.4920800030231476, "p10_ms": 0.4838399887084961, "p90_ms": 0.5074560046195984}, "graph": {"count": 60, "median_ms": 0.4849280118942261, "p10_ms": 0.48287999629974365, "p90_ms": 0.4954560101032257}, "kind": "performance", "name": "p4_auto", "repeat": 1, "shape": {"batch": 1, "fp32": false, "gate": null, "heads": 12, "lengths": null, "state_mode": "none", "tokens": 4096}, "wall_sync": {"count": 20, "median_ms": 0.5033105, "p10_ms": 0.497286, "p90_ms": 0.514836}}
{"cache_perturbed": {"count": 30, "median_ms": 0.449535995721817, "p10_ms": 0.4445759952068329, "p90_ms": 0.45558398962020874}, "case": 14, "decision": {"predicted_ms": {"16": 0.299137361, "32": 0.306526279, "64": 0.332568288, "128": 0.40464422899999997}, "reason": "calibrated_score_with_guard_band", "resident_blocks_per_sm": {"16": 4, "32": 4, "64": 3, "128": 2}, "reuse_footprint_bytes": 42663936, "reuse_over_l2": 0.32164031620553357, "value_slice": 16}, "eager": {"count": 60, "median_ms": 0.4458720088005066, "p10_ms": 0.4428800046443939, "p90_ms": 0.4551680088043213}, "graph": {"count": 60, "median_ms": 0.44755201041698456, "p10_ms": 0.44089600443840027, "p90_ms": 0.45232000946998596}, "kind": "performance", "name": "phase1_auto", "repeat": 1, "shape": {"batch": 1, "fp32": false, "gate": null, "heads": 12, "lengths": null, "state_mode": "none", "tokens": 4096}, "wall_sync": {"count": 20, "median_ms": 0.4564815, "p10_ms": 0.454206, "p90_ms": 0.468646}}
{"cache_perturbed": {"count": 30, "median_ms": 0.691184014081955, "p10_ms": 0.6871359944343567, "p90_ms": 0.7239680290222168}, "case": 14, "decision": {"reason": "environment_override", "value_slice": 128}, "eager": {"count": 60, "median_ms": 0.6915839910507202, "p10_ms": 0.6866239905357361, "p90_ms": 0.7058240175247192}, "graph": {"count": 60, "median_ms": 0.6881439983844757, "p10_ms": 0.6834239959716797, "p90_ms": 0.7081599831581116}, "kind": "performance", "name": "v128", "repeat": 1, "shape": {"batch": 1, "fp32": false, "gate": null, "heads": 12, "lengths": null, "state_mode": "none", "tokens": 4096}, "wall_sync": {"count": 20, "median_ms": 0.7052345, "p10_ms": 0.696174, "p90_ms": 0.722285}}
{"cache_perturbed": {"count": 30, "median_ms": 0.695360004901886, "p10_ms": 0.6889280080795288, "p90_ms": 0.7065600156784058}, "case": 14, "decision": {"reason": "environment_override", "value_slice": 128}, "eager": {"count": 60, "median_ms": 0.6931199729442596, "p10_ms": 0.6855999827384949, "p90_ms": 0.7120320200920105}, "graph": {"count": 60, "median_ms": 0.6887040138244629, "p10_ms": 0.6843199729919434, "p90_ms": 0.7101119756698608}, "kind": "performance", "name": "v128", "repeat": 2, "shape": {"batch": 1, "fp32": false, "gate": null, "heads": 12, "lengths": null, "state_mode": "none", "tokens": 4096}, "wall_sync": {"count": 20, "median_ms": 0.7005144999999999, "p10_ms": 0.697945, "p90_ms": 0.729404}}
{"cache_perturbed": {"count": 30, "median_ms": 0.4885759949684143, "p10_ms": 0.4875519871711731, "p90_ms": 0.49884799122810364}, "case": 14, "decision": {"predicted_ms": {"16": 0.299137361, "32": 0.306526279, "64": 0.332568288, "128": 0.40464422899999997}, "reason": "calibrated_score_with_guard_band", "resident_blocks_per_sm": {"16": 4, "32": 4, "64": 3, "128": 2}, "reuse_footprint_bytes": 42663936, "reuse_over_l2": 0.32164031620553357, "value_slice": 16}, "eager": {"count": 60, "median_ms": 0.4899680018424988, "p10_ms": 0.4856959879398346, "p90_ms": 0.4992640018463135}, "graph": {"count": 60, "median_ms": 0.4848960041999817, "p10_ms": 0.48284798860549927, "p90_ms": 0.49584001302719116}, "kind": "performance", "name": "p4_auto", "repeat": 2, "shape": {"batch": 1, "fp32": false, "gate": null, "heads": 12, "lengths": null, "state_mode": "none", "tokens": 4096}, "wall_sync": {"count": 20, "median_ms": 0.5035305, "p10_ms": 0.497657, "p90_ms": 0.513977}}
{"cache_perturbed": {"count": 30, "median_ms": 0.4455520063638687, "p10_ms": 0.44518399238586426, "p90_ms": 0.4557439982891083}, "case": 14, "decision": {"predicted_ms": {"16": 0.299137361, "32": 0.306526279, "64": 0.332568288, "128": 0.40464422899999997}, "reason": "calibrated_score_with_guard_band", "resident_blocks_per_sm": {"16": 4, "32": 4, "64": 3, "128": 2}, "reuse_footprint_bytes": 42663936, "reuse_over_l2": 0.32164031620553357, "value_slice": 16}, "eager": {"count": 60, "median_ms": 0.4456479996442795, "p10_ms": 0.4428800046443939, "p90_ms": 0.4553599953651428}, "graph": {"count": 60, "median_ms": 0.4419360011816025, "p10_ms": 0.4415999948978424, "p90_ms": 0.4522239863872528}, "kind": "performance", "name": "phase1_auto", "repeat": 2, "shape": {"batch": 1, "fp32": false, "gate": null, "heads": 12, "lengths": null, "state_mode": "none", "tokens": 4096}, "wall_sync": {"count": 20, "median_ms": 0.4571575, "p10_ms": 0.455308, "p90_ms": 0.467116}}
{"case": 14, "kind": "post_correctness", "name": "p4_auto", "shape": {"batch": 1, "fp32": false, "gate": null, "heads": 12, "lengths": null, "state_mode": "none", "tokens": 4096}, "status": "PASS", "tensors": {"out": {"bitwise": true, "finite": true}}}
{"case": 14, "kind": "post_correctness", "name": "phase1_auto", "shape": {"batch": 1, "fp32": false, "gate": null, "heads": 12, "lengths": null, "state_mode": "none", "tokens": 4096}, "status": "PASS", "tensors": {"out": {"bitwise": true, "finite": true}}}
{"case": 14, "kind": "shape_complete", "shape": {"batch": 1, "fp32": false, "gate": null, "heads": 12, "lengths": null, "state_mode": "none", "tokens": 4096}}
{"case": 15, "kind": "graph_correctness", "name": "p4_auto", "shape": {"batch": 1, "fp32": false, "gate": null, "heads": 12, "lengths": [4096], "state_mode": "none", "tokens": 4096}, "status": "PASS", "tensors": {"out": {"bitwise": true, "finite": true}}}
{"case": 15, "kind": "graph_correctness", "name": "phase1_auto", "shape": {"batch": 1, "fp32": false, "gate": null, "heads": 12, "lengths": [4096], "state_mode": "none", "tokens": 4096}, "status": "PASS", "tensors": {"out": {"bitwise": true, "finite": true}}}
{"case": 15, "kind": "graph_correctness", "name": "v128", "shape": {"batch": 1, "fp32": false, "gate": null, "heads": 12, "lengths": [4096], "state_mode": "none", "tokens": 4096}, "status": "PASS", "tensors": {"out": {"bitwise": true, "finite": true}}}
{"cache_perturbed": {"count": 30, "median_ms": 0.699968010187149, "p10_ms": 0.6924800276756287, "p90_ms": 0.709663987159729}, "case": 15, "decision": {"reason": "environment_override", "value_slice": 128}, "eager": {"count": 60, "median_ms": 0.6960960030555725, "p10_ms": 0.692736029624939, "p90_ms": 0.7132480144500732}, "graph": {"count": 60, "median_ms": 0.6887200176715851, "p10_ms": 0.6855999827384949, "p90_ms": 0.7031360268592834}, "kind": "performance", "name": "v128", "repeat": 0, "shape": {"batch": 1, "fp32": false, "gate": null, "heads": 12, "lengths": [4096], "state_mode": "none", "tokens": 4096}, "wall_sync": {"count": 20, "median_ms": 0.7041299999999999, "p10_ms": 0.701104, "p90_ms": 0.733214}}
{"cache_perturbed": {"count": 30, "median_ms": 0.49772799015045166, "p10_ms": 0.49248000979423523, "p90_ms": 0.5046399831771851}, "case": 15, "decision": {"predicted_ms": {"16": 0.299137361, "32": 0.306526279, "64": 0.332568288, "128": 0.40464422899999997}, "reason": "calibrated_score_with_guard_band", "resident_blocks_per_sm": {"16": 4, "32": 4, "64": 3, "128": 2}, "reuse_footprint_bytes": 42663936, "reuse_over_l2": 0.32164031620553357, "value_slice": 16}, "eager": {"count": 60, "median_ms": 0.4949280023574829, "p10_ms": 0.492000013589859, "p90_ms": 0.5043200254440308}, "graph": {"count": 60, "median_ms": 0.4869920015335083, "p10_ms": 0.48495998978614807, "p90_ms": 0.4973759949207306}, "kind": "performance", "name": "p4_auto", "repeat": 0, "shape": {"batch": 1, "fp32": false, "gate": null, "heads": 12, "lengths": [4096], "state_mode": "none", "tokens": 4096}, "wall_sync": {"count": 20, "median_ms": 0.505031, "p10_ms": 0.502296, "p90_ms": 0.517636}}
{"cache_perturbed": {"count": 30, "median_ms": 0.436368003487587, "p10_ms": 0.434112012386322, "p90_ms": 0.4455359876155853}, "case": 15, "decision": {"predicted_ms": {"16": 0.299137361, "32": 0.306526279, "64": 0.332568288, "128": 0.40464422899999997}, "reason": "calibrated_score_with_guard_band", "resident_blocks_per_sm": {"16": 4, "32": 4, "64": 3, "128": 2}, "reuse_footprint_bytes": 42663936, "reuse_over_l2": 0.32164031620553357, "value_slice": 16}, "eager": {"count": 60, "median_ms": 0.4368320107460022, "p10_ms": 0.43276798725128174, "p90_ms": 0.44886401295661926}, "graph": {"count": 60, "median_ms": 0.4285919964313507, "p10_ms": 0.42742401361465454, "p90_ms": 0.4400320053100586}, "kind": "performance", "name": "phase1_auto", "repeat": 0, "shape": {"batch": 1, "fp32": false, "gate": null, "heads": 12, "lengths": [4096], "state_mode": "none", "tokens": 4096}, "wall_sync": {"count": 20, "median_ms": 0.446586, "p10_ms": 0.444866, "p90_ms": 0.456726}}
{"cache_perturbed": {"count": 30, "median_ms": 0.494719997048378, "p10_ms": 0.4917120039463043, "p90_ms": 0.5028799772262573}, "case": 15, "decision": {"predicted_ms": {"16": 0.299137361, "32": 0.306526279, "64": 0.332568288, "128": 0.40464422899999997}, "reason": "calibrated_score_with_guard_band", "resident_blocks_per_sm": {"16": 4, "32": 4, "64": 3, "128": 2}, "reuse_footprint_bytes": 42663936, "reuse_over_l2": 0.32164031620553357, "value_slice": 16}, "eager": {"count": 60, "median_ms": 0.49407999217510223, "p10_ms": 0.4919680058956146, "p90_ms": 0.5034239888191223}, "graph": {"count": 60, "median_ms": 0.4875200092792511, "p10_ms": 0.4859200119972229, "p90_ms": 0.49718400835990906}, "kind": "performance", "name": "p4_auto", "repeat": 1, "shape": {"batch": 1, "fp32": false, "gate": null, "heads": 12, "lengths": [4096], "state_mode": "none", "tokens": 4096}, "wall_sync": {"count": 20, "median_ms": 0.506626, "p10_ms": 0.501805, "p90_ms": 0.515686}}
{"cache_perturbed": {"count": 30, "median_ms": 0.6978240013122559, "p10_ms": 0.693120002746582, "p90_ms": 0.7118719816207886}, "case": 15, "decision": {"reason": "environment_override", "value_slice": 128}, "eager": {"count": 60, "median_ms": 0.6968799829483032, "p10_ms": 0.6925439834594727, "p90_ms": 0.711903989315033}, "graph": {"count": 60, "median_ms": 0.6882080137729645, "p10_ms": 0.6855679750442505, "p90_ms": 0.703935980796814}, "kind": "performance", "name": "v128", "repeat": 1, "shape": {"batch": 1, "fp32": false, "gate": null, "heads": 12, "lengths": [4096], "state_mode": "none", "tokens": 4096}, "wall_sync": {"count": 20, "median_ms": 0.7046395000000001, "p10_ms": 0.701854, "p90_ms": 0.730874}}
{"cache_perturbed": {"count": 30, "median_ms": 0.4357600063085556, "p10_ms": 0.4331519901752472, "p90_ms": 0.4455679953098297}, "case": 15, "decision": {"predicted_ms": {"16": 0.299137361, "32": 0.306526279, "64": 0.332568288, "128": 0.40464422899999997}, "reason": "calibrated_score_with_guard_band", "resident_blocks_per_sm": {"16": 4, "32": 4, "64": 3, "128": 2}, "reuse_footprint_bytes": 42663936, "reuse_over_l2": 0.32164031620553357, "value_slice": 16}, "eager": {"count": 60, "median_ms": 0.4366399943828583, "p10_ms": 0.43267199397087097, "p90_ms": 0.44655999541282654}, "graph": {"count": 60, "median_ms": 0.4315359890460968, "p10_ms": 0.4275200068950653, "p90_ms": 0.4398399889469147}, "kind": "performance", "name": "phase1_auto", "repeat": 1, "shape": {"batch": 1, "fp32": false, "gate": null, "heads": 12, "lengths": [4096], "state_mode": "none", "tokens": 4096}, "wall_sync": {"count": 20, "median_ms": 0.447521, "p10_ms": 0.445217, "p90_ms": 0.456877}}
{"cache_perturbed": {"count": 30, "median_ms": 0.43726399540901184, "p10_ms": 0.434112012386322, "p90_ms": 0.44569599628448486}, "case": 15, "decision": {"predicted_ms": {"16": 0.299137361, "32": 0.306526279, "64": 0.332568288, "128": 0.40464422899999997}, "reason": "calibrated_score_with_guard_band", "resident_blocks_per_sm": {"16": 4, "32": 4, "64": 3, "128": 2}, "reuse_footprint_bytes": 42663936, "reuse_over_l2": 0.32164031620553357, "value_slice": 16}, "eager": {"count": 60, "median_ms": 0.43665599822998047, "p10_ms": 0.43270400166511536, "p90_ms": 0.4477759897708893}, "graph": {"count": 60, "median_ms": 0.4296000003814697, "p10_ms": 0.4275200068950653, "p90_ms": 0.4398399889469147}, "kind": "performance", "name": "phase1_auto", "repeat": 2, "shape": {"batch": 1, "fp32": false, "gate": null, "heads": 12, "lengths": [4096], "state_mode": "none", "tokens": 4096}, "wall_sync": {"count": 20, "median_ms": 0.446071, "p10_ms": 0.444087, "p90_ms": 0.456006}}
{"cache_perturbed": {"count": 30, "median_ms": 0.49350400269031525, "p10_ms": 0.4925119876861572, "p90_ms": 0.5029760003089905}, "case": 15, "decision": {"predicted_ms": {"16": 0.299137361, "32": 0.306526279, "64": 0.332568288, "128": 0.40464422899999997}, "reason": "calibrated_score_with_guard_band", "resident_blocks_per_sm": {"16": 4, "32": 4, "64": 3, "128": 2}, "reuse_footprint_bytes": 42663936, "reuse_over_l2": 0.32164031620553357, "value_slice": 16}, "eager": {"count": 60, "median_ms": 0.49510399997234344, "p10_ms": 0.4919680058956146, "p90_ms": 0.504256010055542}, "graph": {"count": 60, "median_ms": 0.48787200450897217, "p10_ms": 0.4868159890174866, "p90_ms": 0.49823999404907227}, "kind": "performance", "name": "p4_auto", "repeat": 2, "shape": {"batch": 1, "fp32": false, "gate": null, "heads": 12, "lengths": [4096], "state_mode": "none", "tokens": 4096}, "wall_sync": {"count": 20, "median_ms": 0.5056510000000001, "p10_ms": 0.502656, "p90_ms": 0.515016}}
{"cache_perturbed": {"count": 30, "median_ms": 0.695904016494751, "p10_ms": 0.6932160258293152, "p90_ms": 0.7218559980392456}, "case": 15, "decision": {"reason": "environment_override", "value_slice": 128}, "eager": {"count": 60, "median_ms": 0.694815993309021, "p10_ms": 0.6926400065422058, "p90_ms": 0.7215359807014465}, "graph": {"count": 60, "median_ms": 0.6882080137729645, "p10_ms": 0.6855999827384949, "p90_ms": 0.7152320146560669}, "kind": "performance", "name": "v128", "repeat": 2, "shape": {"batch": 1, "fp32": false, "gate": null, "heads": 12, "lengths": [4096], "state_mode": "none", "tokens": 4096}, "wall_sync": {"count": 20, "median_ms": 0.7102495, "p10_ms": 0.702095, "p90_ms": 0.720735}}
{"case": 15, "kind": "post_correctness", "name": "p4_auto", "shape": {"batch": 1, "fp32": false, "gate": null, "heads": 12, "lengths": [4096], "state_mode": "none", "tokens": 4096}, "status": "PASS", "tensors": {"out": {"bitwise": true, "finite": true}}}
{"case": 15, "kind": "post_correctness", "name": "phase1_auto", "shape": {"batch": 1, "fp32": false, "gate": null, "heads": 12, "lengths": [4096], "state_mode": "none", "tokens": 4096}, "status": "PASS", "tensors": {"out": {"bitwise": true, "finite": true}}}
{"case": 15, "kind": "shape_complete", "shape": {"batch": 1, "fp32": false, "gate": null, "heads": 12, "lengths": [4096], "state_mode": "none", "tokens": 4096}}
{"case": 16, "kind": "graph_correctness", "name": "p4_auto", "shape": {"batch": 1, "fp32": false, "gate": null, "heads": 12, "lengths": null, "state_mode": "both", "tokens": 8192}, "status": "PASS", "tensors": {"final_state": {"bitwise": true, "finite": true}, "out": {"bitwise": true, "finite": true}}}
{"case": 16, "kind": "graph_correctness", "name": "phase1_auto", "shape": {"batch": 1, "fp32": false, "gate": null, "heads": 12, "lengths": null, "state_mode": "both", "tokens": 8192}, "status": "PASS", "tensors": {"final_state": {"bitwise": true, "finite": true}, "out": {"bitwise": true, "finite": true}}}
{"case": 16, "kind": "graph_correctness", "name": "v128", "shape": {"batch": 1, "fp32": false, "gate": null, "heads": 12, "lengths": null, "state_mode": "both", "tokens": 8192}, "status": "PASS", "tensors": {"final_state": {"bitwise": true, "finite": true}, "out": {"bitwise": true, "finite": true}}}
{"cache_perturbed": {"count": 30, "median_ms": 0.7454879879951477, "p10_ms": 0.7434560060501099, "p90_ms": 0.7588800191879272}, "case": 16, "decision": {"predicted_ms": {"16": 0.5743007899999999, "32": 0.588260421, "64": 0.638657433, "128": 0.7839451}, "reason": "calibrated_score_with_guard_band", "resident_blocks_per_sm": {"16": 4, "32": 4, "64": 3, "128": 2}, "reuse_footprint_bytes": 85327872, "reuse_over_l2": 0.6432806324110671, "value_slice": 16}, "eager": {"count": 60, "median_ms": 0.749536007642746, "p10_ms": 0.7419520020484924, "p90_ms": 0.7581120133399963}, "graph": {"count": 60, "median_ms": 0.7429600059986115, "p10_ms": 0.7378559708595276, "p90_ms": 0.7562239766120911}, "kind": "performance", "name": "phase1_auto", "repeat": 0, "shape": {"batch": 1, "fp32": false, "gate": null, "heads": 12, "lengths": null, "state_mode": "both", "tokens": 8192}, "wall_sync": {"count": 20, "median_ms": 0.757829, "p10_ms": 0.753564, "p90_ms": 0.770744}}
{"cache_perturbed": {"count": 30, "median_ms": 1.368112027645111, "p10_ms": 1.3547840118408203, "p90_ms": 1.381376028060913}, "case": 16, "decision": {"reason": "environment_override", "value_slice": 128}, "eager": {"count": 60, "median_ms": 1.3656319975852966, "p10_ms": 1.356160044670105, "p90_ms": 1.381824016571045}, "graph": {"count": 60, "median_ms": 1.3577919602394104, "p10_ms": 1.350208044052124, "p90_ms": 1.3747199773788452}, "kind": "performance", "name": "v128", "repeat": 0, "shape": {"batch": 1, "fp32": false, "gate": null, "heads": 12, "lengths": null, "state_mode": "both", "tokens": 8192}, "wall_sync": {"count": 20, "median_ms": 1.3748135, "p10_ms": 1.36423, "p90_ms": 1.39666}}
{"cache_perturbed": {"count": 30, "median_ms": 0.7966240048408508, "p10_ms": 0.793503999710083, "p90_ms": 0.8110719919204712}, "case": 16, "decision": {"predicted_ms": {"16": 0.5743007899999999, "32": 0.588260421, "64": 0.638657433, "128": 0.7839451}, "reason": "calibrated_score_with_guard_band", "resident_blocks_per_sm": {"16": 4, "32": 4, "64": 3, "128": 2}, "reuse_footprint_bytes": 85327872, "reuse_over_l2": 0.6432806324110671, "value_slice": 16}, "eager": {"count": 60, "median_ms": 0.7961440086364746, "p10_ms": 0.7929919958114624, "p90_ms": 0.810591995716095}, "graph": {"count": 60, "median_ms": 0.7945600152015686, "p10_ms": 0.7900800108909607, "p90_ms": 0.8075519800186157}, "kind": "performance", "name": "p4_auto", "repeat": 0, "shape": {"batch": 1, "fp32": false, "gate": null, "heads": 12, "lengths": null, "state_mode": "both", "tokens": 8192}, "wall_sync": {"count": 20, "median_ms": 0.8072435, "p10_ms": 0.804453, "p90_ms": 0.822524}}
{"cache_perturbed": {"count": 30, "median_ms": 0.7970239818096161, "p10_ms": 0.7936000227928162, "p90_ms": 0.8100799918174744}, "case": 16, "decision": {"predicted_ms": {"16": 0.5743007899999999, "32": 0.588260421, "64": 0.638657433, "128": 0.7839451}, "reason": "calibrated_score_with_guard_band", "resident_blocks_per_sm": {"16": 4, "32": 4, "64": 3, "128": 2}, "reuse_footprint_bytes": 85327872, "reuse_over_l2": 0.6432806324110671, "value_slice": 16}, "eager": {"count": 60, "median_ms": 0.796640008687973, "p10_ms": 0.7930240035057068, "p90_ms": 0.8095679879188538}, "graph": {"count": 60, "median_ms": 0.7920960187911987, "p10_ms": 0.7900159955024719, "p90_ms": 0.807424008846283}, "kind": "performance", "name": "p4_auto", "repeat": 1, "shape": {"batch": 1, "fp32": false, "gate": null, "heads": 12, "lengths": null, "state_mode": "both", "tokens": 8192}, "wall_sync": {"count": 20, "median_ms": 0.8082130000000001, "p10_ms": 0.805744, "p90_ms": 0.824773}}
{"cache_perturbed": {"count": 30, "median_ms": 0.7445120215415955, "p10_ms": 0.7423040270805359, "p90_ms": 0.7588800191879272}, "case": 16, "decision": {"predicted_ms": {"16": 0.5743007899999999, "32": 0.588260421, "64": 0.638657433, "128": 0.7839451}, "reason": "calibrated_score_with_guard_band", "resident_blocks_per_sm": {"16": 4, "32": 4, "64": 3, "128": 2}, "reuse_footprint_bytes": 85327872, "reuse_over_l2": 0.6432806324110671, "value_slice": 16}, "eager": {"count": 60, "median_ms": 0.7429279983043671, "p10_ms": 0.7402240037918091, "p90_ms": 0.7583039999008179}, "graph": {"count": 60, "median_ms": 0.7407999932765961, "p10_ms": 0.737824022769928, "p90_ms": 0.7542080283164978}, "kind": "performance", "name": "phase1_auto", "repeat": 1, "shape": {"batch": 1, "fp32": false, "gate": null, "heads": 12, "lengths": null, "state_mode": "both", "tokens": 8192}, "wall_sync": {"count": 20, "median_ms": 0.7551840000000001, "p10_ms": 0.753314, "p90_ms": 0.771465}}
{"cache_perturbed": {"count": 30, "median_ms": 1.3649760484695435, "p10_ms": 1.3528000116348267, "p90_ms": 1.3814079761505127}, "case": 16, "decision": {"reason": "environment_override", "value_slice": 128}, "eager": {"count": 60, "median_ms": 1.3644800186157227, "p10_ms": 1.354367971420288, "p90_ms": 1.379807949066162}, "graph": {"count": 60, "median_ms": 1.3593599796295166, "p10_ms": 1.3492159843444824, "p90_ms": 1.3737280368804932}, "kind": "performance", "name": "v128", "repeat": 1, "shape": {"batch": 1, "fp32": false, "gate": null, "heads": 12, "lengths": null, "state_mode": "both", "tokens": 8192}, "wall_sync": {"count": 20, "median_ms": 1.379194, "p10_ms": 1.363429, "p90_ms": 1.394509}}
{"cache_perturbed": {"count": 30, "median_ms": 1.3628960251808167, "p10_ms": 1.3538559675216675, "p90_ms": 1.379520058631897}, "case": 16, "decision": {"reason": "environment_override", "value_slice": 128}, "eager": {"count": 60, "median_ms": 1.3675360083580017, "p10_ms": 1.3523199558258057, "p90_ms": 1.3818880319595337}, "graph": {"count": 60, "median_ms": 1.3573439717292786, "p10_ms": 1.349984049797058, "p90_ms": 1.3736319541931152}, "kind": "performance", "name": "v128", "repeat": 2, "shape": {"batch": 1, "fp32": false, "gate": null, "heads": 12, "lengths": null, "state_mode": "both", "tokens": 8192}, "wall_sync": {"count": 20, "median_ms": 1.3748645000000002, "p10_ms": 1.365779, "p90_ms": 1.392488}}
{"cache_perturbed": {"count": 30, "median_ms": 0.7465919852256775, "p10_ms": 0.7434560060501099, "p90_ms": 0.7586560249328613}, "case": 16, "decision": {"predicted_ms": {"16": 0.5743007899999999, "32": 0.588260421, "64": 0.638657433, "128": 0.7839451}, "reason": "calibrated_score_with_guard_band", "resident_blocks_per_sm": {"16": 4, "32": 4, "64": 3, "128": 2}, "reuse_footprint_bytes": 85327872, "reuse_over_l2": 0.6432806324110671, "value_slice": 16}, "eager": {"count": 60, "median_ms": 0.7439680099487305, "p10_ms": 0.7416319847106934, "p90_ms": 0.7582719922065735}, "graph": {"count": 60, "median_ms": 0.7429279983043671, "p10_ms": 0.7387840151786804, "p90_ms": 0.7551040053367615}, "kind": "performance", "name": "phase1_auto", "repeat": 2, "shape": {"batch": 1, "fp32": false, "gate": null, "heads": 12, "lengths": null, "state_mode": "both", "tokens": 8192}, "wall_sync": {"count": 20, "median_ms": 0.755765, "p10_ms": 0.753403, "p90_ms": 0.769453}}
{"cache_perturbed": {"count": 30, "median_ms": 0.7997280061244965, "p10_ms": 0.7936959862709045, "p90_ms": 0.809984028339386}, "case": 16, "decision": {"predicted_ms": {"16": 0.5743007899999999, "32": 0.588260421, "64": 0.638657433, "128": 0.7839451}, "reason": "calibrated_score_with_guard_band", "resident_blocks_per_sm": {"16": 4, "32": 4, "64": 3, "128": 2}, "reuse_footprint_bytes": 85327872, "reuse_over_l2": 0.6432806324110671, "value_slice": 16}, "eager": {"count": 60, "median_ms": 0.7951839864253998, "p10_ms": 0.7930240035057068, "p90_ms": 0.811519980430603}, "graph": {"count": 60, "median_ms": 0.7964000105857849, "p10_ms": 0.7890239953994751, "p90_ms": 0.8074880242347717}, "kind": "performance", "name": "p4_auto", "repeat": 2, "shape": {"batch": 1, "fp32": false, "gate": null, "heads": 12, "lengths": null, "state_mode": "both", "tokens": 8192}, "wall_sync": {"count": 20, "median_ms": 0.8094985, "p10_ms": 0.803964, "p90_ms": 0.823944}}
{"case": 16, "kind": "post_correctness", "name": "p4_auto", "shape": {"batch": 1, "fp32": false, "gate": null, "heads": 12, "lengths": null, "state_mode": "both", "tokens": 8192}, "status": "PASS", "tensors": {"final_state": {"bitwise": true, "finite": true}, "out": {"bitwise": true, "finite": true}}}
{"case": 16, "kind": "post_correctness", "name": "phase1_auto", "shape": {"batch": 1, "fp32": false, "gate": null, "heads": 12, "lengths": null, "state_mode": "both", "tokens": 8192}, "status": "PASS", "tensors": {"final_state": {"bitwise": true, "finite": true}, "out": {"bitwise": true, "finite": true}}}
{"case": 16, "kind": "shape_complete", "shape": {"batch": 1, "fp32": false, "gate": null, "heads": 12, "lengths": null, "state_mode": "both", "tokens": 8192}}
{"case": 17, "kind": "graph_correctness", "name": "p4_auto", "shape": {"batch": 1, "fp32": false, "gate": null, "heads": 12, "lengths": [8192], "state_mode": "both", "tokens": 8192}, "status": "PASS", "tensors": {"final_state": {"bitwise": true, "finite": true}, "out": {"bitwise": true, "finite": true}}}
{"case": 17, "kind": "graph_correctness", "name": "phase1_auto", "shape": {"batch": 1, "fp32": false, "gate": null, "heads": 12, "lengths": [8192], "state_mode": "both", "tokens": 8192}, "status": "PASS", "tensors": {"final_state": {"bitwise": true, "finite": true}, "out": {"bitwise": true, "finite": true}}}
{"case": 17, "kind": "graph_correctness", "name": "v128", "shape": {"batch": 1, "fp32": false, "gate": null, "heads": 12, "lengths": [8192], "state_mode": "both", "tokens": 8192}, "status": "PASS", "tensors": {"final_state": {"bitwise": true, "finite": true}, "out": {"bitwise": true, "finite": true}}}
{"cache_perturbed": {"count": 30, "median_ms": 0.7998559772968292, "p10_ms": 0.7974720001220703, "p90_ms": 0.81523197889328}, "case": 17, "decision": {"predicted_ms": {"16": 0.5743007899999999, "32": 0.588260421, "64": 0.638657433, "128": 0.7839451}, "reason": "calibrated_score_with_guard_band", "resident_blocks_per_sm": {"16": 4, "32": 4, "64": 3, "128": 2}, "reuse_footprint_bytes": 85327872, "reuse_over_l2": 0.6432806324110671, "value_slice": 16}, "eager": {"count": 60, "median_ms": 0.8023839890956879, "p10_ms": 0.7971519827842712, "p90_ms": 0.8155519962310791}, "graph": {"count": 60, "median_ms": 0.7961759865283966, "p10_ms": 0.7918720245361328, "p90_ms": 0.810591995716095}, "kind": "performance", "name": "p4_auto", "repeat": 0, "shape": {"batch": 1, "fp32": false, "gate": null, "heads": 12, "lengths": [8192], "state_mode": "both", "tokens": 8192}, "wall_sync": {"count": 20, "median_ms": 0.8107985, "p10_ms": 0.808573, "p90_ms": 0.828583}}
{"cache_perturbed": {"count": 30, "median_ms": 0.7465759813785553, "p10_ms": 0.7442560195922852, "p90_ms": 0.7608320116996765}, "case": 17, "decision": {"predicted_ms": {"16": 0.5743007899999999, "32": 0.588260421, "64": 0.638657433, "128": 0.7839451}, "reason": "calibrated_score_with_guard_band", "resident_blocks_per_sm": {"16": 4, "32": 4, "64": 3, "128": 2}, "reuse_footprint_bytes": 85327872, "reuse_over_l2": 0.6432806324110671, "value_slice": 16}, "eager": {"count": 60, "median_ms": 0.7491039931774139, "p10_ms": 0.7439680099487305, "p90_ms": 0.763264000415802}, "graph": {"count": 60, "median_ms": 0.7439360022544861, "p10_ms": 0.73990398645401, "p90_ms": 0.7572799921035767}, "kind": "performance", "name": "phase1_auto", "repeat": 0, "shape": {"batch": 1, "fp32": false, "gate": null, "heads": 12, "lengths": [8192], "state_mode": "both", "tokens": 8192}, "wall_sync": {"count": 20, "median_ms": 0.7577885, "p10_ms": 0.754333, "p90_ms": 0.783355}}
{"cache_perturbed": {"count": 30, "median_ms": 1.368175983428955, "p10_ms": 1.3585920333862305, "p90_ms": 1.379423975944519}, "case": 17, "decision": {"reason": "environment_override", "value_slice": 128}, "eager": {"count": 60, "median_ms": 1.3645920157432556, "p10_ms": 1.3562239408493042, "p90_ms": 1.3788479566574097}, "graph": {"count": 60, "median_ms": 1.361952006816864, "p10_ms": 1.3532160520553589, "p90_ms": 1.372704029083252}, "kind": "performance", "name": "v128", "repeat": 0, "shape": {"batch": 1, "fp32": false, "gate": null, "heads": 12, "lengths": [8192], "state_mode": "both", "tokens": 8192}, "wall_sync": {"count": 20, "median_ms": 1.376179, "p10_ms": 1.367009, "p90_ms": 1.398529}}
{"cache_perturbed": {"count": 30, "median_ms": 1.3661280274391174, "p10_ms": 1.3567999601364136, "p90_ms": 1.3793280124664307}, "case": 17, "decision": {"reason": "environment_override", "value_slice": 128}, "eager": {"count": 60, "median_ms": 1.3656800389289856, "p10_ms": 1.3573119640350342, "p90_ms": 1.3787519931793213}, "graph": {"count": 60, "median_ms": 1.3644799590110779, "p10_ms": 1.3542720079421997, "p90_ms": 1.3737599849700928}, "kind": "performance", "name": "v128", "repeat": 1, "shape": {"batch": 1, "fp32": false, "gate": null, "heads": 12, "lengths": [8192], "state_mode": "both", "tokens": 8192}, "wall_sync": {"count": 20, "median_ms": 1.377599, "p10_ms": 1.370079, "p90_ms": 1.404619}}
{"cache_perturbed": {"count": 30, "median_ms": 0.8049760162830353, "p10_ms": 0.7975999712944031, "p90_ms": 0.8142719864845276}, "case": 17, "decision": {"predicted_ms": {"16": 0.5743007899999999, "32": 0.588260421, "64": 0.638657433, "128": 0.7839451}, "reason": "calibrated_score_with_guard_band", "resident_blocks_per_sm": {"16": 4, "32": 4, "64": 3, "128": 2}, "reuse_footprint_bytes": 85327872, "reuse_over_l2": 0.6432806324110671, "value_slice": 16}, "eager": {"count": 60, "median_ms": 0.8039039969444275, "p10_ms": 0.7951040267944336, "p90_ms": 0.8268799781799316}, "graph": {"count": 60, "median_ms": 0.7961919903755188, "p10_ms": 0.7900800108909607, "p90_ms": 0.809503972530365}, "kind": "performance", "name": "p4_auto", "repeat": 1, "shape": {"batch": 1, "fp32": false, "gate": null, "heads": 12, "lengths": [8192], "state_mode": "both", "tokens": 8192}, "wall_sync": {"count": 20, "median_ms": 0.810163, "p10_ms": 0.807603, "p90_ms": 0.827664}}
{"cache_perturbed": {"count": 30, "median_ms": 0.7500639855861664, "p10_ms": 0.7460479736328125, "p90_ms": 0.7627840042114258}, "case": 17, "decision": {"predicted_ms": {"16": 0.5743007899999999, "32": 0.588260421, "64": 0.638657433, "128": 0.7839451}, "reason": "calibrated_score_with_guard_band", "resident_blocks_per_sm": {"16": 4, "32": 4, "64": 3, "128": 2}, "reuse_footprint_bytes": 85327872, "reuse_over_l2": 0.6432806324110671, "value_slice": 16}, "eager": {"count": 60, "median_ms": 0.7497279942035675, "p10_ms": 0.7440320253372192, "p90_ms": 0.7622399926185608}, "graph": {"count": 60, "median_ms": 0.7430400252342224, "p10_ms": 0.7398719787597656, "p90_ms": 0.757311999797821}, "kind": "performance", "name": "phase1_auto", "repeat": 1, "shape": {"batch": 1, "fp32": false, "gate": null, "heads": 12, "lengths": [8192], "state_mode": "both", "tokens": 8192}, "wall_sync": {"count": 20, "median_ms": 0.767983, "p10_ms": 0.757345, "p90_ms": 0.776884}}
{"cache_perturbed": {"count": 30, "median_ms": 0.8018079996109009, "p10_ms": 0.795744001865387, "p90_ms": 0.8161280155181885}, "case": 17, "decision": {"predicted_ms": {"16": 0.5743007899999999, "32": 0.588260421, "64": 0.638657433, "128": 0.7839451}, "reason": "calibrated_score_with_guard_band", "resident_blocks_per_sm": {"16": 4, "32": 4, "64": 3, "128": 2}, "reuse_footprint_bytes": 85327872, "reuse_over_l2": 0.6432806324110671, "value_slice": 16}, "eager": {"count": 60, "median_ms": 0.799807995557785, "p10_ms": 0.7970880270004272, "p90_ms": 0.8157439827919006}, "graph": {"count": 60, "median_ms": 0.7946079969406128, "p10_ms": 0.7900800108909607, "p90_ms": 0.809440016746521}, "kind": "performance", "name": "p4_auto", "repeat": 2, "shape": {"batch": 1, "fp32": false, "gate": null, "heads": 12, "lengths": [8192], "state_mode": "both", "tokens": 8192}, "wall_sync": {"count": 20, "median_ms": 0.8205335, "p10_ms": 0.806553, "p90_ms": 0.827284}}
{"cache_perturbed": {"count": 30, "median_ms": 0.7480320036411285, "p10_ms": 0.7462720274925232, "p90_ms": 0.7618880271911621}, "case": 17, "decision": {"predicted_ms": {"16": 0.5743007899999999, "32": 0.588260421, "64": 0.638657433, "128": 0.7839451}, "reason": "calibrated_score_with_guard_band", "resident_blocks_per_sm": {"16": 4, "32": 4, "64": 3, "128": 2}, "reuse_footprint_bytes": 85327872, "reuse_over_l2": 0.6432806324110671, "value_slice": 16}, "eager": {"count": 60, "median_ms": 0.7491360008716583, "p10_ms": 0.7438399791717529, "p90_ms": 0.7622079849243164}, "graph": {"count": 60, "median_ms": 0.7424319982528687, "p10_ms": 0.73990398645401, "p90_ms": 0.757311999797821}, "kind": "performance", "name": "phase1_auto", "repeat": 2, "shape": {"batch": 1, "fp32": false, "gate": null, "heads": 12, "lengths": [8192], "state_mode": "both", "tokens": 8192}, "wall_sync": {"count": 20, "median_ms": 0.7605795, "p10_ms": 0.756004, "p90_ms": 0.793284}}
{"cache_perturbed": {"count": 30, "median_ms": 1.3659359812736511, "p10_ms": 1.3598079681396484, "p90_ms": 1.378432035446167}, "case": 17, "decision": {"reason": "environment_override", "value_slice": 128}, "eager": {"count": 60, "median_ms": 1.3651840090751648, "p10_ms": 1.3582719564437866, "p90_ms": 1.3778560161590576}, "graph": {"count": 60, "median_ms": 1.3608640432357788, "p10_ms": 1.352255940437317, "p90_ms": 1.3716800212860107}, "kind": "performance", "name": "v128", "repeat": 2, "shape": {"batch": 1, "fp32": false, "gate": null, "heads": 12, "lengths": [8192], "state_mode": "both", "tokens": 8192}, "wall_sync": {"count": 20, "median_ms": 1.3734544999999998, "p10_ms": 1.36935, "p90_ms": 1.388218}}
{"case": 17, "kind": "post_correctness", "name": "p4_auto", "shape": {"batch": 1, "fp32": false, "gate": null, "heads": 12, "lengths": [8192], "state_mode": "both", "tokens": 8192}, "status": "PASS", "tensors": {"final_state": {"bitwise": true, "finite": true}, "out": {"bitwise": true, "finite": true}}}
{"case": 17, "kind": "post_correctness", "name": "phase1_auto", "shape": {"batch": 1, "fp32": false, "gate": null, "heads": 12, "lengths": [8192], "state_mode": "both", "tokens": 8192}, "status": "PASS", "tensors": {"final_state": {"bitwise": true, "finite": true}, "out": {"bitwise": true, "finite": true}}}
{"case": 17, "kind": "shape_complete", "shape": {"batch": 1, "fp32": false, "gate": null, "heads": 12, "lengths": [8192], "state_mode": "both", "tokens": 8192}}
{"case": 18, "kind": "graph_correctness", "name": "p4_auto", "shape": {"batch": 1, "fp32": false, "gate": null, "heads": 12, "lengths": null, "state_mode": "in", "tokens": 8192}, "status": "PASS", "tensors": {"out": {"bitwise": true, "finite": true}}}
{"case": 18, "kind": "graph_correctness", "name": "phase1_auto", "shape": {"batch": 1, "fp32": false, "gate": null, "heads": 12, "lengths": null, "state_mode": "in", "tokens": 8192}, "status": "PASS", "tensors": {"out": {"bitwise": true, "finite": true}}}
{"case": 18, "kind": "graph_correctness", "name": "v128", "shape": {"batch": 1, "fp32": false, "gate": null, "heads": 12, "lengths": null, "state_mode": "in", "tokens": 8192}, "status": "PASS", "tensors": {"out": {"bitwise": true, "finite": true}}}
{"cache_perturbed": {"count": 30, "median_ms": 0.7445760071277618, "p10_ms": 0.7412480115890503, "p90_ms": 0.7587839961051941}, "case": 18, "decision": {"predicted_ms": {"16": 0.5743007899999999, "32": 0.588260421, "64": 0.638657433, "128": 0.7839451}, "reason": "calibrated_score_with_guard_band", "resident_blocks_per_sm": {"16": 4, "32": 4, "64": 3, "128": 2}, "reuse_footprint_bytes": 85327872, "reuse_over_l2": 0.6432806324110671, "value_slice": 16}, "eager": {"count": 60, "median_ms": 0.7444320023059845, "p10_ms": 0.7399359941482544, "p90_ms": 0.7592639923095703}, "graph": {"count": 60, "median_ms": 0.7389439940452576, "p10_ms": 0.7368000149726868, "p90_ms": 0.7542080283164978}, "kind": "performance", "name": "phase1_auto", "repeat": 0, "shape": {"batch": 1, "fp32": false, "gate": null, "heads": 12, "lengths": null, "state_mode": "in", "tokens": 8192}, "wall_sync": {"count": 20, "median_ms": 0.7590835, "p10_ms": 0.752234, "p90_ms": 0.770354}}
{"cache_perturbed": {"count": 30, "median_ms": 1.3569279909133911, "p10_ms": 1.3477120399475098, "p90_ms": 1.3752319812774658}, "case": 18, "decision": {"reason": "environment_override", "value_slice": 128}, "eager": {"count": 60, "median_ms": 1.3572959899902344, "p10_ms": 1.3459199666976929, "p90_ms": 1.3715840578079224}, "graph": {"count": 60, "median_ms": 1.3506879806518555, "p10_ms": 1.3420159816741943, "p90_ms": 1.365440011024475}, "kind": "performance", "name": "v128", "repeat": 0, "shape": {"batch": 1, "fp32": false, "gate": null, "heads": 12, "lengths": null, "state_mode": "in", "tokens": 8192}, "wall_sync": {"count": 20, "median_ms": 1.369604, "p10_ms": 1.356289, "p90_ms": 1.381789}}
{"cache_perturbed": {"count": 30, "median_ms": 0.7915199995040894, "p10_ms": 0.7874879837036133, "p90_ms": 0.822272002696991}, "case": 18, "decision": {"predicted_ms": {"16": 0.5743007899999999, "32": 0.588260421, "64": 0.638657433, "128": 0.7839451}, "reason": "calibrated_score_with_guard_band", "resident_blocks_per_sm": {"16": 4, "32": 4, "64": 3, "128": 2}, "reuse_footprint_bytes": 85327872, "reuse_over_l2": 0.6432806324110671, "value_slice": 16}, "eager": {"count": 60, "median_ms": 0.7912000119686127, "p10_ms": 0.7869120240211487, "p90_ms": 0.8073920011520386}, "graph": {"count": 60, "median_ms": 0.7868799865245819, "p10_ms": 0.7847359776496887, "p90_ms": 0.8024640083312988}, "kind": "performance", "name": "p4_auto", "repeat": 0, "shape": {"batch": 1, "fp32": false, "gate": null, "heads": 12, "lengths": null, "state_mode": "in", "tokens": 8192}, "wall_sync": {"count": 20, "median_ms": 0.808039, "p10_ms": 0.800124, "p90_ms": 0.835533}}
{"cache_perturbed": {"count": 30, "median_ms": 0.7925440073013306, "p10_ms": 0.7895039916038513, "p90_ms": 0.8037760257720947}, "case": 18, "decision": {"predicted_ms": {"16": 0.5743007899999999, "32": 0.588260421, "64": 0.638657433, "128": 0.7839451}, "reason": "calibrated_score_with_guard_band", "resident_blocks_per_sm": {"16": 4, "32": 4, "64": 3, "128": 2}, "reuse_footprint_bytes": 85327872, "reuse_over_l2": 0.6432806324110671, "value_slice": 16}, "eager": {"count": 60, "median_ms": 0.7891360223293304, "p10_ms": 0.7860479950904846, "p90_ms": 0.8075519800186157}, "graph": {"count": 60, "median_ms": 0.7880319952964783, "p10_ms": 0.7847999930381775, "p90_ms": 0.8022080063819885}, "kind": "performance", "name": "p4_auto", "repeat": 1, "shape": {"batch": 1, "fp32": false, "gate": null, "heads": 12, "lengths": null, "state_mode": "in", "tokens": 8192}, "wall_sync": {"count": 20, "median_ms": 0.8044235, "p10_ms": 0.799323, "p90_ms": 0.816624}}
{"cache_perturbed": {"count": 30, "median_ms": 0.7506240010261536, "p10_ms": 0.7423040270805359, "p90_ms": 0.7598720192909241}, "case": 18, "decision": {"predicted_ms": {"16": 0.5743007899999999, "32": 0.588260421, "64": 0.638657433, "128": 0.7839451}, "reason": "calibrated_score_with_guard_band", "resident_blocks_per_sm": {"16": 4, "32": 4, "64": 3, "128": 2}, "reuse_footprint_bytes": 85327872, "reuse_over_l2": 0.6432806324110671, "value_slice": 16}, "eager": {"count": 60, "median_ms": 0.7469120025634766, "p10_ms": 0.7400640249252319, "p90_ms": 0.7585600018501282}, "graph": {"count": 60, "median_ms": 0.740911990404129, "p10_ms": 0.7369920015335083, "p90_ms": 0.7550399899482727}, "kind": "performance", "name": "phase1_auto", "repeat": 1, "shape": {"batch": 1, "fp32": false, "gate": null, "heads": 12, "lengths": null, "state_mode": "in", "tokens": 8192}, "wall_sync": {"count": 20, "median_ms": 0.7654295, "p10_ms": 0.755003, "p90_ms": 0.784944}}
{"cache_perturbed": {"count": 30, "median_ms": 1.354800045490265, "p10_ms": 1.3465280532836914, "p90_ms": 1.3721280097961426}, "case": 18, "decision": {"reason": "environment_override", "value_slice": 128}, "eager": {"count": 60, "median_ms": 1.3584799766540527, "p10_ms": 1.3481279611587524, "p90_ms": 1.3706560134887695}, "graph": {"count": 60, "median_ms": 1.3501439690589905, "p10_ms": 1.340831995010376, "p90_ms": 1.3674240112304688}, "kind": "performance", "name": "v128", "repeat": 1, "shape": {"batch": 1, "fp32": false, "gate": null, "heads": 12, "lengths": null, "state_mode": "in", "tokens": 8192}, "wall_sync": {"count": 20, "median_ms": 1.369394, "p10_ms": 1.35951, "p90_ms": 1.385869}}
{"cache_perturbed": {"count": 30, "median_ms": 0.7941119968891144, "p10_ms": 0.7894719839096069, "p90_ms": 0.8058879971504211}, "case": 18, "decision": {"predicted_ms": {"16": 0.5743007899999999, "32": 0.588260421, "64": 0.638657433, "128": 0.7839451}, "reason": "calibrated_score_with_guard_band", "resident_blocks_per_sm": {"16": 4, "32": 4, "64": 3, "128": 2}, "reuse_footprint_bytes": 85327872, "reuse_over_l2": 0.6432806324110671, "value_slice": 16}, "eager": {"count": 60, "median_ms": 0.790992021560669, "p10_ms": 0.7870079874992371, "p90_ms": 0.8062400221824646}, "graph": {"count": 60, "median_ms": 0.7885119915008545, "p10_ms": 0.7839679718017578, "p90_ms": 0.803167998790741}, "kind": "performance", "name": "p4_auto", "repeat": 2, "shape": {"batch": 1, "fp32": false, "gate": null, "heads": 12, "lengths": null, "state_mode": "in", "tokens": 8192}, "wall_sync": {"count": 20, "median_ms": 0.8047035, "p10_ms": 0.799834, "p90_ms": 0.819084}}
{"cache_perturbed": {"count": 30, "median_ms": 1.3557279706001282, "p10_ms": 1.346943974494934, "p90_ms": 1.3711680173873901}, "case": 18, "decision": {"reason": "environment_override", "value_slice": 128}, "eager": {"count": 60, "median_ms": 1.3548319935798645, "p10_ms": 1.346176028251648, "p90_ms": 1.3706879615783691}, "graph": {"count": 60, "median_ms": 1.3531839847564697, "p10_ms": 1.3420159816741943, "p90_ms": 1.366528034210205}, "kind": "performance", "name": "v128", "repeat": 2, "shape": {"batch": 1, "fp32": false, "gate": null, "heads": 12, "lengths": null, "state_mode": "in", "tokens": 8192}, "wall_sync": {"count": 20, "median_ms": 1.3692294999999999, "p10_ms": 1.362438, "p90_ms": 1.38261}}
{"cache_perturbed": {"count": 30, "median_ms": 0.7445600032806396, "p10_ms": 0.7423999905586243, "p90_ms": 0.7588160037994385}, "case": 18, "decision": {"predicted_ms": {"16": 0.5743007899999999, "32": 0.588260421, "64": 0.638657433, "128": 0.7839451}, "reason": "calibrated_score_with_guard_band", "resident_blocks_per_sm": {"16": 4, "32": 4, "64": 3, "128": 2}, "reuse_footprint_bytes": 85327872, "reuse_over_l2": 0.6432806324110671, "value_slice": 16}, "eager": {"count": 60, "median_ms": 0.7440319955348969, "p10_ms": 0.7409279942512512, "p90_ms": 0.7591680288314819}, "graph": {"count": 60, "median_ms": 0.7404159903526306, "p10_ms": 0.7376959919929504, "p90_ms": 0.7551680207252502}, "kind": "performance", "name": "phase1_auto", "repeat": 2, "shape": {"batch": 1, "fp32": false, "gate": null, "heads": 12, "lengths": null, "state_mode": "in", "tokens": 8192}, "wall_sync": {"count": 20, "median_ms": 0.7589195, "p10_ms": 0.752833, "p90_ms": 0.769163}}
{"case": 18, "kind": "post_correctness", "name": "p4_auto", "shape": {"batch": 1, "fp32": false, "gate": null, "heads": 12, "lengths": null, "state_mode": "in", "tokens": 8192}, "status": "PASS", "tensors": {"out": {"bitwise": true, "finite": true}}}
{"case": 18, "kind": "post_correctness", "name": "phase1_auto", "shape": {"batch": 1, "fp32": false, "gate": null, "heads": 12, "lengths": null, "state_mode": "in", "tokens": 8192}, "status": "PASS", "tensors": {"out": {"bitwise": true, "finite": true}}}
{"case": 18, "kind": "shape_complete", "shape": {"batch": 1, "fp32": false, "gate": null, "heads": 12, "lengths": null, "state_mode": "in", "tokens": 8192}}
{"case": 19, "kind": "graph_correctness", "name": "p4_auto", "shape": {"batch": 1, "fp32": false, "gate": null, "heads": 12, "lengths": [8192], "state_mode": "in", "tokens": 8192}, "status": "PASS", "tensors": {"out": {"bitwise": true, "finite": true}}}
{"case": 19, "kind": "graph_correctness", "name": "phase1_auto", "shape": {"batch": 1, "fp32": false, "gate": null, "heads": 12, "lengths": [8192], "state_mode": "in", "tokens": 8192}, "status": "PASS", "tensors": {"out": {"bitwise": true, "finite": true}}}
{"case": 19, "kind": "graph_correctness", "name": "v128", "shape": {"batch": 1, "fp32": false, "gate": null, "heads": 12, "lengths": [8192], "state_mode": "in", "tokens": 8192}, "status": "PASS", "tensors": {"out": {"bitwise": true, "finite": true}}}
{"cache_perturbed": {"count": 30, "median_ms": 0.7988160252571106, "p10_ms": 0.7967039942741394, "p90_ms": 0.8123840093612671}, "case": 19, "decision": {"predicted_ms": {"16": 0.5743007899999999, "32": 0.588260421, "64": 0.638657433, "128": 0.7839451}, "reason": "calibrated_score_with_guard_band", "resident_blocks_per_sm": {"16": 4, "32": 4, "64": 3, "128": 2}, "reuse_footprint_bytes": 85327872, "reuse_over_l2": 0.6432806324110671, "value_slice": 16}, "eager": {"count": 60, "median_ms": 0.7986720204353333, "p10_ms": 0.7941120266914368, "p90_ms": 0.8134719729423523}, "graph": {"count": 60, "median_ms": 0.7968159914016724, "p10_ms": 0.7900800108909607, "p90_ms": 0.8073599934577942}, "kind": "performance", "name": "p4_auto", "repeat": 0, "shape": {"batch": 1, "fp32": false, "gate": null, "heads": 12, "lengths": [8192], "state_mode": "in", "tokens": 8192}, "wall_sync": {"count": 20, "median_ms": 0.8093445, "p10_ms": 0.806374, "p90_ms": 0.823834}}
{"cache_perturbed": {"count": 30, "median_ms": 0.7567359805107117, "p10_ms": 0.7463039755821228, "p90_ms": 0.7628800272941589}, "case": 19, "decision": {"predicted_ms": {"16": 0.5743007899999999, "32": 0.588260421, "64": 0.638657433, "128": 0.7839451}, "reason": "calibrated_score_with_guard_band", "resident_blocks_per_sm": {"16": 4, "32": 4, "64": 3, "128": 2}, "reuse_footprint_bytes": 85327872, "reuse_over_l2": 0.6432806324110671, "value_slice": 16}, "eager": {"count": 60, "median_ms": 0.7491199970245361, "p10_ms": 0.7448959946632385, "p90_ms": 0.7634879946708679}, "graph": {"count": 60, "median_ms": 0.7429600059986115, "p10_ms": 0.73990398645401, "p90_ms": 0.7577919960021973}, "kind": "performance", "name": "phase1_auto", "repeat": 0, "shape": {"batch": 1, "fp32": false, "gate": null, "heads": 12, "lengths": [8192], "state_mode": "in", "tokens": 8192}, "wall_sync": {"count": 20, "median_ms": 0.7611235000000001, "p10_ms": 0.756284, "p90_ms": 0.778854}}
{"cache_perturbed": {"count": 30, "median_ms": 1.3665759563446045, "p10_ms": 1.3576639890670776, "p90_ms": 1.376255989074707}, "case": 19, "decision": {"reason": "environment_override", "value_slice": 128}, "eager": {"count": 60, "median_ms": 1.3674879670143127, "p10_ms": 1.3571200370788574, "p90_ms": 1.37881600856781}, "graph": {"count": 60, "median_ms": 1.3606399893760681, "p10_ms": 1.3522239923477173, "p90_ms": 1.372607946395874}, "kind": "performance", "name": "v128", "repeat": 0, "shape": {"batch": 1, "fp32": false, "gate": null, "heads": 12, "lengths": [8192], "state_mode": "in", "tokens": 8192}, "wall_sync": {"count": 20, "median_ms": 1.37751, "p10_ms": 1.36764, "p90_ms": 1.386219}}
{"cache_perturbed": {"count": 30, "median_ms": 1.3630720376968384, "p10_ms": 1.3583359718322754, "p90_ms": 1.3787200450897217}, "case": 19, "decision": {"reason": "environment_override", "value_slice": 128}, "eager": {"count": 60, "median_ms": 1.3645280003547668, "p10_ms": 1.3575999736785889, "p90_ms": 1.378656029701233}, "graph": {"count": 60, "median_ms": 1.3603360056877136, "p10_ms": 1.352031946182251, "p90_ms": 1.3725440502166748}, "kind": "performance", "name": "v128", "repeat": 1, "shape": {"batch": 1, "fp32": false, "gate": null, "heads": 12, "lengths": [8192], "state_mode": "in", "tokens": 8192}, "wall_sync": {"count": 20, "median_ms": 1.3771495, "p10_ms": 1.36887, "p90_ms": 1.39186}}
{"cache_perturbed": {"count": 30, "median_ms": 0.7981439828872681, "p10_ms": 0.7953919768333435, "p90_ms": 0.8121280074119568}, "case": 19, "decision": {"predicted_ms": {"16": 0.5743007899999999, "32": 0.588260421, "64": 0.638657433, "128": 0.7839451}, "reason": "calibrated_score_with_guard_band", "resident_blocks_per_sm": {"16": 4, "32": 4, "64": 3, "128": 2}, "reuse_footprint_bytes": 85327872, "reuse_over_l2": 0.6432806324110671, "value_slice": 16}, "eager": {"count": 60, "median_ms": 0.7991679906845093, "p10_ms": 0.7931839823722839, "p90_ms": 0.8126400113105774}, "graph": {"count": 60, "median_ms": 0.7921600043773651, "p10_ms": 0.7898560166358948, "p90_ms": 0.8074560165405273}, "kind": "performance", "name": "p4_auto", "repeat": 1, "shape": {"batch": 1, "fp32": false, "gate": null, "heads": 12, "lengths": [8192], "state_mode": "in", "tokens": 8192}, "wall_sync": {"count": 20, "median_ms": 0.8170489999999999, "p10_ms": 0.806904, "p90_ms": 0.826184}}
{"cache_perturbed": {"count": 30, "median_ms": 0.7512159943580627, "p10_ms": 0.7464640140533447, "p90_ms": 0.7628800272941589}, "case": 19, "decision": {"predicted_ms": {"16": 0.5743007899999999, "32": 0.588260421, "64": 0.638657433, "128": 0.7839451}, "reason": "calibrated_score_with_guard_band", "resident_blocks_per_sm": {"16": 4, "32": 4, "64": 3, "128": 2}, "reuse_footprint_bytes": 85327872, "reuse_over_l2": 0.6432806324110671, "value_slice": 16}, "eager": {"count": 60, "median_ms": 0.7495039999485016, "p10_ms": 0.7441279888153076, "p90_ms": 0.7623999714851379}, "graph": {"count": 60, "median_ms": 0.743008017539978, "p10_ms": 0.7402560114860535, "p90_ms": 0.757311999797821}, "kind": "performance", "name": "phase1_auto", "repeat": 1, "shape": {"batch": 1, "fp32": false, "gate": null, "heads": 12, "lengths": [8192], "state_mode": "in", "tokens": 8192}, "wall_sync": {"count": 20, "median_ms": 0.7586085, "p10_ms": 0.756845, "p90_ms": 0.775435}}
{"cache_perturbed": {"count": 30, "median_ms": 1.3676159977912903, "p10_ms": 1.3567039966583252, "p90_ms": 1.377344012260437}, "case": 19, "decision": {"reason": "environment_override", "value_slice": 128}, "eager": {"count": 60, "median_ms": 1.3665120005607605, "p10_ms": 1.3585920333862305, "p90_ms": 1.3778560161590576}, "graph": {"count": 60, "median_ms": 1.3604480028152466, "p10_ms": 1.3522239923477173, "p90_ms": 1.3716800212860107}, "kind": "performance", "name": "v128", "repeat": 2, "shape": {"batch": 1, "fp32": false, "gate": null, "heads": 12, "lengths": [8192], "state_mode": "in", "tokens": 8192}, "wall_sync": {"count": 20, "median_ms": 1.3789539999999998, "p10_ms": 1.368149, "p90_ms": 1.388009}}
{"cache_perturbed": {"count": 30, "median_ms": 0.7470720112323761, "p10_ms": 0.7445120215415955, "p90_ms": 0.7772160172462463}, "case": 19, "decision": {"predicted_ms": {"16": 0.5743007899999999, "32": 0.588260421, "64": 0.638657433, "128": 0.7839451}, "reason": "calibrated_score_with_guard_band", "resident_blocks_per_sm": {"16": 4, "32": 4, "64": 3, "128": 2}, "reuse_footprint_bytes": 85327872, "reuse_over_l2": 0.6432806324110671, "value_slice": 16}, "eager": {"count": 60, "median_ms": 0.7479360103607178, "p10_ms": 0.7440959811210632, "p90_ms": 0.7624319791793823}, "graph": {"count": 60, "median_ms": 0.7429600059986115, "p10_ms": 0.7407360076904297, "p90_ms": 0.7572799921035767}, "kind": "performance", "name": "phase1_auto", "repeat": 2, "shape": {"batch": 1, "fp32": false, "gate": null, "heads": 12, "lengths": [8192], "state_mode": "in", "tokens": 8192}, "wall_sync": {"count": 20, "median_ms": 0.7644044999999999, "p10_ms": 0.757313, "p90_ms": 0.774405}}
{"cache_perturbed": {"count": 30, "median_ms": 0.7987200021743774, "p10_ms": 0.795744001865387, "p90_ms": 0.8120959997177124}, "case": 19, "decision": {"predicted_ms": {"16": 0.5743007899999999, "32": 0.588260421, "64": 0.638657433, "128": 0.7839451}, "reason": "calibrated_score_with_guard_band", "resident_blocks_per_sm": {"16": 4, "32": 4, "64": 3, "128": 2}, "reuse_footprint_bytes": 85327872, "reuse_over_l2": 0.6432806324110671, "value_slice": 16}, "eager": {"count": 60, "median_ms": 0.797872006893158, "p10_ms": 0.7931519746780396, "p90_ms": 0.8165439963340759}, "graph": {"count": 60, "median_ms": 0.7931519746780396, "p10_ms": 0.7890560030937195, "p90_ms": 0.8076480031013489}, "kind": "performance", "name": "p4_auto", "repeat": 2, "shape": {"batch": 1, "fp32": false, "gate": null, "heads": 12, "lengths": [8192], "state_mode": "in", "tokens": 8192}, "wall_sync": {"count": 20, "median_ms": 0.809194, "p10_ms": 0.806624, "p90_ms": 0.825324}}
{"case": 19, "kind": "post_correctness", "name": "p4_auto", "shape": {"batch": 1, "fp32": false, "gate": null, "heads": 12, "lengths": [8192], "state_mode": "in", "tokens": 8192}, "status": "PASS", "tensors": {"out": {"bitwise": true, "finite": true}}}
{"case": 19, "kind": "post_correctness", "name": "phase1_auto", "shape": {"batch": 1, "fp32": false, "gate": null, "heads": 12, "lengths": [8192], "state_mode": "in", "tokens": 8192}, "status": "PASS", "tensors": {"out": {"bitwise": true, "finite": true}}}
{"case": 19, "kind": "shape_complete", "shape": {"batch": 1, "fp32": false, "gate": null, "heads": 12, "lengths": [8192], "state_mode": "in", "tokens": 8192}}
{"case": 20, "kind": "graph_correctness", "name": "p4_auto", "shape": {"batch": 1, "fp32": false, "gate": null, "heads": 12, "lengths": null, "state_mode": "out", "tokens": 8192}, "status": "PASS", "tensors": {"final_state": {"bitwise": true, "finite": true}, "out": {"bitwise": true, "finite": true}}}
{"case": 20, "kind": "graph_correctness", "name": "phase1_auto", "shape": {"batch": 1, "fp32": false, "gate": null, "heads": 12, "lengths": null, "state_mode": "out", "tokens": 8192}, "status": "PASS", "tensors": {"final_state": {"bitwise": true, "finite": true}, "out": {"bitwise": true, "finite": true}}}
{"case": 20, "kind": "graph_correctness", "name": "v128", "shape": {"batch": 1, "fp32": false, "gate": null, "heads": 12, "lengths": null, "state_mode": "out", "tokens": 8192}, "status": "PASS", "tensors": {"final_state": {"bitwise": true, "finite": true}, "out": {"bitwise": true, "finite": true}}}
{"cache_perturbed": {"count": 30, "median_ms": 1.3808960318565369, "p10_ms": 1.363968014717102, "p90_ms": 1.391487956047058}, "case": 20, "decision": {"reason": "environment_override", "value_slice": 128}, "eager": {"count": 60, "median_ms": 1.3747519850730896, "p10_ms": 1.3643519878387451, "p90_ms": 1.393280029296875}, "graph": {"count": 60, "median_ms": 1.3700640201568604, "p10_ms": 1.3583680391311646, "p90_ms": 1.384992003440857}, "kind": "performance", "name": "v128", "repeat": 0, "shape": {"batch": 1, "fp32": false, "gate": null, "heads": 12, "lengths": null, "state_mode": "out", "tokens": 8192}, "wall_sync": {"count": 20, "median_ms": 1.3852734999999998, "p10_ms": 1.374179, "p90_ms": 1.39986}}
{"cache_perturbed": {"count": 30, "median_ms": 0.8643999993801117, "p10_ms": 0.8572160005569458, "p90_ms": 0.8775039911270142}, "case": 20, "decision": {"predicted_ms": {"16": 0.5743007899999999, "32": 0.588260421, "64": 0.638657433, "128": 0.7839451}, "reason": "calibrated_score_with_guard_band", "resident_blocks_per_sm": {"16": 4, "32": 4, "64": 3, "128": 2}, "reuse_footprint_bytes": 85327872, "reuse_over_l2": 0.6432806324110671, "value_slice": 16}, "eager": {"count": 60, "median_ms": 0.8622080087661743, "p10_ms": 0.8546239733695984, "p90_ms": 0.8769599795341492}, "graph": {"count": 60, "median_ms": 0.8545440137386322, "p10_ms": 0.8515200018882751, "p90_ms": 0.871999979019165}, "kind": "performance", "name": "phase1_auto", "repeat": 0, "shape": {"batch": 1, "fp32": false, "gate": null, "heads": 12, "lengths": null, "state_mode": "out", "tokens": 8192}, "wall_sync": {"count": 20, "median_ms": 0.870243, "p10_ms": 0.867793, "p90_ms": 0.887743}}
{"cache_perturbed": {"count": 30, "median_ms": 0.9538559913635254, "p10_ms": 0.9471679925918579, "p90_ms": 0.9696959853172302}, "case": 20, "decision": {"predicted_ms": {"16": 0.5743007899999999, "32": 0.588260421, "64": 0.638657433, "128": 0.7839451}, "reason": "calibrated_score_with_guard_band", "resident_blocks_per_sm": {"16": 4, "32": 4, "64": 3, "128": 2}, "reuse_footprint_bytes": 85327872, "reuse_over_l2": 0.6432806324110671, "value_slice": 16}, "eager": {"count": 60, "median_ms": 0.9509119987487793, "p10_ms": 0.9469760060310364, "p90_ms": 0.9694719910621643}, "graph": {"count": 60, "median_ms": 0.9488959908485413, "p10_ms": 0.9434880018234253, "p90_ms": 0.9642559885978699}, "kind": "performance", "name": "p4_auto", "repeat": 0, "shape": {"batch": 1, "fp32": false, "gate": null, "heads": 12, "lengths": null, "state_mode": "out", "tokens": 8192}, "wall_sync": {"count": 20, "median_ms": 0.9680225, "p10_ms": 0.956272, "p90_ms": 0.987222}}
{"cache_perturbed": {"count": 30, "median_ms": 0.9508000016212463, "p10_ms": 0.9461119771003723, "p90_ms": 0.9657279849052429}, "case": 20, "decision": {"predicted_ms": {"16": 0.5743007899999999, "32": 0.588260421, "64": 0.638657433, "128": 0.7839451}, "reason": "calibrated_score_with_guard_band", "resident_blocks_per_sm": {"16": 4, "32": 4, "64": 3, "128": 2}, "reuse_footprint_bytes": 85327872, "reuse_over_l2": 0.6432806324110671, "value_slice": 16}, "eager": {"count": 60, "median_ms": 0.9507200121879578, "p10_ms": 0.9455040097236633, "p90_ms": 0.9712640047073364}, "graph": {"count": 60, "median_ms": 0.9482560157775879, "p10_ms": 0.9416000247001648, "p90_ms": 0.9641280174255371}, "kind": "performance", "name": "p4_auto", "repeat": 1, "shape": {"batch": 1, "fp32": false, "gate": null, "heads": 12, "lengths": null, "state_mode": "out", "tokens": 8192}, "wall_sync": {"count": 20, "median_ms": 0.9615265, "p10_ms": 0.958163, "p90_ms": 0.982441}}
{"cache_perturbed": {"count": 30, "median_ms": 0.8632160127162933, "p10_ms": 0.857151985168457, "p90_ms": 0.8796160221099854}, "case": 20, "decision": {"predicted_ms": {"16": 0.5743007899999999, "32": 0.588260421, "64": 0.638657433, "128": 0.7839451}, "reason": "calibrated_score_with_guard_band", "resident_blocks_per_sm": {"16": 4, "32": 4, "64": 3, "128": 2}, "reuse_footprint_bytes": 85327872, "reuse_over_l2": 0.6432806324110671, "value_slice": 16}, "eager": {"count": 60, "median_ms": 0.862384021282196, "p10_ms": 0.8555840253829956, "p90_ms": 0.8771520256996155}, "graph": {"count": 60, "median_ms": 0.8542400002479553, "p10_ms": 0.8515200018882751, "p90_ms": 0.871999979019165}, "kind": "performance", "name": "phase1_auto", "repeat": 1, "shape": {"batch": 1, "fp32": false, "gate": null, "heads": 12, "lengths": null, "state_mode": "out", "tokens": 8192}, "wall_sync": {"count": 20, "median_ms": 0.8711385, "p10_ms": 0.868193, "p90_ms": 0.887763}}
{"cache_perturbed": {"count": 30, "median_ms": 1.37527996301651, "p10_ms": 1.3649280071258545, "p90_ms": 1.3928320407867432}, "case": 20, "decision": {"reason": "environment_override", "value_slice": 128}, "eager": {"count": 60, "median_ms": 1.3736799955368042, "p10_ms": 1.3644800186157227, "p90_ms": 1.3892159461975098}, "graph": {"count": 60, "median_ms": 1.3708799481391907, "p10_ms": 1.3612480163574219, "p90_ms": 1.3850239515304565}, "kind": "performance", "name": "v128", "repeat": 1, "shape": {"batch": 1, "fp32": false, "gate": null, "heads": 12, "lengths": null, "state_mode": "out", "tokens": 8192}, "wall_sync": {"count": 20, "median_ms": 1.3834785, "p10_ms": 1.375389, "p90_ms": 1.400229}}
{"cache_perturbed": {"count": 30, "median_ms": 0.8629440069198608, "p10_ms": 0.857151985168457, "p90_ms": 0.8767039775848389}, "case": 20, "decision": {"predicted_ms": {"16": 0.5743007899999999, "32": 0.588260421, "64": 0.638657433, "128": 0.7839451}, "reason": "calibrated_score_with_guard_band", "resident_blocks_per_sm": {"16": 4, "32": 4, "64": 3, "128": 2}, "reuse_footprint_bytes": 85327872, "reuse_over_l2": 0.6432806324110671, "value_slice": 16}, "eager": {"count": 60, "median_ms": 0.8617440164089203, "p10_ms": 0.8556159734725952, "p90_ms": 0.8771520256996155}, "graph": {"count": 60, "median_ms": 0.8566239774227142, "p10_ms": 0.8515200018882751, "p90_ms": 0.871999979019165}, "kind": "performance", "name": "phase1_auto", "repeat": 2, "shape": {"batch": 1, "fp32": false, "gate": null, "heads": 12, "lengths": null, "state_mode": "out", "tokens": 8192}, "wall_sync": {"count": 20, "median_ms": 0.8733335, "p10_ms": 0.868884, "p90_ms": 0.890624}}
{"cache_perturbed": {"count": 30, "median_ms": 1.373136043548584, "p10_ms": 1.362720012664795, "p90_ms": 1.3905919790267944}, "case": 20, "decision": {"reason": "environment_override", "value_slice": 128}, "eager": {"count": 60, "median_ms": 1.3726719617843628, "p10_ms": 1.3635519742965698, "p90_ms": 1.3911360502243042}, "graph": {"count": 60, "median_ms": 1.368671953678131, "p10_ms": 1.361407995223999, "p90_ms": 1.384992003440857}, "kind": "performance", "name": "v128", "repeat": 2, "shape": {"batch": 1, "fp32": false, "gate": null, "heads": 12, "lengths": null, "state_mode": "out", "tokens": 8192}, "wall_sync": {"count": 20, "median_ms": 1.3844385, "p10_ms": 1.375029, "p90_ms": 1.400629}}
{"cache_perturbed": {"count": 30, "median_ms": 0.9543040096759796, "p10_ms": 0.9473919868469238, "p90_ms": 0.9696320295333862}, "case": 20, "decision": {"predicted_ms": {"16": 0.5743007899999999, "32": 0.588260421, "64": 0.638657433, "128": 0.7839451}, "reason": "calibrated_score_with_guard_band", "resident_blocks_per_sm": {"16": 4, "32": 4, "64": 3, "128": 2}, "reuse_footprint_bytes": 85327872, "reuse_over_l2": 0.6432806324110671, "value_slice": 16}, "eager": {"count": 60, "median_ms": 0.9508480131626129, "p10_ms": 0.9465919733047485, "p90_ms": 0.9701759815216064}, "graph": {"count": 60, "median_ms": 0.9465279877185822, "p10_ms": 0.9424960017204285, "p90_ms": 0.9651520252227783}, "kind": "performance", "name": "p4_auto", "repeat": 2, "shape": {"batch": 1, "fp32": false, "gate": null, "heads": 12, "lengths": null, "state_mode": "out", "tokens": 8192}, "wall_sync": {"count": 20, "median_ms": 0.9638530000000001, "p10_ms": 0.958443, "p90_ms": 0.980623}}
{"case": 20, "kind": "post_correctness", "name": "p4_auto", "shape": {"batch": 1, "fp32": false, "gate": null, "heads": 12, "lengths": null, "state_mode": "out", "tokens": 8192}, "status": "PASS", "tensors": {"final_state": {"bitwise": true, "finite": true}, "out": {"bitwise": true, "finite": true}}}
{"case": 20, "kind": "post_correctness", "name": "phase1_auto", "shape": {"batch": 1, "fp32": false, "gate": null, "heads": 12, "lengths": null, "state_mode": "out", "tokens": 8192}, "status": "PASS", "tensors": {"final_state": {"bitwise": true, "finite": true}, "out": {"bitwise": true, "finite": true}}}
{"case": 20, "kind": "shape_complete", "shape": {"batch": 1, "fp32": false, "gate": null, "heads": 12, "lengths": null, "state_mode": "out", "tokens": 8192}}
{"case": 21, "kind": "graph_correctness", "name": "p4_auto", "shape": {"batch": 1, "fp32": false, "gate": null, "heads": 12, "lengths": [8192], "state_mode": "out", "tokens": 8192}, "status": "PASS", "tensors": {"final_state": {"bitwise": true, "finite": true}, "out": {"bitwise": true, "finite": true}}}
{"case": 21, "kind": "graph_correctness", "name": "phase1_auto", "shape": {"batch": 1, "fp32": false, "gate": null, "heads": 12, "lengths": [8192], "state_mode": "out", "tokens": 8192}, "status": "PASS", "tensors": {"final_state": {"bitwise": true, "finite": true}, "out": {"bitwise": true, "finite": true}}}
{"case": 21, "kind": "graph_correctness", "name": "v128", "shape": {"batch": 1, "fp32": false, "gate": null, "heads": 12, "lengths": [8192], "state_mode": "out", "tokens": 8192}, "status": "PASS", "tensors": {"final_state": {"bitwise": true, "finite": true}, "out": {"bitwise": true, "finite": true}}}
{"cache_perturbed": {"count": 30, "median_ms": 0.959551990032196, "p10_ms": 0.9522879719734192, "p90_ms": 0.9757760167121887}, "case": 21, "decision": {"predicted_ms": {"16": 0.5743007899999999, "32": 0.588260421, "64": 0.638657433, "128": 0.7839451}, "reason": "calibrated_score_with_guard_band", "resident_blocks_per_sm": {"16": 4, "32": 4, "64": 3, "128": 2}, "reuse_footprint_bytes": 85327872, "reuse_over_l2": 0.6432806324110671, "value_slice": 16}, "eager": {"count": 60, "median_ms": 0.9600160121917725, "p10_ms": 0.9508159756660461, "p90_ms": 0.9753599762916565}, "graph": {"count": 60, "median_ms": 0.9555360078811646, "p10_ms": 0.9476799964904785, "p90_ms": 0.9713280200958252}, "kind": "performance", "name": "p4_auto", "repeat": 0, "shape": {"batch": 1, "fp32": false, "gate": null, "heads": 12, "lengths": [8192], "state_mode": "out", "tokens": 8192}, "wall_sync": {"count": 20, "median_ms": 0.972688, "p10_ms": 0.964372, "p90_ms": 0.986592}}
{"cache_perturbed": {"count": 30, "median_ms": 1.3726879954338074, "p10_ms": 1.3608959913253784, "p90_ms": 1.3844480514526367}, "case": 21, "decision": {"reason": "environment_override", "value_slice": 128}, "eager": {"count": 60, "median_ms": 1.370639979839325, "p10_ms": 1.3623360395431519, "p90_ms": 1.3852159976959229}, "graph": {"count": 60, "median_ms": 1.3645760416984558, "p10_ms": 1.3572800159454346, "p90_ms": 1.3789119720458984}, "kind": "performance", "name": "v128", "repeat": 0, "shape": {"batch": 1, "fp32": false, "gate": null, "heads": 12, "lengths": [8192], "state_mode": "out", "tokens": 8192}, "wall_sync": {"count": 20, "median_ms": 1.3794650000000002, "p10_ms": 1.373308, "p90_ms": 1.394909}}
{"cache_perturbed": {"count": 30, "median_ms": 0.847791999578476, "p10_ms": 0.8427199721336365, "p90_ms": 0.8612160086631775}, "case": 21, "decision": {"predicted_ms": {"16": 0.5743007899999999, "32": 0.588260421, "64": 0.638657433, "128": 0.7839451}, "reason": "calibrated_score_with_guard_band", "resident_blocks_per_sm": {"16": 4, "32": 4, "64": 3, "128": 2}, "reuse_footprint_bytes": 85327872, "reuse_over_l2": 0.6432806324110671, "value_slice": 16}, "eager": {"count": 60, "median_ms": 0.8449279963970184, "p10_ms": 0.8412799835205078, "p90_ms": 0.8625919818878174}, "graph": {"count": 60, "median_ms": 0.8402400016784668, "p10_ms": 0.8361279964447021, "p90_ms": 0.8586879968643188}, "kind": "performance", "name": "phase1_auto", "repeat": 0, "shape": {"batch": 1, "fp32": false, "gate": null, "heads": 12, "lengths": [8192], "state_mode": "out", "tokens": 8192}, "wall_sync": {"count": 20, "median_ms": 0.857703, "p10_ms": 0.852363, "p90_ms": 0.877614}}
{"cache_perturbed": {"count": 30, "median_ms": 1.3696159720420837, "p10_ms": 1.3630080223083496, "p90_ms": 1.3855040073394775}, "case": 21, "decision": {"reason": "environment_override", "value_slice": 128}, "eager": {"count": 60, "median_ms": 1.3727200031280518, "p10_ms": 1.3644479513168335, "p90_ms": 1.387071967124939}, "graph": {"count": 60, "median_ms": 1.3664639592170715, "p10_ms": 1.3563200235366821, "p90_ms": 1.380895972251892}, "kind": "performance", "name": "v128", "repeat": 1, "shape": {"batch": 1, "fp32": false, "gate": null, "heads": 12, "lengths": [8192], "state_mode": "out", "tokens": 8192}, "wall_sync": {"count": 20, "median_ms": 1.382889, "p10_ms": 1.37058, "p90_ms": 1.398189}}
{"cache_perturbed": {"count": 30, "median_ms": 0.9593920111656189, "p10_ms": 0.9533439874649048, "p90_ms": 0.9761599898338318}, "case": 21, "decision": {"predicted_ms": {"16": 0.5743007899999999, "32": 0.588260421, "64": 0.638657433, "128": 0.7839451}, "reason": "calibrated_score_with_guard_band", "resident_blocks_per_sm": {"16": 4, "32": 4, "64": 3, "128": 2}, "reuse_footprint_bytes": 85327872, "reuse_over_l2": 0.6432806324110671, "value_slice": 16}, "eager": {"count": 60, "median_ms": 0.9590559899806976, "p10_ms": 0.9519680142402649, "p90_ms": 0.9755200147628784}, "graph": {"count": 60, "median_ms": 0.9553280174732208, "p10_ms": 0.9477760195732117, "p90_ms": 0.9713280200958252}, "kind": "performance", "name": "p4_auto", "repeat": 1, "shape": {"batch": 1, "fp32": false, "gate": null, "heads": 12, "lengths": [8192], "state_mode": "out", "tokens": 8192}, "wall_sync": {"count": 20, "median_ms": 0.9728425, "p10_ms": 0.965632, "p90_ms": 0.986092}}
{"cache_perturbed": {"count": 30, "median_ms": 0.8452959954738617, "p10_ms": 0.8417279720306396, "p90_ms": 0.8611519932746887}, "case": 21, "decision": {"predicted_ms": {"16": 0.5743007899999999, "32": 0.588260421, "64": 0.638657433, "128": 0.7839451}, "reason": "calibrated_score_with_guard_band", "resident_blocks_per_sm": {"16": 4, "32": 4, "64": 3, "128": 2}, "reuse_footprint_bytes": 85327872, "reuse_over_l2": 0.6432806324110671, "value_slice": 16}, "eager": {"count": 60, "median_ms": 0.8448000252246857, "p10_ms": 0.8401920199394226, "p90_ms": 0.8626559972763062}, "graph": {"count": 60, "median_ms": 0.8392319977283478, "p10_ms": 0.8361600041389465, "p90_ms": 0.8554239869117737}, "kind": "performance", "name": "phase1_auto", "repeat": 1, "shape": {"batch": 1, "fp32": false, "gate": null, "heads": 12, "lengths": [8192], "state_mode": "out", "tokens": 8192}, "wall_sync": {"count": 20, "median_ms": 0.8612335, "p10_ms": 0.853643, "p90_ms": 0.871224}}
{"cache_perturbed": {"count": 30, "median_ms": 1.3704800009727478, "p10_ms": 1.3609600067138672, "p90_ms": 1.385472059249878}, "case": 21, "decision": {"reason": "environment_override", "value_slice": 128}, "eager": {"count": 60, "median_ms": 1.3707039952278137, "p10_ms": 1.363360047340393, "p90_ms": 1.387168049812317}, "graph": {"count": 60, "median_ms": 1.3659520149230957, "p10_ms": 1.356287956237793, "p90_ms": 1.3809280395507812}, "kind": "performance", "name": "v128", "repeat": 2, "shape": {"batch": 1, "fp32": false, "gate": null, "heads": 12, "lengths": [8192], "state_mode": "out", "tokens": 8192}, "wall_sync": {"count": 20, "median_ms": 1.3807335, "p10_ms": 1.37106, "p90_ms": 1.39697}}
{"cache_perturbed": {"count": 30, "median_ms": 0.9563040137290955, "p10_ms": 0.9533439874649048, "p90_ms": 0.9769279956817627}, "case": 21, "decision": {"predicted_ms": {"16": 0.5743007899999999, "32": 0.588260421, "64": 0.638657433, "128": 0.7839451}, "reason": "calibrated_score_with_guard_band", "resident_blocks_per_sm": {"16": 4, "32": 4, "64": 3, "128": 2}, "reuse_footprint_bytes": 85327872, "reuse_over_l2": 0.6432806324110671, "value_slice": 16}, "eager": {"count": 60, "median_ms": 0.9569120109081268, "p10_ms": 0.9519360065460205, "p90_ms": 0.9762560129165649}, "graph": {"count": 60, "median_ms": 0.9558559954166412, "p10_ms": 0.9488000273704529, "p90_ms": 0.9691839814186096}, "kind": "performance", "name": "p4_auto", "repeat": 2, "shape": {"batch": 1, "fp32": false, "gate": null, "heads": 12, "lengths": [8192], "state_mode": "out", "tokens": 8192}, "wall_sync": {"count": 20, "median_ms": 0.9690715, "p10_ms": 0.964293, "p90_ms": 0.986042}}
{"cache_perturbed": {"count": 30, "median_ms": 0.8447679877281189, "p10_ms": 0.8427519798278809, "p90_ms": 0.8621760010719299}, "case": 21, "decision": {"predicted_ms": {"16": 0.5743007899999999, "32": 0.588260421, "64": 0.638657433, "128": 0.7839451}, "reason": "calibrated_score_with_guard_band", "resident_blocks_per_sm": {"16": 4, "32": 4, "64": 3, "128": 2}, "reuse_footprint_bytes": 85327872, "reuse_over_l2": 0.6432806324110671, "value_slice": 16}, "eager": {"count": 60, "median_ms": 0.8536159992218018, "p10_ms": 0.8443520069122314, "p90_ms": 0.8617920279502869}, "graph": {"count": 60, "median_ms": 0.842303991317749, "p10_ms": 0.8361600041389465, "p90_ms": 0.8545920252799988}, "kind": "performance", "name": "phase1_auto", "repeat": 2, "shape": {"batch": 1, "fp32": false, "gate": null, "heads": 12, "lengths": [8192], "state_mode": "out", "tokens": 8192}, "wall_sync": {"count": 20, "median_ms": 0.856803, "p10_ms": 0.852463, "p90_ms": 0.874202}}
{"case": 21, "kind": "post_correctness", "name": "p4_auto", "shape": {"batch": 1, "fp32": false, "gate": null, "heads": 12, "lengths": [8192], "state_mode": "out", "tokens": 8192}, "status": "PASS", "tensors": {"final_state": {"bitwise": true, "finite": true}, "out": {"bitwise": true, "finite": true}}}
{"case": 21, "kind": "post_correctness", "name": "phase1_auto", "shape": {"batch": 1, "fp32": false, "gate": null, "heads": 12, "lengths": [8192], "state_mode": "out", "tokens": 8192}, "status": "PASS", "tensors": {"final_state": {"bitwise": true, "finite": true}, "out": {"bitwise": true, "finite": true}}}
{"case": 21, "kind": "shape_complete", "shape": {"batch": 1, "fp32": false, "gate": null, "heads": 12, "lengths": [8192], "state_mode": "out", "tokens": 8192}}
{"case": 22, "kind": "graph_correctness", "name": "p4_auto", "shape": {"batch": 1, "fp32": false, "gate": null, "heads": 12, "lengths": null, "state_mode": "none", "tokens": 8192}, "status": "PASS", "tensors": {"out": {"bitwise": true, "finite": true}}}
{"case": 22, "kind": "graph_correctness", "name": "phase1_auto", "shape": {"batch": 1, "fp32": false, "gate": null, "heads": 12, "lengths": null, "state_mode": "none", "tokens": 8192}, "status": "PASS", "tensors": {"out": {"bitwise": true, "finite": true}}}
{"case": 22, "kind": "graph_correctness", "name": "v128", "shape": {"batch": 1, "fp32": false, "gate": null, "heads": 12, "lengths": null, "state_mode": "none", "tokens": 8192}, "status": "PASS", "tensors": {"out": {"bitwise": true, "finite": true}}}
{"cache_perturbed": {"count": 30, "median_ms": 0.8684319853782654, "p10_ms": 0.8622400164604187, "p90_ms": 0.8827199935913086}, "case": 22, "decision": {"predicted_ms": {"16": 0.5743007899999999, "32": 0.588260421, "64": 0.638657433, "128": 0.7839451}, "reason": "calibrated_score_with_guard_band", "resident_blocks_per_sm": {"16": 4, "32": 4, "64": 3, "128": 2}, "reuse_footprint_bytes": 85327872, "reuse_over_l2": 0.6432806324110671, "value_slice": 16}, "eager": {"count": 60, "median_ms": 0.864736020565033, "p10_ms": 0.8607680201530457, "p90_ms": 0.8821439743041992}, "graph": {"count": 60, "median_ms": 0.8637279868125916, "p10_ms": 0.8586559891700745, "p90_ms": 0.8780480027198792}, "kind": "performance", "name": "phase1_auto", "repeat": 0, "shape": {"batch": 1, "fp32": false, "gate": null, "heads": 12, "lengths": null, "state_mode": "none", "tokens": 8192}, "wall_sync": {"count": 20, "median_ms": 0.8761825, "p10_ms": 0.874032, "p90_ms": 0.893762}}
{"cache_perturbed": {"count": 30, "median_ms": 0.9494719803333282, "p10_ms": 0.9462080001831055, "p90_ms": 0.968608021736145}, "case": 22, "decision": {"predicted_ms": {"16": 0.5743007899999999, "32": 0.588260421, "64": 0.638657433, "128": 0.7839451}, "reason": "calibrated_score_with_guard_band", "resident_blocks_per_sm": {"16": 4, "32": 4, "64": 3, "128": 2}, "reuse_footprint_bytes": 85327872, "reuse_over_l2": 0.6432806324110671, "value_slice": 16}, "eager": {"count": 60, "median_ms": 0.9519360065460205, "p10_ms": 0.9457280039787292, "p90_ms": 0.9701120257377625}, "graph": {"count": 60, "median_ms": 0.9497919976711273, "p10_ms": 0.9436799883842468, "p90_ms": 0.9662079811096191}, "kind": "performance", "name": "p4_auto", "repeat": 0, "shape": {"batch": 1, "fp32": false, "gate": null, "heads": 12, "lengths": null, "state_mode": "none", "tokens": 8192}, "wall_sync": {"count": 20, "median_ms": 0.964297, "p10_ms": 0.957582, "p90_ms": 0.980862}}
{"cache_perturbed": {"count": 30, "median_ms": 1.3701280355453491, "p10_ms": 1.363711953163147, "p90_ms": 1.38755202293396}, "case": 22, "decision": {"reason": "environment_override", "value_slice": 128}, "eager": {"count": 60, "median_ms": 1.3716800212860107, "p10_ms": 1.3614399433135986, "p90_ms": 1.3871999979019165}, "graph": {"count": 60, "median_ms": 1.3665920495986938, "p10_ms": 1.357375979423523, "p90_ms": 1.3839679956436157}, "kind": "performance", "name": "v128", "repeat": 0, "shape": {"batch": 1, "fp32": false, "gate": null, "heads": 12, "lengths": null, "state_mode": "none", "tokens": 8192}, "wall_sync": {"count": 20, "median_ms": 1.381075, "p10_ms": 1.36999, "p90_ms": 1.398728}}
{"cache_perturbed": {"count": 30, "median_ms": 0.8677760064601898, "p10_ms": 0.8621119856834412, "p90_ms": 0.8826239705085754}, "case": 22, "decision": {"predicted_ms": {"16": 0.5743007899999999, "32": 0.588260421, "64": 0.638657433, "128": 0.7839451}, "reason": "calibrated_score_with_guard_band", "resident_blocks_per_sm": {"16": 4, "32": 4, "64": 3, "128": 2}, "reuse_footprint_bytes": 85327872, "reuse_over_l2": 0.6432806324110671, "value_slice": 16}, "eager": {"count": 60, "median_ms": 0.8749119937419891, "p10_ms": 0.8586879968643188, "p90_ms": 0.8955519795417786}, "graph": {"count": 60, "median_ms": 0.8617600202560425, "p10_ms": 0.8586239814758301, "p90_ms": 0.8790720105171204}, "kind": "performance", "name": "phase1_auto", "repeat": 1, "shape": {"batch": 1, "fp32": false, "gate": null, "heads": 12, "lengths": null, "state_mode": "none", "tokens": 8192}, "wall_sync": {"count": 20, "median_ms": 0.878798, "p10_ms": 0.874093, "p90_ms": 0.894533}}
{"cache_perturbed": {"count": 30, "median_ms": 0.9522559940814972, "p10_ms": 0.9462720155715942, "p90_ms": 0.9738559722900391}, "case": 22, "decision": {"predicted_ms": {"16": 0.5743007899999999, "32": 0.588260421, "64": 0.638657433, "128": 0.7839451}, "reason": "calibrated_score_with_guard_band", "resident_blocks_per_sm": {"16": 4, "32": 4, "64": 3, "128": 2}, "reuse_footprint_bytes": 85327872, "reuse_over_l2": 0.6432806324110671, "value_slice": 16}, "eager": {"count": 60, "median_ms": 0.9514240026473999, "p10_ms": 0.9457280039787292, "p90_ms": 0.9701439738273621}, "graph": {"count": 60, "median_ms": 0.9477760195732117, "p10_ms": 0.9424639940261841, "p90_ms": 0.9712640047073364}, "kind": "performance", "name": "p4_auto", "repeat": 1, "shape": {"batch": 1, "fp32": false, "gate": null, "heads": 12, "lengths": null, "state_mode": "none", "tokens": 8192}, "wall_sync": {"count": 20, "median_ms": 0.9630974999999999, "p10_ms": 0.956513, "p90_ms": 0.979722}}
{"cache_perturbed": {"count": 30, "median_ms": 1.3712159991264343, "p10_ms": 1.363103985786438, "p90_ms": 1.3876479864120483}, "case": 22, "decision": {"reason": "environment_override", "value_slice": 128}, "eager": {"count": 60, "median_ms": 1.3718720078468323, "p10_ms": 1.3583999872207642, "p90_ms": 1.3878079652786255}, "graph": {"count": 60, "median_ms": 1.369983971118927, "p10_ms": 1.3603520393371582, "p90_ms": 1.3838080167770386}, "kind": "performance", "name": "v128", "repeat": 1, "shape": {"batch": 1, "fp32": false, "gate": null, "heads": 12, "lengths": null, "state_mode": "none", "tokens": 8192}, "wall_sync": {"count": 20, "median_ms": 1.380844, "p10_ms": 1.373578, "p90_ms": 1.398009}}
{"cache_perturbed": {"count": 30, "median_ms": 0.8658560216426849, "p10_ms": 0.8632000088691711, "p90_ms": 0.8817279934883118}, "case": 22, "decision": {"predicted_ms": {"16": 0.5743007899999999, "32": 0.588260421, "64": 0.638657433, "128": 0.7839451}, "reason": "calibrated_score_with_guard_band", "resident_blocks_per_sm": {"16": 4, "32": 4, "64": 3, "128": 2}, "reuse_footprint_bytes": 85327872, "reuse_over_l2": 0.6432806324110671, "value_slice": 16}, "eager": {"count": 60, "median_ms": 0.8662559986114502, "p10_ms": 0.86080002784729, "p90_ms": 0.883135974407196}, "graph": {"count": 60, "median_ms": 0.8611519932746887, "p10_ms": 0.8576639890670776, "p90_ms": 0.8791040182113647}, "kind": "performance", "name": "phase1_auto", "repeat": 2, "shape": {"batch": 1, "fp32": false, "gate": null, "heads": 12, "lengths": null, "state_mode": "none", "tokens": 8192}, "wall_sync": {"count": 20, "median_ms": 0.876969, "p10_ms": 0.872963, "p90_ms": 0.897712}}
{"cache_perturbed": {"count": 30, "median_ms": 1.3752639889717102, "p10_ms": 1.3594880104064941, "p90_ms": 1.3874880075454712}, "case": 22, "decision": {"reason": "environment_override", "value_slice": 128}, "eager": {"count": 60, "median_ms": 1.373088002204895, "p10_ms": 1.3604480028152466, "p90_ms": 1.3889600038528442}, "graph": {"count": 60, "median_ms": 1.3695840239524841, "p10_ms": 1.3563200235366821, "p90_ms": 1.385151982307434}, "kind": "performance", "name": "v128", "repeat": 2, "shape": {"batch": 1, "fp32": false, "gate": null, "heads": 12, "lengths": null, "state_mode": "none", "tokens": 8192}, "wall_sync": {"count": 20, "median_ms": 1.3798395, "p10_ms": 1.373648, "p90_ms": 1.395919}}
{"cache_perturbed": {"count": 30, "median_ms": 0.9507519900798798, "p10_ms": 0.9470400214195251, "p90_ms": 0.9696639776229858}, "case": 22, "decision": {"predicted_ms": {"16": 0.5743007899999999, "32": 0.588260421, "64": 0.638657433, "128": 0.7839451}, "reason": "calibrated_score_with_guard_band", "resident_blocks_per_sm": {"16": 4, "32": 4, "64": 3, "128": 2}, "reuse_footprint_bytes": 85327872, "reuse_over_l2": 0.6432806324110671, "value_slice": 16}, "eager": {"count": 60, "median_ms": 0.9554400146007538, "p10_ms": 0.9448639750480652, "p90_ms": 0.9702079892158508}, "graph": {"count": 60, "median_ms": 0.9487360119819641, "p10_ms": 0.9425920248031616, "p90_ms": 0.9661120176315308}, "kind": "performance", "name": "p4_auto", "repeat": 2, "shape": {"batch": 1, "fp32": false, "gate": null, "heads": 12, "lengths": null, "state_mode": "none", "tokens": 8192}, "wall_sync": {"count": 20, "median_ms": 0.9648275, "p10_ms": 0.956293, "p90_ms": 0.982052}}
{"case": 22, "kind": "post_correctness", "name": "p4_auto", "shape": {"batch": 1, "fp32": false, "gate": null, "heads": 12, "lengths": null, "state_mode": "none", "tokens": 8192}, "status": "PASS", "tensors": {"out": {"bitwise": true, "finite": true}}}
{"case": 22, "kind": "post_correctness", "name": "phase1_auto", "shape": {"batch": 1, "fp32": false, "gate": null, "heads": 12, "lengths": null, "state_mode": "none", "tokens": 8192}, "status": "PASS", "tensors": {"out": {"bitwise": true, "finite": true}}}
{"case": 22, "kind": "shape_complete", "shape": {"batch": 1, "fp32": false, "gate": null, "heads": 12, "lengths": null, "state_mode": "none", "tokens": 8192}}
{"case": 23, "kind": "graph_correctness", "name": "p4_auto", "shape": {"batch": 1, "fp32": false, "gate": null, "heads": 12, "lengths": [8192], "state_mode": "none", "tokens": 8192}, "status": "PASS", "tensors": {"out": {"bitwise": true, "finite": true}}}
{"case": 23, "kind": "graph_correctness", "name": "phase1_auto", "shape": {"batch": 1, "fp32": false, "gate": null, "heads": 12, "lengths": [8192], "state_mode": "none", "tokens": 8192}, "status": "PASS", "tensors": {"out": {"bitwise": true, "finite": true}}}
{"case": 23, "kind": "graph_correctness", "name": "v128", "shape": {"batch": 1, "fp32": false, "gate": null, "heads": 12, "lengths": [8192], "state_mode": "none", "tokens": 8192}, "status": "PASS", "tensors": {"out": {"bitwise": true, "finite": true}}}
{"cache_perturbed": {"count": 30, "median_ms": 0.8396959900856018, "p10_ms": 0.8354880213737488, "p90_ms": 0.8591359853744507}, "case": 23, "decision": {"predicted_ms": {"16": 0.5743007899999999, "32": 0.588260421, "64": 0.638657433, "128": 0.7839451}, "reason": "calibrated_score_with_guard_band", "resident_blocks_per_sm": {"16": 4, "32": 4, "64": 3, "128": 2}, "reuse_footprint_bytes": 85327872, "reuse_over_l2": 0.6432806324110671, "value_slice": 16}, "eager": {"count": 60, "median_ms": 0.842272013425827, "p10_ms": 0.8350080251693726, "p90_ms": 0.8588160276412964}, "graph": {"count": 60, "median_ms": 0.8319520056247711, "p10_ms": 0.8298879861831665, "p90_ms": 0.852512001991272}, "kind": "performance", "name": "phase1_auto", "repeat": 0, "shape": {"batch": 1, "fp32": false, "gate": null, "heads": 12, "lengths": [8192], "state_mode": "none", "tokens": 8192}, "wall_sync": {"count": 20, "median_ms": 0.8537790000000001, "p10_ms": 0.846423, "p90_ms": 0.870893}}
{"cache_perturbed": {"count": 30, "median_ms": 0.9656320214271545, "p10_ms": 0.9522879719734192, "p90_ms": 0.9811840057373047}, "case": 23, "decision": {"predicted_ms": {"16": 0.5743007899999999, "32": 0.588260421, "64": 0.638657433, "128": 0.7839451}, "reason": "calibrated_score_with_guard_band", "resident_blocks_per_sm": {"16": 4, "32": 4, "64": 3, "128": 2}, "reuse_footprint_bytes": 85327872, "reuse_over_l2": 0.6432806324110671, "value_slice": 16}, "eager": {"count": 60, "median_ms": 0.9584639966487885, "p10_ms": 0.9518399834632874, "p90_ms": 0.9763839840888977}, "graph": {"count": 60, "median_ms": 0.9519039988517761, "p10_ms": 0.9476479887962341, "p90_ms": 0.970304012298584}, "kind": "performance", "name": "p4_auto", "repeat": 0, "shape": {"batch": 1, "fp32": false, "gate": null, "heads": 12, "lengths": [8192], "state_mode": "none", "tokens": 8192}, "wall_sync": {"count": 20, "median_ms": 0.9732215, "p10_ms": 0.963622, "p90_ms": 0.988871}}
{"cache_perturbed": {"count": 30, "median_ms": 1.3721280097961426, "p10_ms": 1.3648960590362549, "p90_ms": 1.3893760442733765}, "case": 23, "decision": {"reason": "environment_override", "value_slice": 128}, "eager": {"count": 60, "median_ms": 1.374239981174469, "p10_ms": 1.3626879453659058, "p90_ms": 1.3888319730758667}, "graph": {"count": 60, "median_ms": 1.3685920238494873, "p10_ms": 1.3572160005569458, "p90_ms": 1.3839679956436157}, "kind": "performance", "name": "v128", "repeat": 0, "shape": {"batch": 1, "fp32": false, "gate": null, "heads": 12, "lengths": [8192], "state_mode": "none", "tokens": 8192}, "wall_sync": {"count": 20, "median_ms": 1.3835735, "p10_ms": 1.372409, "p90_ms": 1.39926}}
{"cache_perturbed": {"count": 30, "median_ms": 0.8395360112190247, "p10_ms": 0.8357120156288147, "p90_ms": 0.8590400218963623}, "case": 23, "decision": {"predicted_ms": {"16": 0.5743007899999999, "32": 0.588260421, "64": 0.638657433, "128": 0.7839451}, "reason": "calibrated_score_with_guard_band", "resident_blocks_per_sm": {"16": 4, "32": 4, "64": 3, "128": 2}, "reuse_footprint_bytes": 85327872, "reuse_over_l2": 0.6432806324110671, "value_slice": 16}, "eager": {"count": 60, "median_ms": 0.839599996805191, "p10_ms": 0.8352000117301941, "p90_ms": 0.8676480054855347}, "graph": {"count": 60, "median_ms": 0.8340639770030975, "p10_ms": 0.8298239707946777, "p90_ms": 0.8535360097885132}, "kind": "performance", "name": "phase1_auto", "repeat": 1, "shape": {"batch": 1, "fp32": false, "gate": null, "heads": 12, "lengths": [8192], "state_mode": "none", "tokens": 8192}, "wall_sync": {"count": 20, "median_ms": 0.8549485, "p10_ms": 0.845884, "p90_ms": 0.871452}}
{"cache_perturbed": {"count": 30, "median_ms": 0.9620639979839325, "p10_ms": 0.953216016292572, "p90_ms": 0.9757440090179443}, "case": 23, "decision": {"predicted_ms": {"16": 0.5743007899999999, "32": 0.588260421, "64": 0.638657433, "128": 0.7839451}, "reason": "calibrated_score_with_guard_band", "resident_blocks_per_sm": {"16": 4, "32": 4, "64": 3, "128": 2}, "reuse_footprint_bytes": 85327872, "reuse_over_l2": 0.6432806324110671, "value_slice": 16}, "eager": {"count": 60, "median_ms": 0.9603839814662933, "p10_ms": 0.9507840275764465, "p90_ms": 0.9763839840888977}, "graph": {"count": 60, "median_ms": 0.9544000029563904, "p10_ms": 0.9477120041847229, "p90_ms": 0.970304012298584}, "kind": "performance", "name": "p4_auto", "repeat": 1, "shape": {"batch": 1, "fp32": false, "gate": null, "heads": 12, "lengths": [8192], "state_mode": "none", "tokens": 8192}, "wall_sync": {"count": 20, "median_ms": 0.9691775, "p10_ms": 0.964402, "p90_ms": 0.986433}}
{"cache_perturbed": {"count": 30, "median_ms": 1.375648021697998, "p10_ms": 1.3630080223083496, "p90_ms": 1.388543963432312}, "case": 23, "decision": {"reason": "environment_override", "value_slice": 128}, "eager": {"count": 60, "median_ms": 1.3736639618873596, "p10_ms": 1.363360047340393, "p90_ms": 1.3901439905166626}, "graph": {"count": 60, "median_ms": 1.367583990097046, "p10_ms": 1.357375979423523, "p90_ms": 1.3829760551452637}, "kind": "performance", "name": "v128", "repeat": 1, "shape": {"batch": 1, "fp32": false, "gate": null, "heads": 12, "lengths": [8192], "state_mode": "none", "tokens": 8192}, "wall_sync": {"count": 20, "median_ms": 1.3858835, "p10_ms": 1.377129, "p90_ms": 1.398828}}
{"cache_perturbed": {"count": 30, "median_ms": 0.8379040062427521, "p10_ms": 0.8364160060882568, "p90_ms": 0.8590400218963623}, "case": 23, "decision": {"predicted_ms": {"16": 0.5743007899999999, "32": 0.588260421, "64": 0.638657433, "128": 0.7839451}, "reason": "calibrated_score_with_guard_band", "resident_blocks_per_sm": {"16": 4, "32": 4, "64": 3, "128": 2}, "reuse_footprint_bytes": 85327872, "reuse_over_l2": 0.6432806324110671, "value_slice": 16}, "eager": {"count": 60, "median_ms": 0.838208019733429, "p10_ms": 0.8341439962387085, "p90_ms": 0.8597440123558044}, "graph": {"count": 60, "median_ms": 0.8311039805412292, "p10_ms": 0.8289920091629028, "p90_ms": 0.8515200018882751}, "kind": "performance", "name": "phase1_auto", "repeat": 2, "shape": {"batch": 1, "fp32": false, "gate": null, "heads": 12, "lengths": [8192], "state_mode": "none", "tokens": 8192}, "wall_sync": {"count": 20, "median_ms": 0.851533, "p10_ms": 0.847323, "p90_ms": 0.872343}}
{"cache_perturbed": {"count": 30, "median_ms": 1.3747680187225342, "p10_ms": 1.363968014717102, "p90_ms": 1.38755202293396}, "case": 23, "decision": {"reason": "environment_override", "value_slice": 128}, "eager": {"count": 60, "median_ms": 1.3746399879455566, "p10_ms": 1.3644479513168335, "p90_ms": 1.3899840116500854}, "graph": {"count": 60, "median_ms": 1.3674879670143127, "p10_ms": 1.3574399948120117, "p90_ms": 1.3839999437332153}, "kind": "performance", "name": "v128", "repeat": 2, "shape": {"batch": 1, "fp32": false, "gate": null, "heads": 12, "lengths": [8192], "state_mode": "none", "tokens": 8192}, "wall_sync": {"count": 20, "median_ms": 1.3831579999999999, "p10_ms": 1.374399, "p90_ms": 1.397018}}
{"cache_perturbed": {"count": 30, "median_ms": 0.9589279890060425, "p10_ms": 0.9512959718704224, "p90_ms": 0.9748160243034363}, "case": 23, "decision": {"predicted_ms": {"16": 0.5743007899999999, "32": 0.588260421, "64": 0.638657433, "128": 0.7839451}, "reason": "calibrated_score_with_guard_band", "resident_blocks_per_sm": {"16": 4, "32": 4, "64": 3, "128": 2}, "reuse_footprint_bytes": 85327872, "reuse_over_l2": 0.6432806324110671, "value_slice": 16}, "eager": {"count": 60, "median_ms": 0.9584160149097443, "p10_ms": 0.9527360200881958, "p90_ms": 0.9755520224571228}, "graph": {"count": 60, "median_ms": 0.9538240134716034, "p10_ms": 0.9477440118789673, "p90_ms": 0.970304012298584}, "kind": "performance", "name": "p4_auto", "repeat": 2, "shape": {"batch": 1, "fp32": false, "gate": null, "heads": 12, "lengths": [8192], "state_mode": "none", "tokens": 8192}, "wall_sync": {"count": 20, "median_ms": 0.975572, "p10_ms": 0.966883, "p90_ms": 0.986353}}
{"case": 23, "kind": "post_correctness", "name": "p4_auto", "shape": {"batch": 1, "fp32": false, "gate": null, "heads": 12, "lengths": [8192], "state_mode": "none", "tokens": 8192}, "status": "PASS", "tensors": {"out": {"bitwise": true, "finite": true}}}
{"case": 23, "kind": "post_correctness", "name": "phase1_auto", "shape": {"batch": 1, "fp32": false, "gate": null, "heads": 12, "lengths": [8192], "state_mode": "none", "tokens": 8192}, "status": "PASS", "tensors": {"out": {"bitwise": true, "finite": true}}}
{"case": 23, "kind": "shape_complete", "shape": {"batch": 1, "fp32": false, "gate": null, "heads": 12, "lengths": [8192], "state_mode": "none", "tokens": 8192}}
{"case": 24, "kind": "graph_correctness", "name": "p4_auto", "shape": {"batch": 1, "fp32": false, "gate": null, "heads": 12, "lengths": null, "state_mode": "both", "tokens": 2049}, "status": "PASS", "tensors": {"final_state": {"bitwise": true, "finite": true}, "out": {"bitwise": true, "finite": true}}}
{"case": 24, "kind": "graph_correctness", "name": "phase1_auto", "shape": {"batch": 1, "fp32": false, "gate": null, "heads": 12, "lengths": null, "state_mode": "both", "tokens": 2049}, "status": "PASS", "tensors": {"final_state": {"bitwise": true, "finite": true}, "out": {"bitwise": true, "finite": true}}}
{"case": 24, "kind": "graph_correctness", "name": "v128", "shape": {"batch": 1, "fp32": false, "gate": null, "heads": 12, "lengths": null, "state_mode": "both", "tokens": 2049}, "status": "PASS", "tensors": {"final_state": {"bitwise": true, "finite": true}, "out": {"bitwise": true, "finite": true}}}
{"cache_perturbed": {"count": 30, "median_ms": 0.22233600169420242, "p10_ms": 0.22208000719547272, "p90_ms": 0.22649599611759186}, "case": 24, "decision": {"predicted_ms": {"16": 0.161306486109375, "32": 0.16549805307861332, "64": 0.1787716497006836, "128": 0.21481106325732421}, "reason": "calibrated_score_with_guard_band", "resident_blocks_per_sm": {"16": 4, "32": 4, "64": 3, "128": 2}, "reuse_footprint_bytes": 21498624, "reuse_over_l2": 0.16207656558794467, "value_slice": 16}, "eager": {"count": 60, "median_ms": 0.21963199973106384, "p10_ms": 0.21651199460029602, "p90_ms": 0.22387200593948364}, "graph": {"count": 60, "median_ms": 0.21264000236988068, "p10_ms": 0.21244800090789795, "p90_ms": 0.21766400337219238}, "kind": "performance", "name": "p4_auto", "repeat": 0, "shape": {"batch": 1, "fp32": false, "gate": null, "heads": 12, "lengths": null, "state_mode": "both", "tokens": 2049}, "wall_sync": {"count": 20, "median_ms": 0.229393, "p10_ms": 0.228888, "p90_ms": 0.238898}}
{"cache_perturbed": {"count": 30, "median_ms": 0.3625119924545288, "p10_ms": 0.3596160113811493, "p90_ms": 0.36976000666618347}, "case": 24, "decision": {"reason": "environment_override", "value_slice": 128}, "eager": {"count": 60, "median_ms": 0.3590080142021179, "p10_ms": 0.3559040129184723, "p90_ms": 0.3783999979496002}, "graph": {"count": 60, "median_ms": 0.35385599732398987, "p10_ms": 0.35366401076316833, "p90_ms": 0.37830400466918945}, "kind": "performance", "name": "v128", "repeat": 0, "shape": {"batch": 1, "fp32": false, "gate": null, "heads": 12, "lengths": null, "state_mode": "both", "tokens": 2049}, "wall_sync": {"count": 20, "median_ms": 0.372942, "p10_ms": 0.367567, "p90_ms": 0.381176}}
{"cache_perturbed": {"count": 30, "median_ms": 0.20980799943208694, "p10_ms": 0.2078080028295517, "p90_ms": 0.22217600047588348}, "case": 24, "decision": {"predicted_ms": {"16": 0.161306486109375, "32": 0.16549805307861332, "64": 0.1787716497006836, "128": 0.21481106325732421}, "reason": "calibrated_score_with_guard_band", "resident_blocks_per_sm": {"16": 4, "32": 4, "64": 3, "128": 2}, "reuse_footprint_bytes": 21498624, "reuse_over_l2": 0.16207656558794467, "value_slice": 16}, "eager": {"count": 60, "median_ms": 0.20532800257205963, "p10_ms": 0.20230400562286377, "p90_ms": 0.20947200059890747}, "graph": {"count": 60, "median_ms": 0.20227199792861938, "p10_ms": 0.20022399723529816, "p90_ms": 0.20451200008392334}, "kind": "performance", "name": "phase1_auto", "repeat": 0, "shape": {"batch": 1, "fp32": false, "gate": null, "heads": 12, "lengths": null, "state_mode": "both", "tokens": 2049}, "wall_sync": {"count": 20, "median_ms": 0.2204835, "p10_ms": 0.216758, "p90_ms": 0.222278}}
{"cache_perturbed": {"count": 30, "median_ms": 0.22231999784708023, "p10_ms": 0.22204799950122833, "p90_ms": 0.2303680032491684}, "case": 24, "decision": {"predicted_ms": {"16": 0.161306486109375, "32": 0.16549805307861332, "64": 0.1787716497006836, "128": 0.21481106325732421}, "reason": "calibrated_score_with_guard_band", "resident_blocks_per_sm": {"16": 4, "32": 4, "64": 3, "128": 2}, "reuse_footprint_bytes": 21498624, "reuse_over_l2": 0.16207656558794467, "value_slice": 16}, "eager": {"count": 60, "median_ms": 0.21863999962806702, "p10_ms": 0.2162880003452301, "p90_ms": 0.22470399737358093}, "graph": {"count": 60, "median_ms": 0.21265599876642227, "p10_ms": 0.21238400042057037, "p90_ms": 0.217631995677948}, "kind": "performance", "name": "p4_auto", "repeat": 1, "shape": {"batch": 1, "fp32": false, "gate": null, "heads": 12, "lengths": null, "state_mode": "both", "tokens": 2049}, "wall_sync": {"count": 20, "median_ms": 0.23151349999999998, "p10_ms": 0.229909, "p90_ms": 0.235518}}
{"cache_perturbed": {"count": 30, "median_ms": 0.36161600053310394, "p10_ms": 0.3611840009689331, "p90_ms": 0.36979201436042786}, "case": 24, "decision": {"reason": "environment_override", "value_slice": 128}, "eager": {"count": 60, "median_ms": 0.3590880036354065, "p10_ms": 0.3578239977359772, "p90_ms": 0.377375990152359}, "graph": {"count": 60, "median_ms": 0.3553760051727295, "p10_ms": 0.3537600040435791, "p90_ms": 0.37222400307655334}, "kind": "performance", "name": "v128", "repeat": 1, "shape": {"batch": 1, "fp32": false, "gate": null, "heads": 12, "lengths": null, "state_mode": "both", "tokens": 2049}, "wall_sync": {"count": 20, "median_ms": 0.3695275, "p10_ms": 0.368437, "p90_ms": 0.397607}}
{"cache_perturbed": {"count": 30, "median_ms": 0.20998400449752808, "p10_ms": 0.20787200331687927, "p90_ms": 0.21398399770259857}, "case": 24, "decision": {"predicted_ms": {"16": 0.161306486109375, "32": 0.16549805307861332, "64": 0.1787716497006836, "128": 0.21481106325732421}, "reason": "calibrated_score_with_guard_band", "resident_blocks_per_sm": {"16": 4, "32": 4, "64": 3, "128": 2}, "reuse_footprint_bytes": 21498624, "reuse_over_l2": 0.16207656558794467, "value_slice": 16}, "eager": {"count": 60, "median_ms": 0.20583999902009964, "p10_ms": 0.20336000621318817, "p90_ms": 0.21001599729061127}, "graph": {"count": 60, "median_ms": 0.20214400440454483, "p10_ms": 0.20022399723529816, "p90_ms": 0.204352006316185}, "kind": "performance", "name": "phase1_auto", "repeat": 1, "shape": {"batch": 1, "fp32": false, "gate": null, "heads": 12, "lengths": null, "state_mode": "both", "tokens": 2049}, "wall_sync": {"count": 20, "median_ms": 0.217768, "p10_ms": 0.216888, "p90_ms": 0.233729}}
{"cache_perturbed": {"count": 30, "median_ms": 0.20996800065040588, "p10_ms": 0.2077759951353073, "p90_ms": 0.21606400609016418}, "case": 24, "decision": {"predicted_ms": {"16": 0.161306486109375, "32": 0.16549805307861332, "64": 0.1787716497006836, "128": 0.21481106325732421}, "reason": "calibrated_score_with_guard_band", "resident_blocks_per_sm": {"16": 4, "32": 4, "64": 3, "128": 2}, "reuse_footprint_bytes": 21498624, "reuse_over_l2": 0.16207656558794467, "value_slice": 16}, "eager": {"count": 60, "median_ms": 0.20534400641918182, "p10_ms": 0.20230400562286377, "p90_ms": 0.20947200059890747}, "graph": {"count": 60, "median_ms": 0.2022400051355362, "p10_ms": 0.20022399723529816, "p90_ms": 0.204352006316185}, "kind": "performance", "name": "phase1_auto", "repeat": 2, "shape": {"batch": 1, "fp32": false, "gate": null, "heads": 12, "lengths": null, "state_mode": "both", "tokens": 2049}, "wall_sync": {"count": 20, "median_ms": 0.2177125, "p10_ms": 0.216278, "p90_ms": 0.221858}}
{"cache_perturbed": {"count": 30, "median_ms": 0.3633600026369095, "p10_ms": 0.35951998829841614, "p90_ms": 0.3697279989719391}, "case": 24, "decision": {"reason": "environment_override", "value_slice": 128}, "eager": {"count": 60, "median_ms": 0.3609919995069504, "p10_ms": 0.35788801312446594, "p90_ms": 0.36723199486732483}, "graph": {"count": 60, "median_ms": 0.35652799904346466, "p10_ms": 0.3537600040435791, "p90_ms": 0.3620480000972748}, "kind": "performance", "name": "v128", "repeat": 2, "shape": {"batch": 1, "fp32": false, "gate": null, "heads": 12, "lengths": null, "state_mode": "both", "tokens": 2049}, "wall_sync": {"count": 20, "median_ms": 0.37258650000000004, "p10_ms": 0.368976, "p90_ms": 0.381718}}
{"cache_perturbed": {"count": 30, "median_ms": 0.22224000096321106, "p10_ms": 0.22204799950122833, "p90_ms": 0.22643199563026428}, "case": 24, "decision": {"predicted_ms": {"16": 0.161306486109375, "32": 0.16549805307861332, "64": 0.1787716497006836, "128": 0.21481106325732421}, "reason": "calibrated_score_with_guard_band", "resident_blocks_per_sm": {"16": 4, "32": 4, "64": 3, "128": 2}, "reuse_footprint_bytes": 21498624, "reuse_over_l2": 0.16207656558794467, "value_slice": 16}, "eager": {"count": 60, "median_ms": 0.2197280004620552, "p10_ms": 0.21651199460029602, "p90_ms": 0.22361600399017334}, "graph": {"count": 60, "median_ms": 0.21398399770259857, "p10_ms": 0.21247999370098114, "p90_ms": 0.21766400337219238}, "kind": "performance", "name": "p4_auto", "repeat": 2, "shape": {"batch": 1, "fp32": false, "gate": null, "heads": 12, "lengths": null, "state_mode": "both", "tokens": 2049}, "wall_sync": {"count": 20, "median_ms": 0.229748, "p10_ms": 0.228548, "p90_ms": 0.243718}}
{"case": 24, "kind": "post_correctness", "name": "p4_auto", "shape": {"batch": 1, "fp32": false, "gate": null, "heads": 12, "lengths": null, "state_mode": "both", "tokens": 2049}, "status": "PASS", "tensors": {"final_state": {"bitwise": true, "finite": true}, "out": {"bitwise": true, "finite": true}}}
{"case": 24, "kind": "post_correctness", "name": "phase1_auto", "shape": {"batch": 1, "fp32": false, "gate": null, "heads": 12, "lengths": null, "state_mode": "both", "tokens": 2049}, "status": "PASS", "tensors": {"final_state": {"bitwise": true, "finite": true}, "out": {"bitwise": true, "finite": true}}}
{"case": 24, "kind": "shape_complete", "shape": {"batch": 1, "fp32": false, "gate": null, "heads": 12, "lengths": null, "state_mode": "both", "tokens": 2049}}
{"case": 25, "kind": "graph_correctness", "name": "p4_auto", "shape": {"batch": 1, "fp32": false, "gate": null, "heads": 12, "lengths": null, "state_mode": "out", "tokens": 2049}, "status": "PASS", "tensors": {"final_state": {"bitwise": true, "finite": true}, "out": {"bitwise": true, "finite": true}}}
{"case": 25, "kind": "graph_correctness", "name": "phase1_auto", "shape": {"batch": 1, "fp32": false, "gate": null, "heads": 12, "lengths": null, "state_mode": "out", "tokens": 2049}, "status": "PASS", "tensors": {"final_state": {"bitwise": true, "finite": true}, "out": {"bitwise": true, "finite": true}}}
{"case": 25, "kind": "graph_correctness", "name": "v128", "shape": {"batch": 1, "fp32": false, "gate": null, "heads": 12, "lengths": null, "state_mode": "out", "tokens": 2049}, "status": "PASS", "tensors": {"final_state": {"bitwise": true, "finite": true}, "out": {"bitwise": true, "finite": true}}}
{"cache_perturbed": {"count": 30, "median_ms": 0.2385600060224533, "p10_ms": 0.236735999584198, "p90_ms": 0.24265600740909576}, "case": 25, "decision": {"predicted_ms": {"16": 0.161306486109375, "32": 0.16549805307861332, "64": 0.1787716497006836, "128": 0.21481106325732421}, "reason": "calibrated_score_with_guard_band", "resident_blocks_per_sm": {"16": 4, "32": 4, "64": 3, "128": 2}, "reuse_footprint_bytes": 21498624, "reuse_over_l2": 0.16207656558794467, "value_slice": 16}, "eager": {"count": 60, "median_ms": 0.23609599471092224, "p10_ms": 0.23414400219917297, "p90_ms": 0.24031999707221985}, "graph": {"count": 60, "median_ms": 0.23097600042819977, "p10_ms": 0.23075200617313385, "p90_ms": 0.23507200181484222}, "kind": "performance", "name": "phase1_auto", "repeat": 0, "shape": {"batch": 1, "fp32": false, "gate": null, "heads": 12, "lengths": null, "state_mode": "out", "tokens": 2049}, "wall_sync": {"count": 20, "median_ms": 0.250078, "p10_ms": 0.246967, "p90_ms": 0.252698}}
{"cache_perturbed": {"count": 30, "median_ms": 0.2612159997224808, "p10_ms": 0.2590720057487488, "p90_ms": 0.26521599292755127}, "case": 25, "decision": {"predicted_ms": {"16": 0.161306486109375, "32": 0.16549805307861332, "64": 0.1787716497006836, "128": 0.21481106325732421}, "reason": "calibrated_score_with_guard_band", "resident_blocks_per_sm": {"16": 4, "32": 4, "64": 3, "128": 2}, "reuse_footprint_bytes": 21498624, "reuse_over_l2": 0.16207656558794467, "value_slice": 16}, "eager": {"count": 60, "median_ms": 0.25863999128341675, "p10_ms": 0.2574720084667206, "p90_ms": 0.2627519965171814}, "graph": {"count": 60, "median_ms": 0.2535199970006943, "p10_ms": 0.2517760097980499, "p90_ms": 0.2595199942588806}, "kind": "performance", "name": "p4_auto", "repeat": 0, "shape": {"batch": 1, "fp32": false, "gate": null, "heads": 12, "lengths": null, "state_mode": "out", "tokens": 2049}, "wall_sync": {"count": 20, "median_ms": 0.27239250000000004, "p10_ms": 0.268229, "p90_ms": 0.283578}}
{"cache_perturbed": {"count": 30, "median_ms": 0.3635680079460144, "p10_ms": 0.3615359961986542, "p90_ms": 0.3757759928703308}, "case": 25, "decision": {"reason": "environment_override", "value_slice": 128}, "eager": {"count": 60, "median_ms": 0.3611519932746887, "p10_ms": 0.3591359853744507, "p90_ms": 0.38230401277542114}, "graph": {"count": 60, "median_ms": 0.35580798983573914, "p10_ms": 0.3538239896297455, "p90_ms": 0.378464013338089}, "kind": "performance", "name": "v128", "repeat": 0, "shape": {"batch": 1, "fp32": false, "gate": null, "heads": 12, "lengths": null, "state_mode": "out", "tokens": 2049}, "wall_sync": {"count": 20, "median_ms": 0.3707165, "p10_ms": 0.369628, "p90_ms": 0.398207}}
{"cache_perturbed": {"count": 30, "median_ms": 0.369503989815712, "p10_ms": 0.36156800389289856, "p90_ms": 0.3778879940509796}, "case": 25, "decision": {"reason": "environment_override", "value_slice": 128}, "eager": {"count": 60, "median_ms": 0.3611519932746887, "p10_ms": 0.35971200466156006, "p90_ms": 0.38361600041389465}, "graph": {"count": 60, "median_ms": 0.3558560013771057, "p10_ms": 0.3538239896297455, "p90_ms": 0.3843519985675812}, "kind": "performance", "name": "v128", "repeat": 1, "shape": {"batch": 1, "fp32": false, "gate": null, "heads": 12, "lengths": null, "state_mode": "out", "tokens": 2049}, "wall_sync": {"count": 20, "median_ms": 0.37795199999999995, "p10_ms": 0.369867, "p90_ms": 0.388517}}
{"cache_perturbed": {"count": 30, "median_ms": 0.26212799549102783, "p10_ms": 0.2590720057487488, "p90_ms": 0.2693760097026825}, "case": 25, "decision": {"predicted_ms": {"16": 0.161306486109375, "32": 0.16549805307861332, "64": 0.1787716497006836, "128": 0.21481106325732421}, "reason": "calibrated_score_with_guard_band", "resident_blocks_per_sm": {"16": 4, "32": 4, "64": 3, "128": 2}, "reuse_footprint_bytes": 21498624, "reuse_over_l2": 0.16207656558794467, "value_slice": 16}, "eager": {"count": 60, "median_ms": 0.2590719908475876, "p10_ms": 0.2544960081577301, "p90_ms": 0.2675839960575104}, "graph": {"count": 60, "median_ms": 0.2568959891796112, "p10_ms": 0.2513279914855957, "p90_ms": 0.26371198892593384}, "kind": "performance", "name": "p4_auto", "repeat": 1, "shape": {"batch": 1, "fp32": false, "gate": null, "heads": 12, "lengths": null, "state_mode": "out", "tokens": 2049}, "wall_sync": {"count": 20, "median_ms": 0.273968, "p10_ms": 0.266867, "p90_ms": 0.281217}}
{"cache_perturbed": {"count": 30, "median_ms": 0.24264000356197357, "p10_ms": 0.23641599714756012, "p90_ms": 0.24675199389457703}, "case": 25, "decision": {"predicted_ms": {"16": 0.161306486109375, "32": 0.16549805307861332, "64": 0.1787716497006836, "128": 0.21481106325732421}, "reason": "calibrated_score_with_guard_band", "resident_blocks_per_sm": {"16": 4, "32": 4, "64": 3, "128": 2}, "reuse_footprint_bytes": 21498624, "reuse_over_l2": 0.16207656558794467, "value_slice": 16}, "eager": {"count": 60, "median_ms": 0.2364640012383461, "p10_ms": 0.23187200725078583, "p90_ms": 0.2452159970998764}, "graph": {"count": 60, "median_ms": 0.2330079972743988, "p10_ms": 0.2287359982728958, "p90_ms": 0.2391359955072403}, "kind": "performance", "name": "phase1_auto", "repeat": 1, "shape": {"batch": 1, "fp32": false, "gate": null, "heads": 12, "lengths": null, "state_mode": "out", "tokens": 2049}, "wall_sync": {"count": 20, "median_ms": 0.247543, "p10_ms": 0.246228, "p90_ms": 0.253846}}
{"cache_perturbed": {"count": 30, "median_ms": 0.2611840069293976, "p10_ms": 0.2592960000038147, "p90_ms": 0.2653760015964508}, "case": 25, "decision": {"predicted_ms": {"16": 0.161306486109375, "32": 0.16549805307861332, "64": 0.1787716497006836, "128": 0.21481106325732421}, "reason": "calibrated_score_with_guard_band", "resident_blocks_per_sm": {"16": 4, "32": 4, "64": 3, "128": 2}, "reuse_footprint_bytes": 21498624, "reuse_over_l2": 0.16207656558794467, "value_slice": 16}, "eager": {"count": 60, "median_ms": 0.2587199956178665, "p10_ms": 0.25734400749206543, "p90_ms": 0.2627840042114258}, "graph": {"count": 60, "median_ms": 0.2535040080547333, "p10_ms": 0.25328001379966736, "p90_ms": 0.2595199942588806}, "kind": "performance", "name": "p4_auto", "repeat": 2, "shape": {"batch": 1, "fp32": false, "gate": null, "heads": 12, "lengths": null, "state_mode": "out", "tokens": 2049}, "wall_sync": {"count": 20, "median_ms": 0.272818, "p10_ms": 0.269047, "p90_ms": 0.275638}}
{"cache_perturbed": {"count": 30, "median_ms": 0.23862400650978088, "p10_ms": 0.23654399812221527, "p90_ms": 0.24275200068950653}, "case": 25, "decision": {"predicted_ms": {"16": 0.161306486109375, "32": 0.16549805307861332, "64": 0.1787716497006836, "128": 0.21481106325732421}, "reason": "calibrated_score_with_guard_band", "resident_blocks_per_sm": {"16": 4, "32": 4, "64": 3, "128": 2}, "reuse_footprint_bytes": 21498624, "reuse_over_l2": 0.16207656558794467, "value_slice": 16}, "eager": {"count": 60, "median_ms": 0.23612799495458603, "p10_ms": 0.23401600122451782, "p90_ms": 0.2401600033044815}, "graph": {"count": 60, "median_ms": 0.23097600042819977, "p10_ms": 0.23071999847888947, "p90_ms": 0.23503999412059784}, "kind": "performance", "name": "phase1_auto", "repeat": 2, "shape": {"batch": 1, "fp32": false, "gate": null, "heads": 12, "lengths": null, "state_mode": "out", "tokens": 2049}, "wall_sync": {"count": 20, "median_ms": 0.2485835, "p10_ms": 0.246279, "p90_ms": 0.256687}}
{"cache_perturbed": {"count": 30, "median_ms": 0.3646080046892166, "p10_ms": 0.3614400029182434, "p90_ms": 0.37990400195121765}, "case": 25, "decision": {"reason": "environment_override", "value_slice": 128}, "eager": {"count": 60, "median_ms": 0.36105599999427795, "p10_ms": 0.35865598917007446, "p90_ms": 0.38278400897979736}, "graph": {"count": 60, "median_ms": 0.3558720052242279, "p10_ms": 0.35395199060440063, "p90_ms": 0.38041600584983826}, "kind": "performance", "name": "v128", "repeat": 2, "shape": {"batch": 1, "fp32": false, "gate": null, "heads": 12, "lengths": null, "state_mode": "out", "tokens": 2049}, "wall_sync": {"count": 20, "median_ms": 0.3716625, "p10_ms": 0.369697, "p90_ms": 0.391757}}
{"case": 25, "kind": "post_correctness", "name": "p4_auto", "shape": {"batch": 1, "fp32": false, "gate": null, "heads": 12, "lengths": null, "state_mode": "out", "tokens": 2049}, "status": "PASS", "tensors": {"final_state": {"bitwise": true, "finite": true}, "out": {"bitwise": true, "finite": true}}}
{"case": 25, "kind": "post_correctness", "name": "phase1_auto", "shape": {"batch": 1, "fp32": false, "gate": null, "heads": 12, "lengths": null, "state_mode": "out", "tokens": 2049}, "status": "PASS", "tensors": {"final_state": {"bitwise": true, "finite": true}, "out": {"bitwise": true, "finite": true}}}
{"case": 25, "kind": "shape_complete", "shape": {"batch": 1, "fp32": false, "gate": null, "heads": 12, "lengths": null, "state_mode": "out", "tokens": 2049}}
{"case": 26, "kind": "graph_correctness", "name": "p4_auto", "shape": {"batch": 1, "fp32": false, "gate": null, "heads": 12, "lengths": null, "state_mode": "both", "tokens": 4095}, "status": "PASS", "tensors": {"final_state": {"bitwise": true, "finite": true}, "out": {"bitwise": true, "finite": true}}}
{"case": 26, "kind": "graph_correctness", "name": "phase1_auto", "shape": {"batch": 1, "fp32": false, "gate": null, "heads": 12, "lengths": null, "state_mode": "both", "tokens": 4095}, "status": "PASS", "tensors": {"final_state": {"bitwise": true, "finite": true}, "out": {"bitwise": true, "finite": true}}}
{"case": 26, "kind": "graph_correctness", "name": "v128", "shape": {"batch": 1, "fp32": false, "gate": null, "heads": 12, "lengths": null, "state_mode": "both", "tokens": 4095}, "status": "PASS", "tensors": {"final_state": {"bitwise": true, "finite": true}, "out": {"bitwise": true, "finite": true}}}
{"cache_perturbed": {"count": 30, "median_ms": 0.4203200042247772, "p10_ms": 0.4126720130443573, "p90_ms": 0.423007994890213}, "case": 26, "decision": {"predicted_ms": {"16": 0.29907002789062503, "32": 0.3064573839213867, "64": 0.3324931552993164, "128": 0.40455149174267574}, "reason": "calibrated_score_with_guard_band", "resident_blocks_per_sm": {"16": 4, "32": 4, "64": 3, "128": 2}, "reuse_footprint_bytes": 42663936, "reuse_over_l2": 0.32164031620553357, "value_slice": 16}, "eager": {"count": 60, "median_ms": 0.4142720103263855, "p10_ms": 0.41206398606300354, "p90_ms": 0.4224640130996704}, "graph": {"count": 60, "median_ms": 0.41116800904273987, "p10_ms": 0.40809598565101624, "p90_ms": 0.42550399899482727}, "kind": "performance", "name": "p4_auto", "repeat": 0, "shape": {"batch": 1, "fp32": false, "gate": null, "heads": 12, "lengths": null, "state_mode": "both", "tokens": 4095}, "wall_sync": {"count": 20, "median_ms": 0.426677, "p10_ms": 0.423247, "p90_ms": 0.441077}}
{"cache_perturbed": {"count": 30, "median_ms": 0.39023999869823456, "p10_ms": 0.3880639970302582, "p90_ms": 0.40249601006507874}, "case": 26, "decision": {"predicted_ms": {"16": 0.29907002789062503, "32": 0.3064573839213867, "64": 0.3324931552993164, "128": 0.40455149174267574}, "reason": "calibrated_score_with_guard_band", "resident_blocks_per_sm": {"16": 4, "32": 4, "64": 3, "128": 2}, "reuse_footprint_bytes": 42663936, "reuse_over_l2": 0.32164031620553357, "value_slice": 16}, "eager": {"count": 60, "median_ms": 0.38971199095249176, "p10_ms": 0.3866879940032959, "p90_ms": 0.3968319892883301}, "graph": {"count": 60, "median_ms": 0.3846080005168915, "p10_ms": 0.3835200071334839, "p90_ms": 0.392767995595932}, "kind": "performance", "name": "phase1_auto", "repeat": 0, "shape": {"batch": 1, "fp32": false, "gate": null, "heads": 12, "lengths": null, "state_mode": "both", "tokens": 4095}, "wall_sync": {"count": 20, "median_ms": 0.4001765, "p10_ms": 0.398758, "p90_ms": 0.406506}}
{"cache_perturbed": {"count": 30, "median_ms": 0.7004800140857697, "p10_ms": 0.6953279972076416, "p90_ms": 0.7159039974212646}, "case": 26, "decision": {"reason": "environment_override", "value_slice": 128}, "eager": {"count": 60, "median_ms": 0.7037760019302368, "p10_ms": 0.6967359781265259, "p90_ms": 0.717631995677948}, "graph": {"count": 60, "median_ms": 0.6958400011062622, "p10_ms": 0.691648006439209, "p90_ms": 0.7120000123977661}, "kind": "performance", "name": "v128", "repeat": 0, "shape": {"batch": 1, "fp32": false, "gate": null, "heads": 12, "lengths": null, "state_mode": "both", "tokens": 4095}, "wall_sync": {"count": 20, "median_ms": 0.7129745000000001, "p10_ms": 0.704564, "p90_ms": 0.736733}}
{"cache_perturbed": {"count": 30, "median_ms": 0.7003040015697479, "p10_ms": 0.6971520185470581, "p90_ms": 0.7177280187606812}, "case": 26, "decision": {"reason": "environment_override", "value_slice": 128}, "eager": {"count": 60, "median_ms": 0.7015359997749329, "p10_ms": 0.6947519779205322, "p90_ms": 0.7142400145530701}, "graph": {"count": 60, "median_ms": 0.6947360038757324, "p10_ms": 0.6917440295219421, "p90_ms": 0.7103999853134155}, "kind": "performance", "name": "v128", "repeat": 1, "shape": {"batch": 1, "fp32": false, "gate": null, "heads": 12, "lengths": null, "state_mode": "both", "tokens": 4095}, "wall_sync": {"count": 20, "median_ms": 0.715014, "p10_ms": 0.706485, "p90_ms": 0.730345}}
{"cache_perturbed": {"count": 30, "median_ms": 0.3911359906196594, "p10_ms": 0.3880000114440918, "p90_ms": 0.3983359932899475}, "case": 26, "decision": {"predicted_ms": {"16": 0.29907002789062503, "32": 0.3064573839213867, "64": 0.3324931552993164, "128": 0.40455149174267574}, "reason": "calibrated_score_with_guard_band", "resident_blocks_per_sm": {"16": 4, "32": 4, "64": 3, "128": 2}, "reuse_footprint_bytes": 42663936, "reuse_over_l2": 0.32164031620553357, "value_slice": 16}, "eager": {"count": 60, "median_ms": 0.38840000331401825, "p10_ms": 0.3867200016975403, "p90_ms": 0.3962559998035431}, "graph": {"count": 60, "median_ms": 0.3845759928226471, "p10_ms": 0.3827199935913086, "p90_ms": 0.392767995595932}, "kind": "performance", "name": "phase1_auto", "repeat": 1, "shape": {"batch": 1, "fp32": false, "gate": null, "heads": 12, "lengths": null, "state_mode": "both", "tokens": 4095}, "wall_sync": {"count": 20, "median_ms": 0.4022475, "p10_ms": 0.398767, "p90_ms": 0.407928}}
{"cache_perturbed": {"count": 30, "median_ms": 0.412895992398262, "p10_ms": 0.41260799765586853, "p90_ms": 0.42294400930404663}, "case": 26, "decision": {"predicted_ms": {"16": 0.29907002789062503, "32": 0.3064573839213867, "64": 0.3324931552993164, "128": 0.40455149174267574}, "reason": "calibrated_score_with_guard_band", "resident_blocks_per_sm": {"16": 4, "32": 4, "64": 3, "128": 2}, "reuse_footprint_bytes": 42663936, "reuse_over_l2": 0.32164031620553357, "value_slice": 16}, "eager": {"count": 60, "median_ms": 0.41436800360679626, "p10_ms": 0.4121280014514923, "p90_ms": 0.4224959909915924}, "graph": {"count": 60, "median_ms": 0.409183993935585, "p10_ms": 0.40803200006484985, "p90_ms": 0.4182400107383728}, "kind": "performance", "name": "p4_auto", "repeat": 1, "shape": {"batch": 1, "fp32": false, "gate": null, "heads": 12, "lengths": null, "state_mode": "both", "tokens": 4095}, "wall_sync": {"count": 20, "median_ms": 0.43033600000000005, "p10_ms": 0.423547, "p90_ms": 0.438556}}
{"cache_perturbed": {"count": 30, "median_ms": 0.41335999965667725, "p10_ms": 0.4126400053501129, "p90_ms": 0.4209280014038086}, "case": 26, "decision": {"predicted_ms": {"16": 0.29907002789062503, "32": 0.3064573839213867, "64": 0.3324931552993164, "128": 0.40455149174267574}, "reason": "calibrated_score_with_guard_band", "resident_blocks_per_sm": {"16": 4, "32": 4, "64": 3, "128": 2}, "reuse_footprint_bytes": 42663936, "reuse_over_l2": 0.32164031620553357, "value_slice": 16}, "eager": {"count": 60, "median_ms": 0.4153120070695877, "p10_ms": 0.4122239947319031, "p90_ms": 0.4214720129966736}, "graph": {"count": 60, "median_ms": 0.4097599983215332, "p10_ms": 0.40780800580978394, "p90_ms": 0.41737601161003113}, "kind": "performance", "name": "p4_auto", "repeat": 2, "shape": {"batch": 1, "fp32": false, "gate": null, "heads": 12, "lengths": null, "state_mode": "both", "tokens": 4095}, "wall_sync": {"count": 20, "median_ms": 0.4254865, "p10_ms": 0.423096, "p90_ms": 0.432576}}
{"cache_perturbed": {"count": 30, "median_ms": 0.3882720023393631, "p10_ms": 0.38707199692726135, "p90_ms": 0.3964479863643646}, "case": 26, "decision": {"predicted_ms": {"16": 0.29907002789062503, "32": 0.3064573839213867, "64": 0.3324931552993164, "128": 0.40455149174267574}, "reason": "calibrated_score_with_guard_band", "resident_blocks_per_sm": {"16": 4, "32": 4, "64": 3, "128": 2}, "reuse_footprint_bytes": 42663936, "reuse_over_l2": 0.32164031620553357, "value_slice": 16}, "eager": {"count": 60, "median_ms": 0.38851198554039, "p10_ms": 0.38652798533439636, "p90_ms": 0.39689600467681885}, "graph": {"count": 60, "median_ms": 0.3845759928226471, "p10_ms": 0.3824959993362427, "p90_ms": 0.3927359879016876}, "kind": "performance", "name": "phase1_auto", "repeat": 2, "shape": {"batch": 1, "fp32": false, "gate": null, "heads": 12, "lengths": null, "state_mode": "both", "tokens": 4095}, "wall_sync": {"count": 20, "median_ms": 0.3996215, "p10_ms": 0.397847, "p90_ms": 0.407946}}
{"cache_perturbed": {"count": 30, "median_ms": 0.6994879841804504, "p10_ms": 0.6973119974136353, "p90_ms": 0.7157120108604431}, "case": 26, "decision": {"reason": "environment_override", "value_slice": 128}, "eager": {"count": 60, "median_ms": 0.6990399956703186, "p10_ms": 0.6939200162887573, "p90_ms": 0.7133119702339172}, "graph": {"count": 60, "median_ms": 0.6968640089035034, "p10_ms": 0.6917759776115417, "p90_ms": 0.7143039703369141}, "kind": "performance", "name": "v128", "repeat": 2, "shape": {"batch": 1, "fp32": false, "gate": null, "heads": 12, "lengths": null, "state_mode": "both", "tokens": 4095}, "wall_sync": {"count": 20, "median_ms": 0.7105845, "p10_ms": 0.705934, "p90_ms": 0.735894}}
{"case": 26, "kind": "post_correctness", "name": "p4_auto", "shape": {"batch": 1, "fp32": false, "gate": null, "heads": 12, "lengths": null, "state_mode": "both", "tokens": 4095}, "status": "PASS", "tensors": {"final_state": {"bitwise": true, "finite": true}, "out": {"bitwise": true, "finite": true}}}
{"case": 26, "kind": "post_correctness", "name": "phase1_auto", "shape": {"batch": 1, "fp32": false, "gate": null, "heads": 12, "lengths": null, "state_mode": "both", "tokens": 4095}, "status": "PASS", "tensors": {"final_state": {"bitwise": true, "finite": true}, "out": {"bitwise": true, "finite": true}}}
{"case": 26, "kind": "shape_complete", "shape": {"batch": 1, "fp32": false, "gate": null, "heads": 12, "lengths": null, "state_mode": "both", "tokens": 4095}}
{"case": 27, "kind": "graph_correctness", "name": "p4_auto", "shape": {"batch": 1, "fp32": false, "gate": null, "heads": 12, "lengths": null, "state_mode": "out", "tokens": 4095}, "status": "PASS", "tensors": {"final_state": {"bitwise": true, "finite": true}, "out": {"bitwise": true, "finite": true}}}
{"case": 27, "kind": "graph_correctness", "name": "phase1_auto", "shape": {"batch": 1, "fp32": false, "gate": null, "heads": 12, "lengths": null, "state_mode": "out", "tokens": 4095}, "status": "PASS", "tensors": {"final_state": {"bitwise": true, "finite": true}, "out": {"bitwise": true, "finite": true}}}
{"case": 27, "kind": "graph_correctness", "name": "v128", "shape": {"batch": 1, "fp32": false, "gate": null, "heads": 12, "lengths": null, "state_mode": "out", "tokens": 4095}, "status": "PASS", "tensors": {"final_state": {"bitwise": true, "finite": true}, "out": {"bitwise": true, "finite": true}}}
{"cache_perturbed": {"count": 30, "median_ms": 0.4460480064153671, "p10_ms": 0.44464001059532166, "p90_ms": 0.4567039906978607}, "case": 27, "decision": {"predicted_ms": {"16": 0.29907002789062503, "32": 0.3064573839213867, "64": 0.3324931552993164, "128": 0.40455149174267574}, "reason": "calibrated_score_with_guard_band", "resident_blocks_per_sm": {"16": 4, "32": 4, "64": 3, "128": 2}, "reuse_footprint_bytes": 42663936, "reuse_over_l2": 0.32164031620553357, "value_slice": 16}, "eager": {"count": 60, "median_ms": 0.4458880126476288, "p10_ms": 0.44489601254463196, "p90_ms": 0.45423999428749084}, "graph": {"count": 60, "median_ms": 0.441648006439209, "p10_ms": 0.4398080110549927, "p90_ms": 0.450111985206604}, "kind": "performance", "name": "phase1_auto", "repeat": 0, "shape": {"batch": 1, "fp32": false, "gate": null, "heads": 12, "lengths": null, "state_mode": "out", "tokens": 4095}, "wall_sync": {"count": 20, "median_ms": 0.45797600000000005, "p10_ms": 0.456027, "p90_ms": 0.467666}}
{"cache_perturbed": {"count": 30, "median_ms": 0.49241599440574646, "p10_ms": 0.4903999865055084, "p90_ms": 0.5028799772262573}, "case": 27, "decision": {"predicted_ms": {"16": 0.29907002789062503, "32": 0.3064573839213867, "64": 0.3324931552993164, "128": 0.40455149174267574}, "reason": "calibrated_score_with_guard_band", "resident_blocks_per_sm": {"16": 4, "32": 4, "64": 3, "128": 2}, "reuse_footprint_bytes": 42663936, "reuse_over_l2": 0.32164031620553357, "value_slice": 16}, "eager": {"count": 60, "median_ms": 0.4909279942512512, "p10_ms": 0.4899519979953766, "p90_ms": 0.5041919946670532}, "graph": {"count": 60, "median_ms": 0.4859519898891449, "p10_ms": 0.4848639965057373, "p90_ms": 0.49718400835990906}, "kind": "performance", "name": "p4_auto", "repeat": 0, "shape": {"batch": 1, "fp32": false, "gate": null, "heads": 12, "lengths": null, "state_mode": "out", "tokens": 4095}, "wall_sync": {"count": 20, "median_ms": 0.5028919999999999, "p10_ms": 0.501196, "p90_ms": 0.513846}}
{"cache_perturbed": {"count": 30, "median_ms": 0.7065600156784058, "p10_ms": 0.7010560035705566, "p90_ms": 0.719871997833252}, "case": 27, "decision": {"reason": "environment_override", "value_slice": 128}, "eager": {"count": 60, "median_ms": 0.7038879990577698, "p10_ms": 0.6990399956703186, "p90_ms": 0.7295359969139099}, "graph": {"count": 60, "median_ms": 0.6988959908485413, "p10_ms": 0.6956480145454407, "p90_ms": 0.7286080121994019}, "kind": "performance", "name": "v128", "repeat": 0, "shape": {"batch": 1, "fp32": false, "gate": null, "heads": 12, "lengths": null, "state_mode": "out", "tokens": 4095}, "wall_sync": {"count": 20, "median_ms": 0.7138245000000001, "p10_ms": 0.710534, "p90_ms": 0.739075}}
{"cache_perturbed": {"count": 30, "median_ms": 0.44841600954532623, "p10_ms": 0.4445120096206665, "p90_ms": 0.45577600598335266}, "case": 27, "decision": {"predicted_ms": {"16": 0.29907002789062503, "32": 0.3064573839213867, "64": 0.3324931552993164, "128": 0.40455149174267574}, "reason": "calibrated_score_with_guard_band", "resident_blocks_per_sm": {"16": 4, "32": 4, "64": 3, "128": 2}, "reuse_footprint_bytes": 42663936, "reuse_over_l2": 0.32164031620553357, "value_slice": 16}, "eager": {"count": 60, "median_ms": 0.44601601362228394, "p10_ms": 0.4448640048503876, "p90_ms": 0.4551999866962433}, "graph": {"count": 60, "median_ms": 0.44385600090026855, "p10_ms": 0.4397439956665039, "p90_ms": 0.4509119987487793}, "kind": "performance", "name": "phase1_auto", "repeat": 1, "shape": {"batch": 1, "fp32": false, "gate": null, "heads": 12, "lengths": null, "state_mode": "out", "tokens": 4095}, "wall_sync": {"count": 20, "median_ms": 0.460866, "p10_ms": 0.456696, "p90_ms": 0.474087}}
{"cache_perturbed": {"count": 30, "median_ms": 0.7086399793624878, "p10_ms": 0.7014399766921997, "p90_ms": 0.7189440131187439}, "case": 27, "decision": {"reason": "environment_override", "value_slice": 128}, "eager": {"count": 60, "median_ms": 0.7070240080356598, "p10_ms": 0.6997759938240051, "p90_ms": 0.7236480116844177}, "graph": {"count": 60, "median_ms": 0.6989440023899078, "p10_ms": 0.6958720088005066, "p90_ms": 0.7296640276908875}, "kind": "performance", "name": "v128", "repeat": 1, "shape": {"batch": 1, "fp32": false, "gate": null, "heads": 12, "lengths": null, "state_mode": "out", "tokens": 4095}, "wall_sync": {"count": 20, "median_ms": 0.7191445, "p10_ms": 0.709234, "p90_ms": 0.748564}}
{"cache_perturbed": {"count": 30, "median_ms": 0.4925439953804016, "p10_ms": 0.4903680086135864, "p90_ms": 0.502784013748169}, "case": 27, "decision": {"predicted_ms": {"16": 0.29907002789062503, "32": 0.3064573839213867, "64": 0.3324931552993164, "128": 0.40455149174267574}, "reason": "calibrated_score_with_guard_band", "resident_blocks_per_sm": {"16": 4, "32": 4, "64": 3, "128": 2}, "reuse_footprint_bytes": 42663936, "reuse_over_l2": 0.32164031620553357, "value_slice": 16}, "eager": {"count": 60, "median_ms": 0.49105599522590637, "p10_ms": 0.4898880124092102, "p90_ms": 0.5014079809188843}, "graph": {"count": 60, "median_ms": 0.48686400055885315, "p10_ms": 0.4848639965057373, "p90_ms": 0.4970879852771759}, "kind": "performance", "name": "p4_auto", "repeat": 1, "shape": {"batch": 1, "fp32": false, "gate": null, "heads": 12, "lengths": null, "state_mode": "out", "tokens": 4095}, "wall_sync": {"count": 20, "median_ms": 0.506291, "p10_ms": 0.500505, "p90_ms": 0.513886}}
{"cache_perturbed": {"count": 30, "median_ms": 0.44551999866962433, "p10_ms": 0.44444799423217773, "p90_ms": 0.4559360146522522}, "case": 27, "decision": {"predicted_ms": {"16": 0.29907002789062503, "32": 0.3064573839213867, "64": 0.3324931552993164, "128": 0.40455149174267574}, "reason": "calibrated_score_with_guard_band", "resident_blocks_per_sm": {"16": 4, "32": 4, "64": 3, "128": 2}, "reuse_footprint_bytes": 42663936, "reuse_over_l2": 0.32164031620553357, "value_slice": 16}, "eager": {"count": 60, "median_ms": 0.4525120109319687, "p10_ms": 0.44278401136398315, "p90_ms": 0.4613119959831238}, "graph": {"count": 60, "median_ms": 0.4419040083885193, "p10_ms": 0.4398080110549927, "p90_ms": 0.45027199387550354}, "kind": "performance", "name": "phase1_auto", "repeat": 2, "shape": {"batch": 1, "fp32": false, "gate": null, "heads": 12, "lengths": null, "state_mode": "out", "tokens": 4095}, "wall_sync": {"count": 20, "median_ms": 0.4606565, "p10_ms": 0.456297, "p90_ms": 0.478036}}
{"cache_perturbed": {"count": 30, "median_ms": 0.4921119958162308, "p10_ms": 0.4904319941997528, "p90_ms": 0.5028799772262573}, "case": 27, "decision": {"predicted_ms": {"16": 0.29907002789062503, "32": 0.3064573839213867, "64": 0.3324931552993164, "128": 0.40455149174267574}, "reason": "calibrated_score_with_guard_band", "resident_blocks_per_sm": {"16": 4, "32": 4, "64": 3, "128": 2}, "reuse_footprint_bytes": 42663936, "reuse_over_l2": 0.32164031620553357, "value_slice": 16}, "eager": {"count": 60, "median_ms": 0.4920639991760254, "p10_ms": 0.48998400568962097, "p90_ms": 0.5012800097465515}, "graph": {"count": 60, "median_ms": 0.4869759976863861, "p10_ms": 0.4848960041999817, "p90_ms": 0.4971520006656647}, "kind": "performance", "name": "p4_auto", "repeat": 2, "shape": {"batch": 1, "fp32": false, "gate": null, "heads": 12, "lengths": null, "state_mode": "out", "tokens": 4095}, "wall_sync": {"count": 20, "median_ms": 0.5067714999999999, "p10_ms": 0.501265, "p90_ms": 0.514226}}
{"cache_perturbed": {"count": 30, "median_ms": 0.707647979259491, "p10_ms": 0.6994879841804504, "p90_ms": 0.7260479927062988}, "case": 27, "decision": {"reason": "environment_override", "value_slice": 128}, "eager": {"count": 60, "median_ms": 0.7091360092163086, "p10_ms": 0.7009279727935791, "p90_ms": 0.7193920016288757}, "graph": {"count": 60, "median_ms": 0.6999519765377045, "p10_ms": 0.6966720223426819, "p90_ms": 0.7244799733161926}, "kind": "performance", "name": "v128", "repeat": 2, "shape": {"batch": 1, "fp32": false, "gate": null, "heads": 12, "lengths": null, "state_mode": "out", "tokens": 4095}, "wall_sync": {"count": 20, "median_ms": 0.7152944999999999, "p10_ms": 0.709714, "p90_ms": 0.729083}}
{"case": 27, "kind": "post_correctness", "name": "p4_auto", "shape": {"batch": 1, "fp32": false, "gate": null, "heads": 12, "lengths": null, "state_mode": "out", "tokens": 4095}, "status": "PASS", "tensors": {"final_state": {"bitwise": true, "finite": true}, "out": {"bitwise": true, "finite": true}}}
{"case": 27, "kind": "post_correctness", "name": "phase1_auto", "shape": {"batch": 1, "fp32": false, "gate": null, "heads": 12, "lengths": null, "state_mode": "out", "tokens": 4095}, "status": "PASS", "tensors": {"final_state": {"bitwise": true, "finite": true}, "out": {"bitwise": true, "finite": true}}}
{"case": 27, "kind": "shape_complete", "shape": {"batch": 1, "fp32": false, "gate": null, "heads": 12, "lengths": null, "state_mode": "out", "tokens": 4095}}
{"case": 28, "kind": "graph_correctness", "name": "p4_auto", "shape": {"batch": 1, "fp32": false, "gate": null, "heads": 12, "lengths": null, "state_mode": "both", "tokens": 8191}, "status": "PASS", "tensors": {"final_state": {"bitwise": true, "finite": true}, "out": {"bitwise": true, "finite": true}}}
{"case": 28, "kind": "graph_correctness", "name": "phase1_auto", "shape": {"batch": 1, "fp32": false, "gate": null, "heads": 12, "lengths": null, "state_mode": "both", "tokens": 8191}, "status": "PASS", "tensors": {"final_state": {"bitwise": true, "finite": true}, "out": {"bitwise": true, "finite": true}}}
{"case": 28, "kind": "graph_correctness", "name": "v128", "shape": {"batch": 1, "fp32": false, "gate": null, "heads": 12, "lengths": null, "state_mode": "both", "tokens": 8191}, "status": "PASS", "tensors": {"final_state": {"bitwise": true, "finite": true}, "out": {"bitwise": true, "finite": true}}}
{"cache_perturbed": {"count": 30, "median_ms": 0.7998080253601074, "p10_ms": 0.7975999712944031, "p90_ms": 0.8151999711990356}, "case": 28, "decision": {"predicted_ms": {"16": 0.5742336114284667, "32": 0.5881916382504883, "64": 0.638582704204834, "128": 0.783852497248291}, "reason": "calibrated_score_with_guard_band", "resident_blocks_per_sm": {"16": 4, "32": 4, "64": 3, "128": 2}, "reuse_footprint_bytes": 85327872, "reuse_over_l2": 0.6432806324110671, "value_slice": 16}, "eager": {"count": 60, "median_ms": 0.7994880080223083, "p10_ms": 0.7963200211524963, "p90_ms": 0.8146560192108154}, "graph": {"count": 60, "median_ms": 0.7920960187911987, "p10_ms": 0.7900159955024719, "p90_ms": 0.8084800243377686}, "kind": "performance", "name": "p4_auto", "repeat": 0, "shape": {"batch": 1, "fp32": false, "gate": null, "heads": 12, "lengths": null, "state_mode": "both", "tokens": 8191}, "wall_sync": {"count": 20, "median_ms": 0.8133295, "p10_ms": 0.808873, "p90_ms": 0.827874}}
{"cache_perturbed": {"count": 30, "median_ms": 0.7503679990768433, "p10_ms": 0.7454720139503479, "p90_ms": 0.765824019908905}, "case": 28, "decision": {"predicted_ms": {"16": 0.5742336114284667, "32": 0.5881916382504883, "64": 0.638582704204834, "128": 0.783852497248291}, "reason": "calibrated_score_with_guard_band", "resident_blocks_per_sm": {"16": 4, "32": 4, "64": 3, "128": 2}, "reuse_footprint_bytes": 85327872, "reuse_over_l2": 0.6432806324110671, "value_slice": 16}, "eager": {"count": 60, "median_ms": 0.7481920123100281, "p10_ms": 0.7451840043067932, "p90_ms": 0.7623999714851379}, "graph": {"count": 60, "median_ms": 0.7419680058956146, "p10_ms": 0.73990398645401, "p90_ms": 0.7562559843063354}, "kind": "performance", "name": "phase1_auto", "repeat": 0, "shape": {"batch": 1, "fp32": false, "gate": null, "heads": 12, "lengths": null, "state_mode": "both", "tokens": 8191}, "wall_sync": {"count": 20, "median_ms": 0.7589535000000001, "p10_ms": 0.755993, "p90_ms": 0.774163}}
{"cache_perturbed": {"count": 30, "median_ms": 1.3777920007705688, "p10_ms": 1.367840051651001, "p90_ms": 1.3928639888763428}, "case": 28, "decision": {"reason": "environment_override", "value_slice": 128}, "eager": {"count": 60, "median_ms": 1.3772799968719482, "p10_ms": 1.366655945777893, "p90_ms": 1.3942400217056274}, "graph": {"count": 60, "median_ms": 1.3767999410629272, "p10_ms": 1.3635200262069702, "p90_ms": 1.3910720348358154}, "kind": "performance", "name": "v128", "repeat": 0, "shape": {"batch": 1, "fp32": false, "gate": null, "heads": 12, "lengths": null, "state_mode": "both", "tokens": 8191}, "wall_sync": {"count": 20, "median_ms": 1.3892894999999998, "p10_ms": 1.382548, "p90_ms": 1.402789}}
{"cache_perturbed": {"count": 30, "median_ms": 0.8023680150508881, "p10_ms": 0.795744001865387, "p90_ms": 0.8142399787902832}, "case": 28, "decision": {"predicted_ms": {"16": 0.5742336114284667, "32": 0.5881916382504883, "64": 0.638582704204834, "128": 0.783852497248291}, "reason": "calibrated_score_with_guard_band", "resident_blocks_per_sm": {"16": 4, "32": 4, "64": 3, "128": 2}, "reuse_footprint_bytes": 85327872, "reuse_over_l2": 0.6432806324110671, "value_slice": 16}, "eager": {"count": 60, "median_ms": 0.8007360100746155, "p10_ms": 0.7952640056610107, "p90_ms": 0.8164160251617432}, "graph": {"count": 60, "median_ms": 0.7921440005302429, "p10_ms": 0.7900480031967163, "p90_ms": 0.8086720108985901}, "kind": "performance", "name": "p4_auto", "repeat": 1, "shape": {"batch": 1, "fp32": false, "gate": null, "heads": 12, "lengths": null, "state_mode": "both", "tokens": 8191}, "wall_sync": {"count": 20, "median_ms": 0.8113735, "p10_ms": 0.808394, "p90_ms": 0.828513}}
{"cache_perturbed": {"count": 30, "median_ms": 1.3774880170822144, "p10_ms": 1.3663040399551392, "p90_ms": 1.3937280178070068}, "case": 28, "decision": {"reason": "environment_override", "value_slice": 128}, "eager": {"count": 60, "median_ms": 1.3762399554252625, "p10_ms": 1.3685439825057983, "p90_ms": 1.3931200504302979}, "graph": {"count": 60, "median_ms": 1.3741440176963806, "p10_ms": 1.3646080493927002, "p90_ms": 1.3899519443511963}, "kind": "performance", "name": "v128", "repeat": 1, "shape": {"batch": 1, "fp32": false, "gate": null, "heads": 12, "lengths": null, "state_mode": "both", "tokens": 8191}, "wall_sync": {"count": 20, "median_ms": 1.389494, "p10_ms": 1.379669, "p90_ms": 1.407098}}
{"cache_perturbed": {"count": 30, "median_ms": 0.7476000189781189, "p10_ms": 0.7444480061531067, "p90_ms": 0.762719988822937}, "case": 28, "decision": {"predicted_ms": {"16": 0.5742336114284667, "32": 0.5881916382504883, "64": 0.638582704204834, "128": 0.783852497248291}, "reason": "calibrated_score_with_guard_band", "resident_blocks_per_sm": {"16": 4, "32": 4, "64": 3, "128": 2}, "reuse_footprint_bytes": 85327872, "reuse_over_l2": 0.6432806324110671, "value_slice": 16}, "eager": {"count": 60, "median_ms": 0.7509920001029968, "p10_ms": 0.7440320253372192, "p90_ms": 0.7633600234985352}, "graph": {"count": 60, "median_ms": 0.7419680058956146, "p10_ms": 0.73990398645401, "p90_ms": 0.7571200132369995}, "kind": "performance", "name": "phase1_auto", "repeat": 1, "shape": {"batch": 1, "fp32": false, "gate": null, "heads": 12, "lengths": null, "state_mode": "both", "tokens": 8191}, "wall_sync": {"count": 20, "median_ms": 0.758814, "p10_ms": 0.757453, "p90_ms": 0.773333}}
{"cache_perturbed": {"count": 30, "median_ms": 0.8007520139217377, "p10_ms": 0.7956479787826538, "p90_ms": 0.8141760230064392}, "case": 28, "decision": {"predicted_ms": {"16": 0.5742336114284667, "32": 0.5881916382504883, "64": 0.638582704204834, "128": 0.783852497248291}, "reason": "calibrated_score_with_guard_band", "resident_blocks_per_sm": {"16": 4, "32": 4, "64": 3, "128": 2}, "reuse_footprint_bytes": 85327872, "reuse_over_l2": 0.6432806324110671, "value_slice": 16}, "eager": {"count": 60, "median_ms": 0.8054400086402893, "p10_ms": 0.7973120212554932, "p90_ms": 0.8156160116195679}, "graph": {"count": 60, "median_ms": 0.7967039942741394, "p10_ms": 0.7900480031967163, "p90_ms": 0.8085119724273682}, "kind": "performance", "name": "p4_auto", "repeat": 2, "shape": {"batch": 1, "fp32": false, "gate": null, "heads": 12, "lengths": null, "state_mode": "both", "tokens": 8191}, "wall_sync": {"count": 20, "median_ms": 0.813194, "p10_ms": 0.807713, "p90_ms": 0.830724}}
{"cache_perturbed": {"count": 30, "median_ms": 0.7480320036411285, "p10_ms": 0.7445759773254395, "p90_ms": 0.7629439830780029}, "case": 28, "decision": {"predicted_ms": {"16": 0.5742336114284667, "32": 0.5881916382504883, "64": 0.638582704204834, "128": 0.783852497248291}, "reason": "calibrated_score_with_guard_band", "resident_blocks_per_sm": {"16": 4, "32": 4, "64": 3, "128": 2}, "reuse_footprint_bytes": 85327872, "reuse_over_l2": 0.6432806324110671, "value_slice": 16}, "eager": {"count": 60, "median_ms": 0.7482079863548279, "p10_ms": 0.744159996509552, "p90_ms": 0.762336015701294}, "graph": {"count": 60, "median_ms": 0.7410719990730286, "p10_ms": 0.738976001739502, "p90_ms": 0.7572479844093323}, "kind": "performance", "name": "phase1_auto", "repeat": 2, "shape": {"batch": 1, "fp32": false, "gate": null, "heads": 12, "lengths": null, "state_mode": "both", "tokens": 8191}, "wall_sync": {"count": 20, "median_ms": 0.759818, "p10_ms": 0.756385, "p90_ms": 0.779723}}
{"cache_perturbed": {"count": 30, "median_ms": 1.3772799968719482, "p10_ms": 1.3721599578857422, "p90_ms": 1.3935680389404297}, "case": 28, "decision": {"reason": "environment_override", "value_slice": 128}, "eager": {"count": 60, "median_ms": 1.3768479824066162, "p10_ms": 1.3685439825057983, "p90_ms": 1.391968011856079}, "graph": {"count": 60, "median_ms": 1.374671995639801, "p10_ms": 1.364575982093811, "p90_ms": 1.390239953994751}, "kind": "performance", "name": "v128", "repeat": 2, "shape": {"batch": 1, "fp32": false, "gate": null, "heads": 12, "lengths": null, "state_mode": "both", "tokens": 8191}, "wall_sync": {"count": 20, "median_ms": 1.391749, "p10_ms": 1.38189, "p90_ms": 1.403429}}
{"case": 28, "kind": "post_correctness", "name": "p4_auto", "shape": {"batch": 1, "fp32": false, "gate": null, "heads": 12, "lengths": null, "state_mode": "both", "tokens": 8191}, "status": "PASS", "tensors": {"final_state": {"bitwise": true, "finite": true}, "out": {"bitwise": true, "finite": true}}}
{"case": 28, "kind": "post_correctness", "name": "phase1_auto", "shape": {"batch": 1, "fp32": false, "gate": null, "heads": 12, "lengths": null, "state_mode": "both", "tokens": 8191}, "status": "PASS", "tensors": {"final_state": {"bitwise": true, "finite": true}, "out": {"bitwise": true, "finite": true}}}
{"case": 28, "kind": "shape_complete", "shape": {"batch": 1, "fp32": false, "gate": null, "heads": 12, "lengths": null, "state_mode": "both", "tokens": 8191}}
{"case": 29, "kind": "graph_correctness", "name": "p4_auto", "shape": {"batch": 1, "fp32": false, "gate": null, "heads": 12, "lengths": null, "state_mode": "out", "tokens": 8191}, "status": "PASS", "tensors": {"final_state": {"bitwise": true, "finite": true}, "out": {"bitwise": true, "finite": true}}}
{"case": 29, "kind": "graph_correctness", "name": "phase1_auto", "shape": {"batch": 1, "fp32": false, "gate": null, "heads": 12, "lengths": null, "state_mode": "out", "tokens": 8191}, "status": "PASS", "tensors": {"final_state": {"bitwise": true, "finite": true}, "out": {"bitwise": true, "finite": true}}}
{"case": 29, "kind": "graph_correctness", "name": "v128", "shape": {"batch": 1, "fp32": false, "gate": null, "heads": 12, "lengths": null, "state_mode": "out", "tokens": 8191}, "status": "PASS", "tensors": {"final_state": {"bitwise": true, "finite": true}, "out": {"bitwise": true, "finite": true}}}
{"cache_perturbed": {"count": 30, "median_ms": 0.956063985824585, "p10_ms": 0.9493119716644287, "p90_ms": 0.9704959988594055}, "case": 29, "decision": {"predicted_ms": {"16": 0.5742336114284667, "32": 0.5881916382504883, "64": 0.638582704204834, "128": 0.783852497248291}, "reason": "calibrated_score_with_guard_band", "resident_blocks_per_sm": {"16": 4, "32": 4, "64": 3, "128": 2}, "reuse_footprint_bytes": 85327872, "reuse_over_l2": 0.6432806324110671, "value_slice": 16}, "eager": {"count": 60, "median_ms": 0.952927976846695, "p10_ms": 0.9475520253181458, "p90_ms": 0.9721599817276001}, "graph": {"count": 60, "median_ms": 0.9528479874134064, "p10_ms": 0.9456959962844849, "p90_ms": 0.9682239890098572}, "kind": "performance", "name": "p4_auto", "repeat": 0, "shape": {"batch": 1, "fp32": false, "gate": null, "heads": 12, "lengths": null, "state_mode": "out", "tokens": 8191}, "wall_sync": {"count": 20, "median_ms": 0.966592, "p10_ms": 0.959592, "p90_ms": 0.985102}}
{"cache_perturbed": {"count": 30, "median_ms": 1.3869760036468506, "p10_ms": 1.3773119449615479, "p90_ms": 1.4018559455871582}, "case": 29, "decision": {"reason": "environment_override", "value_slice": 128}, "eager": {"count": 60, "median_ms": 1.38510400056839, "p10_ms": 1.3749120235443115, "p90_ms": 1.4033279418945312}, "graph": {"count": 60, "median_ms": 1.3805599808692932, "p10_ms": 1.3736319541931152, "p90_ms": 1.3951359987258911}, "kind": "performance", "name": "v128", "repeat": 0, "shape": {"batch": 1, "fp32": false, "gate": null, "heads": 12, "lengths": null, "state_mode": "out", "tokens": 8191}, "wall_sync": {"count": 20, "median_ms": 1.398213, "p10_ms": 1.382259, "p90_ms": 1.41134}}
{"cache_perturbed": {"count": 30, "median_ms": 0.8647200167179108, "p10_ms": 0.8591359853744507, "p90_ms": 0.8776959776878357}, "case": 29, "decision": {"predicted_ms": {"16": 0.5742336114284667, "32": 0.5881916382504883, "64": 0.638582704204834, "128": 0.783852497248291}, "reason": "calibrated_score_with_guard_band", "resident_blocks_per_sm": {"16": 4, "32": 4, "64": 3, "128": 2}, "reuse_footprint_bytes": 85327872, "reuse_over_l2": 0.6432806324110671, "value_slice": 16}, "eager": {"count": 60, "median_ms": 0.8627200126647949, "p10_ms": 0.8575999736785889, "p90_ms": 0.8812159895896912}, "graph": {"count": 60, "median_ms": 0.8637600243091583, "p10_ms": 0.8554559946060181, "p90_ms": 0.8759679794311523}, "kind": "performance", "name": "phase1_auto", "repeat": 0, "shape": {"batch": 1, "fp32": false, "gate": null, "heads": 12, "lengths": null, "state_mode": "out", "tokens": 8191}, "wall_sync": {"count": 20, "median_ms": 0.878008, "p10_ms": 0.870114, "p90_ms": 0.891283}}
{"cache_perturbed": {"count": 30, "median_ms": 0.9627519845962524, "p10_ms": 0.9494079947471619, "p90_ms": 0.9708799719810486}, "case": 29, "decision": {"predicted_ms": {"16": 0.5742336114284667, "32": 0.5881916382504883, "64": 0.638582704204834, "128": 0.783852497248291}, "reason": "calibrated_score_with_guard_band", "resident_blocks_per_sm": {"16": 4, "32": 4, "64": 3, "128": 2}, "reuse_footprint_bytes": 85327872, "reuse_over_l2": 0.6432806324110671, "value_slice": 16}, "eager": {"count": 60, "median_ms": 0.9584639966487885, "p10_ms": 0.9487680196762085, "p90_ms": 0.9720960259437561}, "graph": {"count": 60, "median_ms": 0.9496639966964722, "p10_ms": 0.9446719884872437, "p90_ms": 0.9690880179405212}, "kind": "performance", "name": "p4_auto", "repeat": 1, "shape": {"batch": 1, "fp32": false, "gate": null, "heads": 12, "lengths": null, "state_mode": "out", "tokens": 8191}, "wall_sync": {"count": 20, "median_ms": 0.9629129999999999, "p10_ms": 0.960212, "p90_ms": 0.986361}}
{"cache_perturbed": {"count": 30, "median_ms": 0.8611359894275665, "p10_ms": 0.857088029384613, "p90_ms": 0.879647970199585}, "case": 29, "decision": {"predicted_ms": {"16": 0.5742336114284667, "32": 0.5881916382504883, "64": 0.638582704204834, "128": 0.783852497248291}, "reason": "calibrated_score_with_guard_band", "resident_blocks_per_sm": {"16": 4, "32": 4, "64": 3, "128": 2}, "reuse_footprint_bytes": 85327872, "reuse_over_l2": 0.6432806324110671, "value_slice": 16}, "eager": {"count": 60, "median_ms": 0.8641600012779236, "p10_ms": 0.8566719889640808, "p90_ms": 0.8792960047721863}, "graph": {"count": 60, "median_ms": 0.8592160046100616, "p10_ms": 0.8543679714202881, "p90_ms": 0.875872015953064}, "kind": "performance", "name": "phase1_auto", "repeat": 1, "shape": {"batch": 1, "fp32": false, "gate": null, "heads": 12, "lengths": null, "state_mode": "out", "tokens": 8191}, "wall_sync": {"count": 20, "median_ms": 0.8765229999999999, "p10_ms": 0.869672, "p90_ms": 0.891082}}
{"cache_perturbed": {"count": 30, "median_ms": 1.385312020778656, "p10_ms": 1.3751360177993774, "p90_ms": 1.4040000438690186}, "case": 29, "decision": {"reason": "environment_override", "value_slice": 128}, "eager": {"count": 60, "median_ms": 1.3833920359611511, "p10_ms": 1.3747199773788452, "p90_ms": 1.4013760089874268}, "graph": {"count": 60, "median_ms": 1.3814400434494019, "p10_ms": 1.3727359771728516, "p90_ms": 1.3962559700012207}, "kind": "performance", "name": "v128", "repeat": 1, "shape": {"batch": 1, "fp32": false, "gate": null, "heads": 12, "lengths": null, "state_mode": "out", "tokens": 8191}, "wall_sync": {"count": 20, "median_ms": 1.393539, "p10_ms": 1.386489, "p90_ms": 1.411849}}
{"cache_perturbed": {"count": 30, "median_ms": 0.9544640183448792, "p10_ms": 0.9482880234718323, "p90_ms": 0.9767680168151855}, "case": 29, "decision": {"predicted_ms": {"16": 0.5742336114284667, "32": 0.5881916382504883, "64": 0.638582704204834, "128": 0.783852497248291}, "reason": "calibrated_score_with_guard_band", "resident_blocks_per_sm": {"16": 4, "32": 4, "64": 3, "128": 2}, "reuse_footprint_bytes": 85327872, "reuse_over_l2": 0.6432806324110671, "value_slice": 16}, "eager": {"count": 60, "median_ms": 0.955344021320343, "p10_ms": 0.9467840194702148, "p90_ms": 0.9754239916801453}, "graph": {"count": 60, "median_ms": 0.9494240283966064, "p10_ms": 0.9446719884872437, "p90_ms": 0.9682239890098572}, "kind": "performance", "name": "p4_auto", "repeat": 2, "shape": {"batch": 1, "fp32": false, "gate": null, "heads": 12, "lengths": null, "state_mode": "out", "tokens": 8191}, "wall_sync": {"count": 20, "median_ms": 0.964173, "p10_ms": 0.959442, "p90_ms": 0.986561}}
{"cache_perturbed": {"count": 30, "median_ms": 1.386080026626587, "p10_ms": 1.374176025390625, "p90_ms": 1.4018880128860474}, "case": 29, "decision": {"reason": "environment_override", "value_slice": 128}, "eager": {"count": 60, "median_ms": 1.3850239515304565, "p10_ms": 1.3726719617843628, "p90_ms": 1.401311993598938}, "graph": {"count": 60, "median_ms": 1.3808640241622925, "p10_ms": 1.3706560134887695, "p90_ms": 1.396191954612732}, "kind": "performance", "name": "v128", "repeat": 2, "shape": {"batch": 1, "fp32": false, "gate": null, "heads": 12, "lengths": null, "state_mode": "out", "tokens": 8191}, "wall_sync": {"count": 20, "median_ms": 1.394484, "p10_ms": 1.384209, "p90_ms": 1.41238}}
{"cache_perturbed": {"count": 30, "median_ms": 0.8633759915828705, "p10_ms": 0.8591679930686951, "p90_ms": 0.879647970199585}, "case": 29, "decision": {"predicted_ms": {"16": 0.5742336114284667, "32": 0.5881916382504883, "64": 0.638582704204834, "128": 0.783852497248291}, "reason": "calibrated_score_with_guard_band", "resident_blocks_per_sm": {"16": 4, "32": 4, "64": 3, "128": 2}, "reuse_footprint_bytes": 85327872, "reuse_over_l2": 0.6432806324110671, "value_slice": 16}, "eager": {"count": 60, "median_ms": 0.8668160140514374, "p10_ms": 0.858784019947052, "p90_ms": 0.8782399892807007}, "graph": {"count": 60, "median_ms": 0.8586879968643188, "p10_ms": 0.8555200099945068, "p90_ms": 0.8750399947166443}, "kind": "performance", "name": "phase1_auto", "repeat": 2, "shape": {"batch": 1, "fp32": false, "gate": null, "heads": 12, "lengths": null, "state_mode": "out", "tokens": 8191}, "wall_sync": {"count": 20, "median_ms": 0.8769685, "p10_ms": 0.870774, "p90_ms": 0.890423}}
{"case": 29, "kind": "post_correctness", "name": "p4_auto", "shape": {"batch": 1, "fp32": false, "gate": null, "heads": 12, "lengths": null, "state_mode": "out", "tokens": 8191}, "status": "PASS", "tensors": {"final_state": {"bitwise": true, "finite": true}, "out": {"bitwise": true, "finite": true}}}
{"case": 29, "kind": "post_correctness", "name": "phase1_auto", "shape": {"batch": 1, "fp32": false, "gate": null, "heads": 12, "lengths": null, "state_mode": "out", "tokens": 8191}, "status": "PASS", "tensors": {"final_state": {"bitwise": true, "finite": true}, "out": {"bitwise": true, "finite": true}}}
{"case": 29, "kind": "shape_complete", "shape": {"batch": 1, "fp32": false, "gate": null, "heads": 12, "lengths": null, "state_mode": "out", "tokens": 8191}}
{"case": 30, "kind": "graph_correctness", "name": "p4_auto", "shape": {"batch": 1, "fp32": false, "gate": null, "heads": 12, "lengths": null, "state_mode": "both", "tokens": 3072}, "status": "PASS", "tensors": {"final_state": {"bitwise": true, "finite": true}, "out": {"bitwise": true, "finite": true}}}
{"case": 30, "kind": "graph_correctness", "name": "phase1_auto", "shape": {"batch": 1, "fp32": false, "gate": null, "heads": 12, "lengths": null, "state_mode": "both", "tokens": 3072}, "status": "PASS", "tensors": {"final_state": {"bitwise": true, "finite": true}, "out": {"bitwise": true, "finite": true}}}
{"case": 30, "kind": "graph_correctness", "name": "v128", "shape": {"batch": 1, "fp32": false, "gate": null, "heads": 12, "lengths": null, "state_mode": "both", "tokens": 3072}, "status": "PASS", "tensors": {"final_state": {"bitwise": true, "finite": true}, "out": {"bitwise": true, "finite": true}}}
{"cache_perturbed": {"count": 30, "median_ms": 0.3165920078754425, "p10_ms": 0.3162879943847656, "p90_ms": 0.3248000144958496}, "case": 30, "decision": {"predicted_ms": {"16": 0.230188257, "32": 0.23597771850000002, "64": 0.2556324025, "128": 0.3096812775}, "reason": "calibrated_score_with_guard_band", "resident_blocks_per_sm": {"16": 4, "32": 4, "64": 3, "128": 2}, "reuse_footprint_bytes": 31997952, "reuse_over_l2": 0.2412302371541502, "value_slice": 16}, "eager": {"count": 60, "median_ms": 0.3158559948205948, "p10_ms": 0.3139840066432953, "p90_ms": 0.3221760094165802}, "graph": {"count": 60, "median_ms": 0.3109920024871826, "p10_ms": 0.30880001187324524, "p90_ms": 0.3169279992580414}, "kind": "performance", "name": "p4_auto", "repeat": 0, "shape": {"batch": 1, "fp32": false, "gate": null, "heads": 12, "lengths": null, "state_mode": "both", "tokens": 3072}, "wall_sync": {"count": 20, "median_ms": 0.3290575, "p10_ms": 0.326769, "p90_ms": 0.334057}}
{"cache_perturbed": {"count": 30, "median_ms": 0.2980799973011017, "p10_ms": 0.29788801074028015, "p90_ms": 0.30614399909973145}, "case": 30, "decision": {"predicted_ms": {"16": 0.230188257, "32": 0.23597771850000002, "64": 0.2556324025, "128": 0.3096812775}, "reason": "calibrated_score_with_guard_band", "resident_blocks_per_sm": {"16": 4, "32": 4, "64": 3, "128": 2}, "reuse_footprint_bytes": 31997952, "reuse_over_l2": 0.2412302371541502, "value_slice": 16}, "eager": {"count": 60, "median_ms": 0.29740799963474274, "p10_ms": 0.2954559922218323, "p90_ms": 0.30268800258636475}, "graph": {"count": 60, "median_ms": 0.29238399863243103, "p10_ms": 0.2902719974517822, "p90_ms": 0.2984960079193115}, "kind": "performance", "name": "phase1_auto", "repeat": 0, "shape": {"batch": 1, "fp32": false, "gate": null, "heads": 12, "lengths": null, "state_mode": "both", "tokens": 3072}, "wall_sync": {"count": 20, "median_ms": 0.308627, "p10_ms": 0.307119, "p90_ms": 0.312748}}
{"cache_perturbed": {"count": 30, "median_ms": 0.5234079957008362, "p10_ms": 0.522271990776062, "p90_ms": 0.5357120037078857}, "case": 30, "decision": {"reason": "environment_override", "value_slice": 128}, "eager": {"count": 60, "median_ms": 0.5232640206813812, "p10_ms": 0.5207679867744446, "p90_ms": 0.5341119766235352}, "graph": {"count": 60, "median_ms": 0.5176800191402435, "p10_ms": 0.5155519843101501, "p90_ms": 0.5289599895477295}, "kind": "performance", "name": "v128", "repeat": 0, "shape": {"batch": 1, "fp32": false, "gate": null, "heads": 12, "lengths": null, "state_mode": "both", "tokens": 3072}, "wall_sync": {"count": 20, "median_ms": 0.5334099999999999, "p10_ms": 0.530945, "p90_ms": 0.549095}}
{"cache_perturbed": {"count": 30, "median_ms": 0.526416003704071, "p10_ms": 0.5209919810295105, "p90_ms": 0.5436480045318604}, "case": 30, "decision": {"reason": "environment_override", "value_slice": 128}, "eager": {"count": 60, "median_ms": 0.5209280252456665, "p10_ms": 0.5195519924163818, "p90_ms": 0.5502079725265503}, "graph": {"count": 60, "median_ms": 0.5161280035972595, "p10_ms": 0.5144960284233093, "p90_ms": 0.5403839945793152}, "kind": "performance", "name": "v128", "repeat": 1, "shape": {"batch": 1, "fp32": false, "gate": null, "heads": 12, "lengths": null, "state_mode": "both", "tokens": 3072}, "wall_sync": {"count": 20, "median_ms": 0.5394455, "p10_ms": 0.529096, "p90_ms": 0.550746}}
{"cache_perturbed": {"count": 30, "median_ms": 0.31753599643707275, "p10_ms": 0.31632000207901, "p90_ms": 0.32256001234054565}, "case": 30, "decision": {"predicted_ms": {"16": 0.230188257, "32": 0.23597771850000002, "64": 0.2556324025, "128": 0.3096812775}, "reason": "calibrated_score_with_guard_band", "resident_blocks_per_sm": {"16": 4, "32": 4, "64": 3, "128": 2}, "reuse_footprint_bytes": 31997952, "reuse_over_l2": 0.2412302371541502, "value_slice": 16}, "eager": {"count": 60, "median_ms": 0.31888000667095184, "p10_ms": 0.31279999017715454, "p90_ms": 0.32918399572372437}, "graph": {"count": 60, "median_ms": 0.3108479976654053, "p10_ms": 0.30876800417900085, "p90_ms": 0.31699201464653015}, "kind": "performance", "name": "p4_auto", "repeat": 1, "shape": {"batch": 1, "fp32": false, "gate": null, "heads": 12, "lengths": null, "state_mode": "both", "tokens": 3072}, "wall_sync": {"count": 20, "median_ms": 0.327737, "p10_ms": 0.326097, "p90_ms": 0.340627}}
{"cache_perturbed": {"count": 30, "median_ms": 0.2980480045080185, "p10_ms": 0.29785600304603577, "p90_ms": 0.3043519854545593}, "case": 30, "decision": {"predicted_ms": {"16": 0.230188257, "32": 0.23597771850000002, "64": 0.2556324025, "128": 0.3096812775}, "reason": "calibrated_score_with_guard_band", "resident_blocks_per_sm": {"16": 4, "32": 4, "64": 3, "128": 2}, "reuse_footprint_bytes": 31997952, "reuse_over_l2": 0.2412302371541502, "value_slice": 16}, "eager": {"count": 60, "median_ms": 0.2963680028915405, "p10_ms": 0.2953920066356659, "p90_ms": 0.3036479949951172}, "graph": {"count": 60, "median_ms": 0.29238399863243103, "p10_ms": 0.290336012840271, "p90_ms": 0.2984960079193115}, "kind": "performance", "name": "phase1_auto", "repeat": 1, "shape": {"batch": 1, "fp32": false, "gate": null, "heads": 12, "lengths": null, "state_mode": "both", "tokens": 3072}, "wall_sync": {"count": 20, "median_ms": 0.3085325, "p10_ms": 0.307168, "p90_ms": 0.314248}}
{"cache_perturbed": {"count": 30, "median_ms": 0.5263359844684601, "p10_ms": 0.5223680138587952, "p90_ms": 0.5355839729309082}, "case": 30, "decision": {"reason": "environment_override", "value_slice": 128}, "eager": {"count": 60, "median_ms": 0.5251039862632751, "p10_ms": 0.5205119848251343, "p90_ms": 0.5319039821624756}, "graph": {"count": 60, "median_ms": 0.5202399790287018, "p10_ms": 0.5156159996986389, "p90_ms": 0.5278720259666443}, "kind": "performance", "name": "v128", "repeat": 2, "shape": {"batch": 1, "fp32": false, "gate": null, "heads": 12, "lengths": null, "state_mode": "both", "tokens": 3072}, "wall_sync": {"count": 20, "median_ms": 0.5362910000000001, "p10_ms": 0.529675, "p90_ms": 0.544215}}
{"cache_perturbed": {"count": 30, "median_ms": 0.2980320006608963, "p10_ms": 0.29785600304603577, "p90_ms": 0.30422401428222656}, "case": 30, "decision": {"predicted_ms": {"16": 0.230188257, "32": 0.23597771850000002, "64": 0.2556324025, "128": 0.3096812775}, "reason": "calibrated_score_with_guard_band", "resident_blocks_per_sm": {"16": 4, "32": 4, "64": 3, "128": 2}, "reuse_footprint_bytes": 31997952, "reuse_over_l2": 0.2412302371541502, "value_slice": 16}, "eager": {"count": 60, "median_ms": 0.2969920039176941, "p10_ms": 0.2954559922218323, "p90_ms": 0.3024959862232208}, "graph": {"count": 60, "median_ms": 0.2917439937591553, "p10_ms": 0.2902719974517822, "p90_ms": 0.2984960079193115}, "kind": "performance", "name": "phase1_auto", "repeat": 2, "shape": {"batch": 1, "fp32": false, "gate": null, "heads": 12, "lengths": null, "state_mode": "both", "tokens": 3072}, "wall_sync": {"count": 20, "median_ms": 0.3085225, "p10_ms": 0.307178, "p90_ms": 0.314227}}
{"cache_perturbed": {"count": 30, "median_ms": 0.31651198863983154, "p10_ms": 0.3163839876651764, "p90_ms": 0.32259199023246765}, "case": 30, "decision": {"predicted_ms": {"16": 0.230188257, "32": 0.23597771850000002, "64": 0.2556324025, "128": 0.3096812775}, "reason": "calibrated_score_with_guard_band", "resident_blocks_per_sm": {"16": 4, "32": 4, "64": 3, "128": 2}, "reuse_footprint_bytes": 31997952, "reuse_over_l2": 0.2412302371541502, "value_slice": 16}, "eager": {"count": 60, "median_ms": 0.31539200246334076, "p10_ms": 0.3138880133628845, "p90_ms": 0.3221440017223358}, "graph": {"count": 60, "median_ms": 0.3102400004863739, "p10_ms": 0.30876800417900085, "p90_ms": 0.31699201464653015}, "kind": "performance", "name": "p4_auto", "repeat": 2, "shape": {"batch": 1, "fp32": false, "gate": null, "heads": 12, "lengths": null, "state_mode": "both", "tokens": 3072}, "wall_sync": {"count": 20, "median_ms": 0.327662, "p10_ms": 0.326308, "p90_ms": 0.333317}}
{"case": 30, "kind": "post_correctness", "name": "p4_auto", "shape": {"batch": 1, "fp32": false, "gate": null, "heads": 12, "lengths": null, "state_mode": "both", "tokens": 3072}, "status": "PASS", "tensors": {"final_state": {"bitwise": true, "finite": true}, "out": {"bitwise": true, "finite": true}}}
{"case": 30, "kind": "post_correctness", "name": "phase1_auto", "shape": {"batch": 1, "fp32": false, "gate": null, "heads": 12, "lengths": null, "state_mode": "both", "tokens": 3072}, "status": "PASS", "tensors": {"final_state": {"bitwise": true, "finite": true}, "out": {"bitwise": true, "finite": true}}}
{"case": 30, "kind": "shape_complete", "shape": {"batch": 1, "fp32": false, "gate": null, "heads": 12, "lengths": null, "state_mode": "both", "tokens": 3072}}
{"case": 31, "kind": "graph_correctness", "name": "p4_auto", "shape": {"batch": 1, "fp32": false, "gate": null, "heads": 12, "lengths": null, "state_mode": "out", "tokens": 3072}, "status": "PASS", "tensors": {"final_state": {"bitwise": true, "finite": true}, "out": {"bitwise": true, "finite": true}}}
{"case": 31, "kind": "graph_correctness", "name": "phase1_auto", "shape": {"batch": 1, "fp32": false, "gate": null, "heads": 12, "lengths": null, "state_mode": "out", "tokens": 3072}, "status": "PASS", "tensors": {"final_state": {"bitwise": true, "finite": true}, "out": {"bitwise": true, "finite": true}}}
{"case": 31, "kind": "graph_correctness", "name": "v128", "shape": {"batch": 1, "fp32": false, "gate": null, "heads": 12, "lengths": null, "state_mode": "out", "tokens": 3072}, "status": "PASS", "tensors": {"final_state": {"bitwise": true, "finite": true}, "out": {"bitwise": true, "finite": true}}}
{"cache_perturbed": {"count": 30, "median_ms": 0.5274399816989899, "p10_ms": 0.5253440141677856, "p90_ms": 0.5376960039138794}, "case": 31, "decision": {"reason": "environment_override", "value_slice": 128}, "eager": {"count": 60, "median_ms": 0.5236959755420685, "p10_ms": 0.5207679867744446, "p90_ms": 0.5574079751968384}, "graph": {"count": 60, "median_ms": 0.5197439789772034, "p10_ms": 0.5176960229873657, "p90_ms": 0.5503039956092834}, "kind": "performance", "name": "v128", "repeat": 0, "shape": {"batch": 1, "fp32": false, "gate": null, "heads": 12, "lengths": null, "state_mode": "out", "tokens": 3072}, "wall_sync": {"count": 20, "median_ms": 0.535911, "p10_ms": 0.532316, "p90_ms": 0.559416}}
{"cache_perturbed": {"count": 30, "median_ms": 0.3758240044116974, "p10_ms": 0.3733760118484497, "p90_ms": 0.3821440041065216}, "case": 31, "decision": {"predicted_ms": {"16": 0.230188257, "32": 0.23597771850000002, "64": 0.2556324025, "128": 0.3096812775}, "reason": "calibrated_score_with_guard_band", "resident_blocks_per_sm": {"16": 4, "32": 4, "64": 3, "128": 2}, "reuse_footprint_bytes": 31997952, "reuse_over_l2": 0.2412302371541502, "value_slice": 16}, "eager": {"count": 60, "median_ms": 0.37329599261283875, "p10_ms": 0.3712320029735565, "p90_ms": 0.3795199990272522}, "graph": {"count": 60, "median_ms": 0.3692159950733185, "p10_ms": 0.36796799302101135, "p90_ms": 0.3763839900493622}, "kind": "performance", "name": "p4_auto", "repeat": 0, "shape": {"batch": 1, "fp32": false, "gate": null, "heads": 12, "lengths": null, "state_mode": "out", "tokens": 3072}, "wall_sync": {"count": 20, "median_ms": 0.385282, "p10_ms": 0.382018, "p90_ms": 0.392457}}
{"cache_perturbed": {"count": 30, "median_ms": 0.34110400080680847, "p10_ms": 0.3389439880847931, "p90_ms": 0.34723201394081116}, "case": 31, "decision": {"predicted_ms": {"16": 0.230188257, "32": 0.23597771850000002, "64": 0.2556324025, "128": 0.3096812775}, "reason": "calibrated_score_with_guard_band", "resident_blocks_per_sm": {"16": 4, "32": 4, "64": 3, "128": 2}, "reuse_footprint_bytes": 31997952, "reuse_over_l2": 0.2412302371541502, "value_slice": 16}, "eager": {"count": 60, "median_ms": 0.33928000926971436, "p10_ms": 0.3381440043449402, "p90_ms": 0.3508799970149994}, "graph": {"count": 60, "median_ms": 0.33535999059677124, "p10_ms": 0.3328000009059906, "p90_ms": 0.347680002450943}, "kind": "performance", "name": "phase1_auto", "repeat": 0, "shape": {"batch": 1, "fp32": false, "gate": null, "heads": 12, "lengths": null, "state_mode": "out", "tokens": 3072}, "wall_sync": {"count": 20, "median_ms": 0.3535225, "p10_ms": 0.348637, "p90_ms": 0.362767}}
{"cache_perturbed": {"count": 30, "median_ms": 0.3739199936389923, "p10_ms": 0.37273600697517395, "p90_ms": 0.38601601123809814}, "case": 31, "decision": {"predicted_ms": {"16": 0.230188257, "32": 0.23597771850000002, "64": 0.2556324025, "128": 0.3096812775}, "reason": "calibrated_score_with_guard_band", "resident_blocks_per_sm": {"16": 4, "32": 4, "64": 3, "128": 2}, "reuse_footprint_bytes": 31997952, "reuse_over_l2": 0.2412302371541502, "value_slice": 16}, "eager": {"count": 60, "median_ms": 0.37278400361537933, "p10_ms": 0.37119999527931213, "p90_ms": 0.38038399815559387}, "graph": {"count": 60, "median_ms": 0.3692159950733185, "p10_ms": 0.3681280016899109, "p90_ms": 0.3771519958972931}, "kind": "performance", "name": "p4_auto", "repeat": 1, "shape": {"batch": 1, "fp32": false, "gate": null, "heads": 12, "lengths": null, "state_mode": "out", "tokens": 3072}, "wall_sync": {"count": 20, "median_ms": 0.3862815, "p10_ms": 0.380517, "p90_ms": 0.400067}}
{"cache_perturbed": {"count": 30, "median_ms": 0.5324639976024628, "p10_ms": 0.5233920216560364, "p90_ms": 0.5478399991989136}, "case": 31, "decision": {"reason": "environment_override", "value_slice": 128}, "eager": {"count": 60, "median_ms": 0.5295360088348389, "p10_ms": 0.5207039713859558, "p90_ms": 0.5473600029945374}, "graph": {"count": 60, "median_ms": 0.5280160009860992, "p10_ms": 0.5155839920043945, "p90_ms": 0.5422400236129761}, "kind": "performance", "name": "v128", "repeat": 1, "shape": {"batch": 1, "fp32": false, "gate": null, "heads": 12, "lengths": null, "state_mode": "out", "tokens": 3072}, "wall_sync": {"count": 20, "median_ms": 0.5337155, "p10_ms": 0.531785, "p90_ms": 0.569095}}
{"cache_perturbed": {"count": 30, "median_ms": 0.3410240113735199, "p10_ms": 0.3389439880847931, "p90_ms": 0.3490560054779053}, "case": 31, "decision": {"predicted_ms": {"16": 0.230188257, "32": 0.23597771850000002, "64": 0.2556324025, "128": 0.3096812775}, "reason": "calibrated_score_with_guard_band", "resident_blocks_per_sm": {"16": 4, "32": 4, "64": 3, "128": 2}, "reuse_footprint_bytes": 31997952, "reuse_over_l2": 0.2412302371541502, "value_slice": 16}, "eager": {"count": 60, "median_ms": 0.3395040035247803, "p10_ms": 0.33827200531959534, "p90_ms": 0.3447360098361969}, "graph": {"count": 60, "median_ms": 0.3353919982910156, "p10_ms": 0.33324798941612244, "p90_ms": 0.3415359854698181}, "kind": "performance", "name": "phase1_auto", "repeat": 1, "shape": {"batch": 1, "fp32": false, "gate": null, "heads": 12, "lengths": null, "state_mode": "out", "tokens": 3072}, "wall_sync": {"count": 20, "median_ms": 0.350327, "p10_ms": 0.348838, "p90_ms": 0.356958}}
{"cache_perturbed": {"count": 30, "median_ms": 0.5319679975509644, "p10_ms": 0.5252159833908081, "p90_ms": 0.5487359762191772}, "case": 31, "decision": {"reason": "environment_override", "value_slice": 128}, "eager": {"count": 60, "median_ms": 0.5284959971904755, "p10_ms": 0.5216000080108643, "p90_ms": 0.5357120037078857}, "graph": {"count": 60, "median_ms": 0.5204159915447235, "p10_ms": 0.5176960229873657, "p90_ms": 0.5320320129394531}, "kind": "performance", "name": "v128", "repeat": 2, "shape": {"batch": 1, "fp32": false, "gate": null, "heads": 12, "lengths": null, "state_mode": "out", "tokens": 3072}, "wall_sync": {"count": 20, "median_ms": 0.539666, "p10_ms": 0.531436, "p90_ms": 0.558596}}
{"cache_perturbed": {"count": 30, "median_ms": 0.3739199936389923, "p10_ms": 0.37302398681640625, "p90_ms": 0.38201600313186646}, "case": 31, "decision": {"predicted_ms": {"16": 0.230188257, "32": 0.23597771850000002, "64": 0.2556324025, "128": 0.3096812775}, "reason": "calibrated_score_with_guard_band", "resident_blocks_per_sm": {"16": 4, "32": 4, "64": 3, "128": 2}, "reuse_footprint_bytes": 31997952, "reuse_over_l2": 0.2412302371541502, "value_slice": 16}, "eager": {"count": 60, "median_ms": 0.37199999392032623, "p10_ms": 0.37113600969314575, "p90_ms": 0.3856959939002991}, "graph": {"count": 60, "median_ms": 0.36876799166202545, "p10_ms": 0.3680320084095001, "p90_ms": 0.37641599774360657}, "kind": "performance", "name": "p4_auto", "repeat": 2, "shape": {"batch": 1, "fp32": false, "gate": null, "heads": 12, "lengths": null, "state_mode": "out", "tokens": 3072}, "wall_sync": {"count": 20, "median_ms": 0.389707, "p10_ms": 0.382817, "p90_ms": 0.394307}}
{"cache_perturbed": {"count": 30, "median_ms": 0.3410879969596863, "p10_ms": 0.3389759957790375, "p90_ms": 0.3532800078392029}, "case": 31, "decision": {"predicted_ms": {"16": 0.230188257, "32": 0.23597771850000002, "64": 0.2556324025, "128": 0.3096812775}, "reason": "calibrated_score_with_guard_band", "resident_blocks_per_sm": {"16": 4, "32": 4, "64": 3, "128": 2}, "reuse_footprint_bytes": 31997952, "reuse_over_l2": 0.2412302371541502, "value_slice": 16}, "eager": {"count": 60, "median_ms": 0.3394080102443695, "p10_ms": 0.3384000062942505, "p90_ms": 0.34483200311660767}, "graph": {"count": 60, "median_ms": 0.3353919982910156, "p10_ms": 0.3333440124988556, "p90_ms": 0.3415679931640625}, "kind": "performance", "name": "phase1_auto", "repeat": 2, "shape": {"batch": 1, "fp32": false, "gate": null, "heads": 12, "lengths": null, "state_mode": "out", "tokens": 3072}, "wall_sync": {"count": 20, "median_ms": 0.349932, "p10_ms": 0.349037, "p90_ms": 0.373787}}
{"case": 31, "kind": "post_correctness", "name": "p4_auto", "shape": {"batch": 1, "fp32": false, "gate": null, "heads": 12, "lengths": null, "state_mode": "out", "tokens": 3072}, "status": "PASS", "tensors": {"final_state": {"bitwise": true, "finite": true}, "out": {"bitwise": true, "finite": true}}}
{"case": 31, "kind": "post_correctness", "name": "phase1_auto", "shape": {"batch": 1, "fp32": false, "gate": null, "heads": 12, "lengths": null, "state_mode": "out", "tokens": 3072}, "status": "PASS", "tensors": {"final_state": {"bitwise": true, "finite": true}, "out": {"bitwise": true, "finite": true}}}
{"case": 31, "kind": "shape_complete", "shape": {"batch": 1, "fp32": false, "gate": null, "heads": 12, "lengths": null, "state_mode": "out", "tokens": 3072}}
{"case": 32, "kind": "graph_correctness", "name": "p4_auto", "shape": {"batch": 1, "fp32": false, "gate": null, "heads": 12, "lengths": null, "state_mode": "both", "tokens": 6144}, "status": "PASS", "tensors": {"final_state": {"bitwise": true, "finite": true}, "out": {"bitwise": true, "finite": true}}}
{"case": 32, "kind": "graph_correctness", "name": "phase1_auto", "shape": {"batch": 1, "fp32": false, "gate": null, "heads": 12, "lengths": null, "state_mode": "both", "tokens": 6144}, "status": "PASS", "tensors": {"final_state": {"bitwise": true, "finite": true}, "out": {"bitwise": true, "finite": true}}}
{"case": 32, "kind": "graph_correctness", "name": "v128", "shape": {"batch": 1, "fp32": false, "gate": null, "heads": 12, "lengths": null, "state_mode": "both", "tokens": 6144}, "status": "PASS", "tensors": {"final_state": {"bitwise": true, "finite": true}, "out": {"bitwise": true, "finite": true}}}
{"cache_perturbed": {"count": 30, "median_ms": 1.030303955078125, "p10_ms": 1.022976040840149, "p90_ms": 1.0372799634933472}, "case": 32, "decision": {"reason": "environment_override", "value_slice": 128}, "eager": {"count": 60, "median_ms": 1.0296000242233276, "p10_ms": 1.0234559774398804, "p90_ms": 1.0396159887313843}, "graph": {"count": 60, "median_ms": 1.0270719528198242, "p10_ms": 1.0194239616394043, "p90_ms": 1.0369919538497925}, "kind": "performance", "name": "v128", "repeat": 0, "shape": {"batch": 1, "fp32": false, "gate": null, "heads": 12, "lengths": null, "state_mode": "both", "tokens": 6144}, "wall_sync": {"count": 20, "median_ms": 1.040146, "p10_ms": 1.033201, "p90_ms": 1.053592}}
{"cache_perturbed": {"count": 30, "median_ms": 0.5669120252132416, "p10_ms": 0.5640959739685059, "p90_ms": 0.5768319964408875}, "case": 32, "decision": {"predicted_ms": {"16": 0.4367190755, "32": 0.44739335, "64": 0.4856128605, "128": 0.5942946645}, "reason": "calibrated_score_with_guard_band", "resident_blocks_per_sm": {"16": 4, "32": 4, "64": 3, "128": 2}, "reuse_footprint_bytes": 63995904, "reuse_over_l2": 0.4824604743083004, "value_slice": 16}, "eager": {"count": 60, "median_ms": 0.5647200047969818, "p10_ms": 0.5616639852523804, "p90_ms": 0.5762240290641785}, "graph": {"count": 60, "median_ms": 0.5621120035648346, "p10_ms": 0.5597760081291199, "p90_ms": 0.5729920268058777}, "kind": "performance", "name": "phase1_auto", "repeat": 0, "shape": {"batch": 1, "fp32": false, "gate": null, "heads": 12, "lengths": null, "state_mode": "both", "tokens": 6144}, "wall_sync": {"count": 20, "median_ms": 0.5779305, "p10_ms": 0.573915, "p90_ms": 0.590564}}
{"cache_perturbed": {"count": 30, "median_ms": 0.6083199977874756, "p10_ms": 0.6029120087623596, "p90_ms": 0.6154879927635193}, "case": 32, "decision": {"predicted_ms": {"16": 0.4367190755, "32": 0.44739335, "64": 0.4856128605, "128": 0.5942946645}, "reason": "calibrated_score_with_guard_band", "resident_blocks_per_sm": {"16": 4, "32": 4, "64": 3, "128": 2}, "reuse_footprint_bytes": 63995904, "reuse_over_l2": 0.4824604743083004, "value_slice": 16}, "eager": {"count": 60, "median_ms": 0.6047679781913757, "p10_ms": 0.6006079912185669, "p90_ms": 0.616927981376648}, "graph": {"count": 60, "median_ms": 0.5995039939880371, "p10_ms": 0.5974720120429993, "p90_ms": 0.6117439866065979}, "kind": "performance", "name": "p4_auto", "repeat": 0, "shape": {"batch": 1, "fp32": false, "gate": null, "heads": 12, "lengths": null, "state_mode": "both", "tokens": 6144}, "wall_sync": {"count": 20, "median_ms": 0.6154995, "p10_ms": 0.613105, "p90_ms": 0.626894}}
{"cache_perturbed": {"count": 30, "median_ms": 0.605184018611908, "p10_ms": 0.6009600162506104, "p90_ms": 0.6156479716300964}, "case": 32, "decision": {"predicted_ms": {"16": 0.4367190755, "32": 0.44739335, "64": 0.4856128605, "128": 0.5942946645}, "reason": "calibrated_score_with_guard_band", "resident_blocks_per_sm": {"16": 4, "32": 4, "64": 3, "128": 2}, "reuse_footprint_bytes": 63995904, "reuse_over_l2": 0.4824604743083004, "value_slice": 16}, "eager": {"count": 60, "median_ms": 0.6036159992218018, "p10_ms": 0.6007040143013, "p90_ms": 0.6168959736824036}, "graph": {"count": 60, "median_ms": 0.5995999872684479, "p10_ms": 0.5974079966545105, "p90_ms": 0.611840009689331}, "kind": "performance", "name": "p4_auto", "repeat": 1, "shape": {"batch": 1, "fp32": false, "gate": null, "heads": 12, "lengths": null, "state_mode": "both", "tokens": 6144}, "wall_sync": {"count": 20, "median_ms": 0.616495, "p10_ms": 0.614155, "p90_ms": 0.629736}}
{"cache_perturbed": {"count": 30, "median_ms": 0.5652160048484802, "p10_ms": 0.5640320181846619, "p90_ms": 0.5766720175743103}, "case": 32, "decision": {"predicted_ms": {"16": 0.4367190755, "32": 0.44739335, "64": 0.4856128605, "128": 0.5942946645}, "reason": "calibrated_score_with_guard_band", "resident_blocks_per_sm": {"16": 4, "32": 4, "64": 3, "128": 2}, "reuse_footprint_bytes": 63995904, "reuse_over_l2": 0.4824604743083004, "value_slice": 16}, "eager": {"count": 60, "median_ms": 0.5657760202884674, "p10_ms": 0.5617280006408691, "p90_ms": 0.5769919753074646}, "graph": {"count": 60, "median_ms": 0.561711996793747, "p10_ms": 0.5586240291595459, "p90_ms": 0.5729920268058777}, "kind": "performance", "name": "phase1_auto", "repeat": 1, "shape": {"batch": 1, "fp32": false, "gate": null, "heads": 12, "lengths": null, "state_mode": "both", "tokens": 6144}, "wall_sync": {"count": 20, "median_ms": 0.5781704999999999, "p10_ms": 0.573905, "p90_ms": 0.588276}}
{"cache_perturbed": {"count": 30, "median_ms": 1.0301600098609924, "p10_ms": 1.022976040840149, "p90_ms": 1.0371520519256592}, "case": 32, "decision": {"reason": "environment_override", "value_slice": 128}, "eager": {"count": 60, "median_ms": 1.0291039943695068, "p10_ms": 1.0225600004196167, "p90_ms": 1.0399359464645386}, "graph": {"count": 60, "median_ms": 1.0264480113983154, "p10_ms": 1.0184639692306519, "p90_ms": 1.038912057876587}, "kind": "performance", "name": "v128", "repeat": 1, "shape": {"batch": 1, "fp32": false, "gate": null, "heads": 12, "lengths": null, "state_mode": "both", "tokens": 6144}, "wall_sync": {"count": 20, "median_ms": 1.039157, "p10_ms": 1.031673, "p90_ms": 1.053292}}
{"cache_perturbed": {"count": 30, "median_ms": 0.6072480082511902, "p10_ms": 0.6029760241508484, "p90_ms": 0.6154239773750305}, "case": 32, "decision": {"predicted_ms": {"16": 0.4367190755, "32": 0.44739335, "64": 0.4856128605, "128": 0.5942946645}, "reason": "calibrated_score_with_guard_band", "resident_blocks_per_sm": {"16": 4, "32": 4, "64": 3, "128": 2}, "reuse_footprint_bytes": 63995904, "reuse_over_l2": 0.4824604743083004, "value_slice": 16}, "eager": {"count": 60, "median_ms": 0.6047199964523315, "p10_ms": 0.6006720066070557, "p90_ms": 0.6156799793243408}, "graph": {"count": 60, "median_ms": 0.5995679795742035, "p10_ms": 0.5968639850616455, "p90_ms": 0.6128000020980835}, "kind": "performance", "name": "p4_auto", "repeat": 2, "shape": {"batch": 1, "fp32": false, "gate": null, "heads": 12, "lengths": null, "state_mode": "both", "tokens": 6144}, "wall_sync": {"count": 20, "median_ms": 0.6150205, "p10_ms": 0.612836, "p90_ms": 0.626565}}
{"cache_perturbed": {"count": 30, "median_ms": 1.0286239981651306, "p10_ms": 1.0227839946746826, "p90_ms": 1.0363520383834839}, "case": 32, "decision": {"reason": "environment_override", "value_slice": 128}, "eager": {"count": 60, "median_ms": 1.0302560329437256, "p10_ms": 1.0224000215530396, "p90_ms": 1.0378880500793457}, "graph": {"count": 60, "median_ms": 1.0256800055503845, "p10_ms": 1.0184320211410522, "p90_ms": 1.0378559827804565}, "kind": "performance", "name": "v128", "repeat": 2, "shape": {"batch": 1, "fp32": false, "gate": null, "heads": 12, "lengths": null, "state_mode": "both", "tokens": 6144}, "wall_sync": {"count": 20, "median_ms": 1.040097, "p10_ms": 1.032852, "p90_ms": 1.055581}}
{"cache_perturbed": {"count": 30, "median_ms": 0.5648640096187592, "p10_ms": 0.5641279816627502, "p90_ms": 0.576479971408844}, "case": 32, "decision": {"predicted_ms": {"16": 0.4367190755, "32": 0.44739335, "64": 0.4856128605, "128": 0.5942946645}, "reason": "calibrated_score_with_guard_band", "resident_blocks_per_sm": {"16": 4, "32": 4, "64": 3, "128": 2}, "reuse_footprint_bytes": 63995904, "reuse_over_l2": 0.4824604743083004, "value_slice": 16}, "eager": {"count": 60, "median_ms": 0.5653280019760132, "p10_ms": 0.5617280006408691, "p90_ms": 0.5767999887466431}, "graph": {"count": 60, "median_ms": 0.5626240074634552, "p10_ms": 0.5589759945869446, "p90_ms": 0.5729600191116333}, "kind": "performance", "name": "phase1_auto", "repeat": 2, "shape": {"batch": 1, "fp32": false, "gate": null, "heads": 12, "lengths": null, "state_mode": "both", "tokens": 6144}, "wall_sync": {"count": 20, "median_ms": 0.582811, "p10_ms": 0.574415, "p90_ms": 0.588215}}
{"case": 32, "kind": "post_correctness", "name": "p4_auto", "shape": {"batch": 1, "fp32": false, "gate": null, "heads": 12, "lengths": null, "state_mode": "both", "tokens": 6144}, "status": "PASS", "tensors": {"final_state": {"bitwise": true, "finite": true}, "out": {"bitwise": true, "finite": true}}}
{"case": 32, "kind": "post_correctness", "name": "phase1_auto", "shape": {"batch": 1, "fp32": false, "gate": null, "heads": 12, "lengths": null, "state_mode": "both", "tokens": 6144}, "status": "PASS", "tensors": {"final_state": {"bitwise": true, "finite": true}, "out": {"bitwise": true, "finite": true}}}
{"case": 32, "kind": "shape_complete", "shape": {"batch": 1, "fp32": false, "gate": null, "heads": 12, "lengths": null, "state_mode": "both", "tokens": 6144}}
{"case": 33, "kind": "graph_correctness", "name": "p4_auto", "shape": {"batch": 1, "fp32": false, "gate": null, "heads": 12, "lengths": null, "state_mode": "out", "tokens": 6144}, "status": "PASS", "tensors": {"final_state": {"bitwise": true, "finite": true}, "out": {"bitwise": true, "finite": true}}}
{"case": 33, "kind": "graph_correctness", "name": "phase1_auto", "shape": {"batch": 1, "fp32": false, "gate": null, "heads": 12, "lengths": null, "state_mode": "out", "tokens": 6144}, "status": "PASS", "tensors": {"final_state": {"bitwise": true, "finite": true}, "out": {"bitwise": true, "finite": true}}}
{"case": 33, "kind": "graph_correctness", "name": "v128", "shape": {"batch": 1, "fp32": false, "gate": null, "heads": 12, "lengths": null, "state_mode": "out", "tokens": 6144}, "status": "PASS", "tensors": {"final_state": {"bitwise": true, "finite": true}, "out": {"bitwise": true, "finite": true}}}
{"cache_perturbed": {"count": 30, "median_ms": 1.0352639555931091, "p10_ms": 1.0269759893417358, "p90_ms": 1.0454399585723877}, "case": 33, "decision": {"reason": "environment_override", "value_slice": 128}, "eager": {"count": 60, "median_ms": 1.035152018070221, "p10_ms": 1.027616024017334, "p90_ms": 1.0479999780654907}, "graph": {"count": 60, "median_ms": 1.0332159996032715, "p10_ms": 1.0236799716949463, "p90_ms": 1.0460480451583862}, "kind": "performance", "name": "v128", "repeat": 0, "shape": {"batch": 1, "fp32": false, "gate": null, "heads": 12, "lengths": null, "state_mode": "out", "tokens": 6144}, "wall_sync": {"count": 20, "median_ms": 1.0469270000000002, "p10_ms": 1.037021, "p90_ms": 1.056661}}
{"cache_perturbed": {"count": 30, "median_ms": 0.6522560119628906, "p10_ms": 0.6501759886741638, "p90_ms": 0.6654719710350037}, "case": 33, "decision": {"predicted_ms": {"16": 0.4367190755, "32": 0.44739335, "64": 0.4856128605, "128": 0.5942946645}, "reason": "calibrated_score_with_guard_band", "resident_blocks_per_sm": {"16": 4, "32": 4, "64": 3, "128": 2}, "reuse_footprint_bytes": 63995904, "reuse_over_l2": 0.4824604743083004, "value_slice": 16}, "eager": {"count": 60, "median_ms": 0.6533920168876648, "p10_ms": 0.6477439999580383, "p90_ms": 0.6661760210990906}, "graph": {"count": 60, "median_ms": 0.6487520039081573, "p10_ms": 0.6464959979057312, "p90_ms": 0.6611840128898621}, "kind": "performance", "name": "phase1_auto", "repeat": 0, "shape": {"batch": 1, "fp32": false, "gate": null, "heads": 12, "lengths": null, "state_mode": "out", "tokens": 6144}, "wall_sync": {"count": 20, "median_ms": 0.6683844999999999, "p10_ms": 0.661184, "p90_ms": 0.689805}}
{"cache_perturbed": {"count": 30, "median_ms": 0.7229440212249756, "p10_ms": 0.7177919745445251, "p90_ms": 0.7340480089187622}, "case": 33, "decision": {"predicted_ms": {"16": 0.4367190755, "32": 0.44739335, "64": 0.4856128605, "128": 0.5942946645}, "reason": "calibrated_score_with_guard_band", "resident_blocks_per_sm": {"16": 4, "32": 4, "64": 3, "128": 2}, "reuse_footprint_bytes": 63995904, "reuse_over_l2": 0.4824604743083004, "value_slice": 16}, "eager": {"count": 60, "median_ms": 0.721424013376236, "p10_ms": 0.7163519859313965, "p90_ms": 0.7357119917869568}, "graph": {"count": 60, "median_ms": 0.7164639830589294, "p10_ms": 0.7142720222473145, "p90_ms": 0.7306560277938843}, "kind": "performance", "name": "p4_auto", "repeat": 0, "shape": {"batch": 1, "fp32": false, "gate": null, "heads": 12, "lengths": null, "state_mode": "out", "tokens": 6144}, "wall_sync": {"count": 20, "median_ms": 0.7350685, "p10_ms": 0.727575, "p90_ms": 0.751274}}
{"cache_perturbed": {"count": 30, "median_ms": 0.6564320027828217, "p10_ms": 0.6511039733886719, "p90_ms": 0.6665279865264893}, "case": 33, "decision": {"predicted_ms": {"16": 0.4367190755, "32": 0.44739335, "64": 0.4856128605, "128": 0.5942946645}, "reason": "calibrated_score_with_guard_band", "resident_blocks_per_sm": {"16": 4, "32": 4, "64": 3, "128": 2}, "reuse_footprint_bytes": 63995904, "reuse_over_l2": 0.4824604743083004, "value_slice": 16}, "eager": {"count": 60, "median_ms": 0.6578079760074615, "p10_ms": 0.6488959789276123, "p90_ms": 0.6682239770889282}, "graph": {"count": 60, "median_ms": 0.6487680077552795, "p10_ms": 0.6466240286827087, "p90_ms": 0.6620479822158813}, "kind": "performance", "name": "phase1_auto", "repeat": 1, "shape": {"batch": 1, "fp32": false, "gate": null, "heads": 12, "lengths": null, "state_mode": "out", "tokens": 6144}, "wall_sync": {"count": 20, "median_ms": 0.6682600000000001, "p10_ms": 0.661424, "p90_ms": 0.680264}}
{"cache_perturbed": {"count": 30, "median_ms": 1.0327680110931396, "p10_ms": 1.027999997138977, "p90_ms": 1.0446720123291016}, "case": 33, "decision": {"reason": "environment_override", "value_slice": 128}, "eager": {"count": 60, "median_ms": 1.035215973854065, "p10_ms": 1.0268160104751587, "p90_ms": 1.0532480478286743}, "graph": {"count": 60, "median_ms": 1.0317440032958984, "p10_ms": 1.0245440006256104, "p90_ms": 1.0501760244369507}, "kind": "performance", "name": "v128", "repeat": 1, "shape": {"batch": 1, "fp32": false, "gate": null, "heads": 12, "lengths": null, "state_mode": "out", "tokens": 6144}, "wall_sync": {"count": 20, "median_ms": 1.0476014999999999, "p10_ms": 1.036452, "p90_ms": 1.057062}}
{"cache_perturbed": {"count": 30, "median_ms": 0.7208639979362488, "p10_ms": 0.7178239822387695, "p90_ms": 0.7363520264625549}, "case": 33, "decision": {"predicted_ms": {"16": 0.4367190755, "32": 0.44739335, "64": 0.4856128605, "128": 0.5942946645}, "reason": "calibrated_score_with_guard_band", "resident_blocks_per_sm": {"16": 4, "32": 4, "64": 3, "128": 2}, "reuse_footprint_bytes": 63995904, "reuse_over_l2": 0.4824604743083004, "value_slice": 16}, "eager": {"count": 60, "median_ms": 0.7208960056304932, "p10_ms": 0.7153279781341553, "p90_ms": 0.7345920205116272}, "graph": {"count": 60, "median_ms": 0.7161760032176971, "p10_ms": 0.7133119702339172, "p90_ms": 0.7306879758834839}, "kind": "performance", "name": "p4_auto", "repeat": 1, "shape": {"batch": 1, "fp32": false, "gate": null, "heads": 12, "lengths": null, "state_mode": "out", "tokens": 6144}, "wall_sync": {"count": 20, "median_ms": 0.736904, "p10_ms": 0.728155, "p90_ms": 0.749044}}
{"cache_perturbed": {"count": 30, "median_ms": 0.652319997549057, "p10_ms": 0.650272011756897, "p90_ms": 0.665503978729248}, "case": 33, "decision": {"predicted_ms": {"16": 0.4367190755, "32": 0.44739335, "64": 0.4856128605, "128": 0.5942946645}, "reason": "calibrated_score_with_guard_band", "resident_blocks_per_sm": {"16": 4, "32": 4, "64": 3, "128": 2}, "reuse_footprint_bytes": 63995904, "reuse_over_l2": 0.4824604743083004, "value_slice": 16}, "eager": {"count": 60, "median_ms": 0.652400016784668, "p10_ms": 0.6477439999580383, "p90_ms": 0.666208028793335}, "graph": {"count": 60, "median_ms": 0.6482720077037811, "p10_ms": 0.6446719765663147, "p90_ms": 0.6682239770889282}, "kind": "performance", "name": "phase1_auto", "repeat": 2, "shape": {"batch": 1, "fp32": false, "gate": null, "heads": 12, "lengths": null, "state_mode": "out", "tokens": 6144}, "wall_sync": {"count": 20, "median_ms": 0.662879, "p10_ms": 0.660605, "p90_ms": 0.680116}}
{"cache_perturbed": {"count": 30, "median_ms": 0.7199679911136627, "p10_ms": 0.717631995677948, "p90_ms": 0.7343680262565613}, "case": 33, "decision": {"predicted_ms": {"16": 0.4367190755, "32": 0.44739335, "64": 0.4856128605, "128": 0.5942946645}, "reason": "calibrated_score_with_guard_band", "resident_blocks_per_sm": {"16": 4, "32": 4, "64": 3, "128": 2}, "reuse_footprint_bytes": 63995904, "reuse_over_l2": 0.4824604743083004, "value_slice": 16}, "eager": {"count": 60, "median_ms": 0.7194719910621643, "p10_ms": 0.7151679992675781, "p90_ms": 0.7400000095367432}, "graph": {"count": 60, "median_ms": 0.7158239781856537, "p10_ms": 0.7132800221443176, "p90_ms": 0.7316160202026367}, "kind": "performance", "name": "p4_auto", "repeat": 2, "shape": {"batch": 1, "fp32": false, "gate": null, "heads": 12, "lengths": null, "state_mode": "out", "tokens": 6144}, "wall_sync": {"count": 20, "median_ms": 0.732739, "p10_ms": 0.727695, "p90_ms": 0.745683}}
{"cache_perturbed": {"count": 30, "median_ms": 1.0347840189933777, "p10_ms": 1.0280319452285767, "p90_ms": 1.0497920513153076}, "case": 33, "decision": {"reason": "environment_override", "value_slice": 128}, "eager": {"count": 60, "median_ms": 1.0346879959106445, "p10_ms": 1.0255680084228516, "p90_ms": 1.0458879470825195}, "graph": {"count": 60, "median_ms": 1.0316799879074097, "p10_ms": 1.0244159698486328, "p90_ms": 1.0472960472106934}, "kind": "performance", "name": "v128", "repeat": 2, "shape": {"batch": 1, "fp32": false, "gate": null, "heads": 12, "lengths": null, "state_mode": "out", "tokens": 6144}, "wall_sync": {"count": 20, "median_ms": 1.0484115, "p10_ms": 1.037571, "p90_ms": 1.059002}}
{"case": 33, "kind": "post_correctness", "name": "p4_auto", "shape": {"batch": 1, "fp32": false, "gate": null, "heads": 12, "lengths": null, "state_mode": "out", "tokens": 6144}, "status": "PASS", "tensors": {"final_state": {"bitwise": true, "finite": true}, "out": {"bitwise": true, "finite": true}}}
{"case": 33, "kind": "post_correctness", "name": "phase1_auto", "shape": {"batch": 1, "fp32": false, "gate": null, "heads": 12, "lengths": null, "state_mode": "out", "tokens": 6144}, "status": "PASS", "tensors": {"final_state": {"bitwise": true, "finite": true}, "out": {"bitwise": true, "finite": true}}}
{"case": 33, "kind": "shape_complete", "shape": {"batch": 1, "fp32": false, "gate": null, "heads": 12, "lengths": null, "state_mode": "out", "tokens": 6144}}
{"case": 34, "kind": "graph_correctness", "name": "p4_auto", "shape": {"batch": 1, "fp32": false, "gate": null, "heads": 12, "lengths": null, "state_mode": "out", "tokens": 2047}, "status": "PASS", "tensors": {"final_state": {"bitwise": true, "finite": true}, "out": {"bitwise": true, "finite": true}}}
{"case": 34, "kind": "graph_correctness", "name": "phase1_auto", "shape": {"batch": 1, "fp32": false, "gate": null, "heads": 12, "lengths": null, "state_mode": "out", "tokens": 2047}, "status": "PASS", "tensors": {"final_state": {"bitwise": true, "finite": true}, "out": {"bitwise": true, "finite": true}}}
{"case": 34, "kind": "graph_correctness", "name": "v128", "shape": {"batch": 1, "fp32": false, "gate": null, "heads": 12, "lengths": null, "state_mode": "out", "tokens": 2047}, "status": "PASS", "tensors": {"final_state": {"bitwise": true, "finite": true}, "out": {"bitwise": true, "finite": true}}}
{"cache_perturbed": {"count": 30, "median_ms": 0.37886400520801544, "p10_ms": 0.3696640133857727, "p90_ms": 0.3800640106201172}, "case": 34, "decision": {"predicted_ms": {}, "reason": "recurrence_length_not_calibrated", "resident_blocks_per_sm": {}, "reuse_footprint_bytes": 21331968, "reuse_over_l2": 0.16082015810276679, "value_slice": 128}, "eager": {"count": 60, "median_ms": 0.36929599940776825, "p10_ms": 0.36771199107170105, "p90_ms": 0.3927359879016876}, "graph": {"count": 60, "median_ms": 0.3640959858894348, "p10_ms": 0.3620159924030304, "p90_ms": 0.38655999302864075}, "kind": "performance", "name": "phase1_auto", "repeat": 0, "shape": {"batch": 1, "fp32": false, "gate": null, "heads": 12, "lengths": null, "state_mode": "out", "tokens": 2047}, "wall_sync": {"count": 20, "median_ms": 0.3814865, "p10_ms": 0.379697, "p90_ms": 0.389108}}
{"cache_perturbed": {"count": 30, "median_ms": 0.3739359974861145, "p10_ms": 0.3696959912776947, "p90_ms": 0.3880319893360138}, "case": 34, "decision": {"predicted_ms": {}, "reason": "recurrence_length_not_calibrated", "resident_blocks_per_sm": {}, "reuse_footprint_bytes": 21331968, "reuse_over_l2": 0.16082015810276679, "value_slice": 128}, "eager": {"count": 60, "median_ms": 0.3694400042295456, "p10_ms": 0.3680639863014221, "p90_ms": 0.37747201323509216}, "graph": {"count": 60, "median_ms": 0.3640480041503906, "p10_ms": 0.3620480000972748, "p90_ms": 0.38633599877357483}, "kind": "performance", "name": "p4_auto", "repeat": 0, "shape": {"batch": 1, "fp32": false, "gate": null, "heads": 12, "lengths": null, "state_mode": "out", "tokens": 2047}, "wall_sync": {"count": 20, "median_ms": 0.3875965, "p10_ms": 0.380038, "p90_ms": 0.396018}}
{"cache_perturbed": {"count": 30, "median_ms": 0.3718080073595047, "p10_ms": 0.3696959912776947, "p90_ms": 0.3880000114440918}, "case": 34, "decision": {"reason": "environment_override", "value_slice": 128}, "eager": {"count": 60, "median_ms": 0.37008000910282135, "p10_ms": 0.36796799302101135, "p90_ms": 0.3856000006198883}, "graph": {"count": 60, "median_ms": 0.3640480041503906, "p10_ms": 0.3620159924030304, "p90_ms": 0.38950398564338684}, "kind": "performance", "name": "v128", "repeat": 0, "shape": {"batch": 1, "fp32": false, "gate": null, "heads": 12, "lengths": null, "state_mode": "out", "tokens": 2047}, "wall_sync": {"count": 20, "median_ms": 0.3807875, "p10_ms": 0.377796, "p90_ms": 0.408596}}
{"cache_perturbed": {"count": 30, "median_ms": 0.37331199645996094, "p10_ms": 0.3704639971256256, "p90_ms": 0.3843519985675812}, "case": 34, "decision": {"reason": "environment_override", "value_slice": 128}, "eager": {"count": 60, "median_ms": 0.37009599804878235, "p10_ms": 0.36793598532676697, "p90_ms": 0.39478400349617004}, "graph": {"count": 60, "median_ms": 0.3640959858894348, "p10_ms": 0.3620159924030304, "p90_ms": 0.38550400733947754}, "kind": "performance", "name": "v128", "repeat": 1, "shape": {"batch": 1, "fp32": false, "gate": null, "heads": 12, "lengths": null, "state_mode": "out", "tokens": 2047}, "wall_sync": {"count": 20, "median_ms": 0.3830425, "p10_ms": 0.377646, "p90_ms": 0.388897}}
{"cache_perturbed": {"count": 30, "median_ms": 0.3733599931001663, "p10_ms": 0.369951993227005, "p90_ms": 0.3842560052871704}, "case": 34, "decision": {"predicted_ms": {}, "reason": "recurrence_length_not_calibrated", "resident_blocks_per_sm": {}, "reuse_footprint_bytes": 21331968, "reuse_over_l2": 0.16082015810276679, "value_slice": 128}, "eager": {"count": 60, "median_ms": 0.37323200702667236, "p10_ms": 0.36739200353622437, "p90_ms": 0.37830400466918945}, "graph": {"count": 60, "median_ms": 0.3640959858894348, "p10_ms": 0.3620480000972748, "p90_ms": 0.3885439932346344}, "kind": "performance", "name": "phase1_auto", "repeat": 1, "shape": {"batch": 1, "fp32": false, "gate": null, "heads": 12, "lengths": null, "state_mode": "out", "tokens": 2047}, "wall_sync": {"count": 20, "median_ms": 0.386762, "p10_ms": 0.378937, "p90_ms": 0.394857}}
{"cache_perturbed": {"count": 30, "median_ms": 0.37785598635673523, "p10_ms": 0.371616005897522, "p90_ms": 0.3840000033378601}, "case": 34, "decision": {"predicted_ms": {}, "reason": "recurrence_length_not_calibrated", "resident_blocks_per_sm": {}, "reuse_footprint_bytes": 21331968, "reuse_over_l2": 0.16082015810276679, "value_slice": 128}, "eager": {"count": 60, "median_ms": 0.37007999420166016, "p10_ms": 0.3680959939956665, "p90_ms": 0.39478400349617004}, "graph": {"count": 60, "median_ms": 0.3640799969434738, "p10_ms": 0.3620480000972748, "p90_ms": 0.3906559944152832}, "kind": "performance", "name": "p4_auto", "repeat": 1, "shape": {"batch": 1, "fp32": false, "gate": null, "heads": 12, "lengths": null, "state_mode": "out", "tokens": 2047}, "wall_sync": {"count": 20, "median_ms": 0.38268650000000004, "p10_ms": 0.379127, "p90_ms": 0.399617}}
{"cache_perturbed": {"count": 30, "median_ms": 0.37542399764060974, "p10_ms": 0.3696959912776947, "p90_ms": 0.38012799620628357}, "case": 34, "decision": {"predicted_ms": {}, "reason": "recurrence_length_not_calibrated", "resident_blocks_per_sm": {}, "reuse_footprint_bytes": 21331968, "reuse_over_l2": 0.16082015810276679, "value_slice": 128}, "eager": {"count": 60, "median_ms": 0.36932799220085144, "p10_ms": 0.36614400148391724, "p90_ms": 0.3968319892883301}, "graph": {"count": 60, "median_ms": 0.3640640079975128, "p10_ms": 0.36217600107192993, "p90_ms": 0.39260798692703247}, "kind": "performance", "name": "phase1_auto", "repeat": 2, "shape": {"batch": 1, "fp32": false, "gate": null, "heads": 12, "lengths": null, "state_mode": "out", "tokens": 2047}, "wall_sync": {"count": 20, "median_ms": 0.385457, "p10_ms": 0.379137, "p90_ms": 0.391046}}
{"cache_perturbed": {"count": 30, "median_ms": 0.37377600371837616, "p10_ms": 0.37145599722862244, "p90_ms": 0.3800959885120392}, "case": 34, "decision": {"reason": "environment_override", "value_slice": 128}, "eager": {"count": 60, "median_ms": 0.3724000006914139, "p10_ms": 0.36822399497032166, "p90_ms": 0.37801599502563477}, "graph": {"count": 60, "median_ms": 0.3676320016384125, "p10_ms": 0.3620480000972748, "p90_ms": 0.3722879886627197}, "kind": "performance", "name": "v128", "repeat": 2, "shape": {"batch": 1, "fp32": false, "gate": null, "heads": 12, "lengths": null, "state_mode": "out", "tokens": 2047}, "wall_sync": {"count": 20, "median_ms": 0.3801015, "p10_ms": 0.378277, "p90_ms": 0.405688}}
{"cache_perturbed": {"count": 30, "median_ms": 0.37535999715328217, "p10_ms": 0.3696640133857727, "p90_ms": 0.3799999952316284}, "case": 34, "decision": {"predicted_ms": {}, "reason": "recurrence_length_not_calibrated", "resident_blocks_per_sm": {}, "reuse_footprint_bytes": 21331968, "reuse_over_l2": 0.16082015810276679, "value_slice": 128}, "eager": {"count": 60, "median_ms": 0.36931198835372925, "p10_ms": 0.3681280016899109, "p90_ms": 0.39161598682403564}, "graph": {"count": 60, "median_ms": 0.3640959858894348, "p10_ms": 0.3620159924030304, "p90_ms": 0.3866240084171295}, "kind": "performance", "name": "p4_auto", "repeat": 2, "shape": {"batch": 1, "fp32": false, "gate": null, "heads": 12, "lengths": null, "state_mode": "out", "tokens": 2047}, "wall_sync": {"count": 20, "median_ms": 0.38159750000000003, "p10_ms": 0.379077, "p90_ms": 0.409927}}
{"case": 34, "kind": "post_correctness", "name": "p4_auto", "shape": {"batch": 1, "fp32": false, "gate": null, "heads": 12, "lengths": null, "state_mode": "out", "tokens": 2047}, "status": "PASS", "tensors": {"final_state": {"bitwise": true, "finite": true}, "out": {"bitwise": true, "finite": true}}}
{"case": 34, "kind": "post_correctness", "name": "phase1_auto", "shape": {"batch": 1, "fp32": false, "gate": null, "heads": 12, "lengths": null, "state_mode": "out", "tokens": 2047}, "status": "PASS", "tensors": {"final_state": {"bitwise": true, "finite": true}, "out": {"bitwise": true, "finite": true}}}
{"case": 34, "kind": "shape_complete", "shape": {"batch": 1, "fp32": false, "gate": null, "heads": 12, "lengths": null, "state_mode": "out", "tokens": 2047}}
{"case": 35, "kind": "graph_correctness", "name": "p4_auto", "shape": {"batch": 1, "fp32": false, "gate": null, "heads": 12, "lengths": null, "state_mode": "out", "tokens": 8193}, "status": "PASS", "tensors": {"final_state": {"bitwise": true, "finite": true}, "out": {"bitwise": true, "finite": true}}}
{"case": 35, "kind": "graph_correctness", "name": "phase1_auto", "shape": {"batch": 1, "fp32": false, "gate": null, "heads": 12, "lengths": null, "state_mode": "out", "tokens": 8193}, "status": "PASS", "tensors": {"final_state": {"bitwise": true, "finite": true}, "out": {"bitwise": true, "finite": true}}}
{"case": 35, "kind": "graph_correctness", "name": "v128", "shape": {"batch": 1, "fp32": false, "gate": null, "heads": 12, "lengths": null, "state_mode": "out", "tokens": 8193}, "status": "PASS", "tensors": {"final_state": {"bitwise": true, "finite": true}, "out": {"bitwise": true, "finite": true}}}
{"cache_perturbed": {"count": 30, "median_ms": 1.3769280314445496, "p10_ms": 1.3661119937896729, "p90_ms": 1.3928320407867432}, "case": 35, "decision": {"predicted_ms": {}, "reason": "recurrence_length_not_calibrated", "resident_blocks_per_sm": {}, "reuse_footprint_bytes": 85494528, "reuse_over_l2": 0.6445370398962451, "value_slice": 128}, "eager": {"count": 60, "median_ms": 1.376800000667572, "p10_ms": 1.3645440340042114, "p90_ms": 1.3920639753341675}, "graph": {"count": 60, "median_ms": 1.3736479878425598, "p10_ms": 1.3645119667053223, "p90_ms": 1.3899519443511963}, "kind": "performance", "name": "phase1_auto", "repeat": 0, "shape": {"batch": 1, "fp32": false, "gate": null, "heads": 12, "lengths": null, "state_mode": "out", "tokens": 8193}, "wall_sync": {"count": 20, "median_ms": 1.3857845, "p10_ms": 1.379298, "p90_ms": 1.40384}}
{"cache_perturbed": {"count": 30, "median_ms": 1.3778719902038574, "p10_ms": 1.369088053703308, "p90_ms": 1.3977279663085938}, "case": 35, "decision": {"reason": "environment_override", "value_slice": 128}, "eager": {"count": 60, "median_ms": 1.3763359785079956, "p10_ms": 1.366495966911316, "p90_ms": 1.393183946609497}, "graph": {"count": 60, "median_ms": 1.3747680187225342, "p10_ms": 1.362496018409729, "p90_ms": 1.3890880346298218}, "kind": "performance", "name": "v128", "repeat": 0, "shape": {"batch": 1, "fp32": false, "gate": null, "heads": 12, "lengths": null, "state_mode": "out", "tokens": 8193}, "wall_sync": {"count": 20, "median_ms": 1.3873345, "p10_ms": 1.376499, "p90_ms": 1.404519}}
{"cache_perturbed": {"count": 30, "median_ms": 1.375216007232666, "p10_ms": 1.3669120073318481, "p90_ms": 1.3895679712295532}, "case": 35, "decision": {"predicted_ms": {}, "reason": "recurrence_length_not_calibrated", "resident_blocks_per_sm": {}, "reuse_footprint_bytes": 85494528, "reuse_over_l2": 0.6445370398962451, "value_slice": 128}, "eager": {"count": 60, "median_ms": 1.376800000667572, "p10_ms": 1.365407943725586, "p90_ms": 1.3921279907226562}, "graph": {"count": 60, "median_ms": 1.371728003025055, "p10_ms": 1.3614720106124878, "p90_ms": 1.3891199827194214}, "kind": "performance", "name": "p4_auto", "repeat": 0, "shape": {"batch": 1, "fp32": false, "gate": null, "heads": 12, "lengths": null, "state_mode": "out", "tokens": 8193}, "wall_sync": {"count": 20, "median_ms": 1.3910635, "p10_ms": 1.379249, "p90_ms": 1.409409}}
{"cache_perturbed": {"count": 30, "median_ms": 1.3737439513206482, "p10_ms": 1.367616057395935, "p90_ms": 1.3935680389404297}, "case": 35, "decision": {"predicted_ms": {}, "reason": "recurrence_length_not_calibrated", "resident_blocks_per_sm": {}, "reuse_footprint_bytes": 85494528, "reuse_over_l2": 0.6445370398962451, "value_slice": 128}, "eager": {"count": 60, "median_ms": 1.3778079748153687, "p10_ms": 1.3664000034332275, "p90_ms": 1.39302396774292}, "graph": {"count": 60, "median_ms": 1.3727840185165405, "p10_ms": 1.3645440340042114, "p90_ms": 1.3900480270385742}, "kind": "performance", "name": "p4_auto", "repeat": 1, "shape": {"batch": 1, "fp32": false, "gate": null, "heads": 12, "lengths": null, "state_mode": "out", "tokens": 8193}, "wall_sync": {"count": 20, "median_ms": 1.389014, "p10_ms": 1.377189, "p90_ms": 1.406128}}
{"cache_perturbed": {"count": 30, "median_ms": 1.3788480162620544, "p10_ms": 1.3671040534973145, "p90_ms": 1.3935359716415405}, "case": 35, "decision": {"reason": "environment_override", "value_slice": 128}, "eager": {"count": 60, "median_ms": 1.377568006515503, "p10_ms": 1.3654719591140747, "p90_ms": 1.3940800428390503}, "graph": {"count": 60, "median_ms": 1.373744010925293, "p10_ms": 1.3642239570617676, "p90_ms": 1.3892159461975098}, "kind": "performance", "name": "v128", "repeat": 1, "shape": {"batch": 1, "fp32": false, "gate": null, "heads": 12, "lengths": null, "state_mode": "out", "tokens": 8193}, "wall_sync": {"count": 20, "median_ms": 1.3900644999999998, "p10_ms": 1.378619, "p90_ms": 1.404149}}
{"cache_perturbed": {"count": 30, "median_ms": 1.376255989074707, "p10_ms": 1.3648960590362549, "p90_ms": 1.393664002418518}, "case": 35, "decision": {"predicted_ms": {}, "reason": "recurrence_length_not_calibrated", "resident_blocks_per_sm": {}, "reuse_footprint_bytes": 85494528, "reuse_over_l2": 0.6445370398962451, "value_slice": 128}, "eager": {"count": 60, "median_ms": 1.3744159936904907, "p10_ms": 1.36735999584198, "p90_ms": 1.3931200504302979}, "graph": {"count": 60, "median_ms": 1.372704029083252, "p10_ms": 1.363487958908081, "p90_ms": 1.3890559673309326}, "kind": "performance", "name": "phase1_auto", "repeat": 1, "shape": {"batch": 1, "fp32": false, "gate": null, "heads": 12, "lengths": null, "state_mode": "out", "tokens": 8193}, "wall_sync": {"count": 20, "median_ms": 1.3886345, "p10_ms": 1.37812, "p90_ms": 1.404309}}
{"cache_perturbed": {"count": 30, "median_ms": 1.374735951423645, "p10_ms": 1.3670079708099365, "p90_ms": 1.3926399946212769}, "case": 35, "decision": {"reason": "environment_override", "value_slice": 128}, "eager": {"count": 60, "median_ms": 1.3783360123634338, "p10_ms": 1.3666239976882935, "p90_ms": 1.3932160139083862}, "graph": {"count": 60, "median_ms": 1.3741440176963806, "p10_ms": 1.3644479513168335, "p90_ms": 1.3893120288848877}, "kind": "performance", "name": "v128", "repeat": 2, "shape": {"batch": 1, "fp32": false, "gate": null, "heads": 12, "lengths": null, "state_mode": "out", "tokens": 8193}, "wall_sync": {"count": 20, "median_ms": 1.3860739999999998, "p10_ms": 1.37929, "p90_ms": 1.401878}}
{"cache_perturbed": {"count": 30, "median_ms": 1.3782079815864563, "p10_ms": 1.3671679496765137, "p90_ms": 1.3924800157546997}, "case": 35, "decision": {"predicted_ms": {}, "reason": "recurrence_length_not_calibrated", "resident_blocks_per_sm": {}, "reuse_footprint_bytes": 85494528, "reuse_over_l2": 0.6445370398962451, "value_slice": 128}, "eager": {"count": 60, "median_ms": 1.381343960762024, "p10_ms": 1.366528034210205, "p90_ms": 1.3911999464035034}, "graph": {"count": 60, "median_ms": 1.3742240071296692, "p10_ms": 1.3645440340042114, "p90_ms": 1.3892159461975098}, "kind": "performance", "name": "phase1_auto", "repeat": 2, "shape": {"batch": 1, "fp32": false, "gate": null, "heads": 12, "lengths": null, "state_mode": "out", "tokens": 8193}, "wall_sync": {"count": 20, "median_ms": 1.3901935, "p10_ms": 1.381108, "p90_ms": 1.404739}}
{"cache_perturbed": {"count": 30, "median_ms": 1.373423993587494, "p10_ms": 1.3650239706039429, "p90_ms": 1.3916480541229248}, "case": 35, "decision": {"predicted_ms": {}, "reason": "recurrence_length_not_calibrated", "resident_blocks_per_sm": {}, "reuse_footprint_bytes": 85494528, "reuse_over_l2": 0.6445370398962451, "value_slice": 128}, "eager": {"count": 60, "median_ms": 1.3783679604530334, "p10_ms": 1.3685120344161987, "p90_ms": 1.3930879831314087}, "graph": {"count": 60, "median_ms": 1.3737279772758484, "p10_ms": 1.3655359745025635, "p90_ms": 1.3890880346298218}, "kind": "performance", "name": "p4_auto", "repeat": 2, "shape": {"batch": 1, "fp32": false, "gate": null, "heads": 12, "lengths": null, "state_mode": "out", "tokens": 8193}, "wall_sync": {"count": 20, "median_ms": 1.385624, "p10_ms": 1.379089, "p90_ms": 1.405049}}
{"case": 35, "kind": "post_correctness", "name": "p4_auto", "shape": {"batch": 1, "fp32": false, "gate": null, "heads": 12, "lengths": null, "state_mode": "out", "tokens": 8193}, "status": "PASS", "tensors": {"final_state": {"bitwise": true, "finite": true}, "out": {"bitwise": true, "finite": true}}}
{"case": 35, "kind": "post_correctness", "name": "phase1_auto", "shape": {"batch": 1, "fp32": false, "gate": null, "heads": 12, "lengths": null, "state_mode": "out", "tokens": 8193}, "status": "PASS", "tensors": {"final_state": {"bitwise": true, "finite": true}, "out": {"bitwise": true, "finite": true}}}
{"case": 35, "kind": "shape_complete", "shape": {"batch": 1, "fp32": false, "gate": null, "heads": 12, "lengths": null, "state_mode": "out", "tokens": 8193}}
{"case": 36, "kind": "graph_correctness", "name": "p4_auto", "shape": {"batch": 1, "fp32": true, "gate": null, "heads": 12, "lengths": null, "state_mode": "both", "tokens": 4096}, "status": "PASS", "tensors": {"final_state": {"bitwise": true, "finite": true}, "out": {"bitwise": true, "finite": true}}}
{"case": 36, "kind": "graph_correctness", "name": "phase1_auto", "shape": {"batch": 1, "fp32": true, "gate": null, "heads": 12, "lengths": null, "state_mode": "both", "tokens": 4096}, "status": "PASS", "tensors": {"final_state": {"bitwise": true, "finite": true}, "out": {"bitwise": true, "finite": true}}}
{"case": 36, "kind": "graph_correctness", "name": "v128", "shape": {"batch": 1, "fp32": true, "gate": null, "heads": 12, "lengths": null, "state_mode": "both", "tokens": 4096}, "status": "PASS", "tensors": {"final_state": {"bitwise": true, "finite": true}, "out": {"bitwise": true, "finite": true}}}
{"cache_perturbed": {"count": 30, "median_ms": 0.677951991558075, "p10_ms": 0.6687679886817932, "p90_ms": 0.6870719790458679}, "case": 36, "decision": {"reason": "environment_override", "value_slice": 128}, "eager": {"count": 60, "median_ms": 0.6744319796562195, "p10_ms": 0.6671680212020874, "p90_ms": 0.6895999908447266}, "graph": {"count": 60, "median_ms": 0.6702399849891663, "p10_ms": 0.6639040112495422, "p90_ms": 0.6835520267486572}, "kind": "performance", "name": "v128", "repeat": 0, "shape": {"batch": 1, "fp32": true, "gate": null, "heads": 12, "lengths": null, "state_mode": "both", "tokens": 4096}, "wall_sync": {"count": 20, "median_ms": 0.684416, "p10_ms": 0.679205, "p90_ms": 0.695284}}
{"cache_perturbed": {"count": 30, "median_ms": 0.5272800028324127, "p10_ms": 0.5211840271949768, "p90_ms": 0.5355520248413086}, "case": 36, "decision": {"predicted_ms": {"16": 0.307985406, "32": 0.315194022, "64": 0.35227749799999997, "128": 0.396578621}, "reason": "calibrated_score_with_guard_band", "resident_blocks_per_sm": {"16": 4, "32": 4, "64": 3, "128": 2}, "reuse_footprint_bytes": 42663936, "reuse_over_l2": 0.32164031620553357, "value_slice": 16}, "eager": {"count": 60, "median_ms": 0.522735983133316, "p10_ms": 0.5195199847221375, "p90_ms": 0.5329920053482056}, "graph": {"count": 60, "median_ms": 0.5176800191402435, "p10_ms": 0.5155839920043945, "p90_ms": 0.5291200280189514}, "kind": "performance", "name": "phase1_auto", "repeat": 0, "shape": {"batch": 1, "fp32": true, "gate": null, "heads": 12, "lengths": null, "state_mode": "both", "tokens": 4096}, "wall_sync": {"count": 20, "median_ms": 0.534211, "p10_ms": 0.530247, "p90_ms": 0.547286}}
{"cache_perturbed": {"count": 30, "median_ms": 0.5218560099601746, "p10_ms": 0.5211520195007324, "p90_ms": 0.5427520275115967}, "case": 36, "decision": {"predicted_ms": {"16": 0.307985406, "32": 0.315194022, "64": 0.35227749799999997, "128": 0.396578621}, "reason": "calibrated_score_with_guard_band", "resident_blocks_per_sm": {"16": 4, "32": 4, "64": 3, "128": 2}, "reuse_footprint_bytes": 42663936, "reuse_over_l2": 0.32164031620553357, "value_slice": 16}, "eager": {"count": 60, "median_ms": 0.5227519869804382, "p10_ms": 0.5196160078048706, "p90_ms": 0.535040020942688}, "graph": {"count": 60, "median_ms": 0.5177119970321655, "p10_ms": 0.5165759921073914, "p90_ms": 0.5311679840087891}, "kind": "performance", "name": "p4_auto", "repeat": 0, "shape": {"batch": 1, "fp32": true, "gate": null, "heads": 12, "lengths": null, "state_mode": "both", "tokens": 4096}, "wall_sync": {"count": 20, "median_ms": 0.5345155, "p10_ms": 0.530915, "p90_ms": 0.545046}}
{"cache_perturbed": {"count": 30, "median_ms": 0.5263520181179047, "p10_ms": 0.5182399749755859, "p90_ms": 0.5437120199203491}, "case": 36, "decision": {"predicted_ms": {"16": 0.307985406, "32": 0.315194022, "64": 0.35227749799999997, "128": 0.396578621}, "reason": "calibrated_score_with_guard_band", "resident_blocks_per_sm": {"16": 4, "32": 4, "64": 3, "128": 2}, "reuse_footprint_bytes": 42663936, "reuse_over_l2": 0.32164031620553357, "value_slice": 16}, "eager": {"count": 60, "median_ms": 0.5227519869804382, "p10_ms": 0.5206400156021118, "p90_ms": 0.5330880284309387}, "graph": {"count": 60, "median_ms": 0.5176800191402435, "p10_ms": 0.5155839920043945, "p90_ms": 0.5298240184783936}, "kind": "performance", "name": "phase1_auto", "repeat": 1, "shape": {"batch": 1, "fp32": true, "gate": null, "heads": 12, "lengths": null, "state_mode": "both", "tokens": 4096}, "wall_sync": {"count": 20, "median_ms": 0.537836, "p10_ms": 0.529816, "p90_ms": 0.555486}}
{"cache_perturbed": {"count": 30, "median_ms": 0.5217599868774414, "p10_ms": 0.5210880041122437, "p90_ms": 0.5355520248413086}, "case": 36, "decision": {"predicted_ms": {"16": 0.307985406, "32": 0.315194022, "64": 0.35227749799999997, "128": 0.396578621}, "reason": "calibrated_score_with_guard_band", "resident_blocks_per_sm": {"16": 4, "32": 4, "64": 3, "128": 2}, "reuse_footprint_bytes": 42663936, "reuse_over_l2": 0.32164031620553357, "value_slice": 16}, "eager": {"count": 60, "median_ms": 0.5242400169372559, "p10_ms": 0.520576000213623, "p90_ms": 0.535103976726532}, "graph": {"count": 60, "median_ms": 0.519711971282959, "p10_ms": 0.5175039768218994, "p90_ms": 0.5299839973449707}, "kind": "performance", "name": "p4_auto", "repeat": 1, "shape": {"batch": 1, "fp32": true, "gate": null, "heads": 12, "lengths": null, "state_mode": "both", "tokens": 4096}, "wall_sync": {"count": 20, "median_ms": 0.5345355, "p10_ms": 0.530575, "p90_ms": 0.548656}}
{"cache_perturbed": {"count": 30, "median_ms": 0.6748000085353851, "p10_ms": 0.6687039732933044, "p90_ms": 0.6870719790458679}, "case": 36, "decision": {"reason": "environment_override", "value_slice": 128}, "eager": {"count": 60, "median_ms": 0.6732160151004791, "p10_ms": 0.6680960059165955, "p90_ms": 0.6906880140304565}, "graph": {"count": 60, "median_ms": 0.6672640144824982, "p10_ms": 0.6631360054016113, "p90_ms": 0.6938880085945129}, "kind": "performance", "name": "v128", "repeat": 1, "shape": {"batch": 1, "fp32": true, "gate": null, "heads": 12, "lengths": null, "state_mode": "both", "tokens": 4096}, "wall_sync": {"count": 20, "median_ms": 0.686749, "p10_ms": 0.676806, "p90_ms": 0.701964}}
{"cache_perturbed": {"count": 30, "median_ms": 0.5213600099086761, "p10_ms": 0.5209919810295105, "p90_ms": 0.5335680246353149}, "case": 36, "decision": {"predicted_ms": {"16": 0.307985406, "32": 0.315194022, "64": 0.35227749799999997, "128": 0.396578621}, "reason": "calibrated_score_with_guard_band", "resident_blocks_per_sm": {"16": 4, "32": 4, "64": 3, "128": 2}, "reuse_footprint_bytes": 42663936, "reuse_over_l2": 0.32164031620553357, "value_slice": 16}, "eager": {"count": 60, "median_ms": 0.527999997138977, "p10_ms": 0.5196160078048706, "p90_ms": 0.5330880284309387}, "graph": {"count": 60, "median_ms": 0.5191999971866608, "p10_ms": 0.5166720151901245, "p90_ms": 0.5300480127334595}, "kind": "performance", "name": "p4_auto", "repeat": 2, "shape": {"batch": 1, "fp32": true, "gate": null, "heads": 12, "lengths": null, "state_mode": "both", "tokens": 4096}, "wall_sync": {"count": 20, "median_ms": 0.536161, "p10_ms": 0.531707, "p90_ms": 0.544386}}
{"cache_perturbed": {"count": 30, "median_ms": 0.5218240022659302, "p10_ms": 0.5210559964179993, "p90_ms": 0.5334720015525818}, "case": 36, "decision": {"predicted_ms": {"16": 0.307985406, "32": 0.315194022, "64": 0.35227749799999997, "128": 0.396578621}, "reason": "calibrated_score_with_guard_band", "resident_blocks_per_sm": {"16": 4, "32": 4, "64": 3, "128": 2}, "reuse_footprint_bytes": 42663936, "reuse_over_l2": 0.32164031620553357, "value_slice": 16}, "eager": {"count": 60, "median_ms": 0.524944007396698, "p10_ms": 0.5206400156021118, "p90_ms": 0.5338559746742249}, "graph": {"count": 60, "median_ms": 0.5176640152931213, "p10_ms": 0.5155199766159058, "p90_ms": 0.5289279818534851}, "kind": "performance", "name": "phase1_auto", "repeat": 2, "shape": {"batch": 1, "fp32": true, "gate": null, "heads": 12, "lengths": null, "state_mode": "both", "tokens": 4096}, "wall_sync": {"count": 20, "median_ms": 0.5337654999999999, "p10_ms": 0.530585, "p90_ms": 0.545835}}
{"cache_perturbed": {"count": 30, "median_ms": 0.6757600009441376, "p10_ms": 0.6687359809875488, "p90_ms": 0.6872320175170898}, "case": 36, "decision": {"reason": "environment_override", "value_slice": 128}, "eager": {"count": 60, "median_ms": 0.6742559969425201, "p10_ms": 0.6670079827308655, "p90_ms": 0.6887040138244629}, "graph": {"count": 60, "median_ms": 0.667680025100708, "p10_ms": 0.6631039977073669, "p90_ms": 0.692799985408783}, "kind": "performance", "name": "v128", "repeat": 2, "shape": {"batch": 1, "fp32": true, "gate": null, "heads": 12, "lengths": null, "state_mode": "both", "tokens": 4096}, "wall_sync": {"count": 20, "median_ms": 0.6868245, "p10_ms": 0.676825, "p90_ms": 0.698194}}
{"case": 36, "kind": "post_correctness", "name": "p4_auto", "shape": {"batch": 1, "fp32": true, "gate": null, "heads": 12, "lengths": null, "state_mode": "both", "tokens": 4096}, "status": "PASS", "tensors": {"final_state": {"bitwise": true, "finite": true}, "out": {"bitwise": true, "finite": true}}}
{"case": 36, "kind": "post_correctness", "name": "phase1_auto", "shape": {"batch": 1, "fp32": true, "gate": null, "heads": 12, "lengths": null, "state_mode": "both", "tokens": 4096}, "status": "PASS", "tensors": {"final_state": {"bitwise": true, "finite": true}, "out": {"bitwise": true, "finite": true}}}
{"case": 36, "kind": "shape_complete", "shape": {"batch": 1, "fp32": true, "gate": null, "heads": 12, "lengths": null, "state_mode": "both", "tokens": 4096}}
{"case": 37, "kind": "graph_correctness", "name": "p4_auto", "shape": {"batch": 2, "fp32": false, "gate": null, "heads": 12, "lengths": null, "state_mode": "both", "tokens": 8192}, "status": "PASS", "tensors": {"final_state": {"bitwise": true, "finite": true}, "out": {"bitwise": true, "finite": true}}}
{"case": 37, "kind": "graph_correctness", "name": "phase1_auto", "shape": {"batch": 2, "fp32": false, "gate": null, "heads": 12, "lengths": null, "state_mode": "both", "tokens": 8192}, "status": "PASS", "tensors": {"final_state": {"bitwise": true, "finite": true}, "out": {"bitwise": true, "finite": true}}}
{"case": 37, "kind": "graph_correctness", "name": "v128", "shape": {"batch": 2, "fp32": false, "gate": null, "heads": 12, "lengths": null, "state_mode": "both", "tokens": 8192}, "status": "PASS", "tensors": {"final_state": {"bitwise": true, "finite": true}, "out": {"bitwise": true, "finite": true}}}
{"cache_perturbed": {"count": 30, "median_ms": 1.0688639879226685, "p10_ms": 1.0638400316238403, "p90_ms": 1.094815969467163}, "case": 37, "decision": {"predicted_ms": {"16": 0.648004583, "32": 0.623512569, "64": 0.6726791010000001, "128": 0.8191179639999999}, "reason": "calibrated_score_with_guard_band", "resident_blocks_per_sm": {"16": 4, "32": 4, "64": 3, "128": 2}, "reuse_footprint_bytes": 170655744, "reuse_over_l2": 1.2865612648221343, "value_slice": 32}, "eager": {"count": 60, "median_ms": 1.0752480030059814, "p10_ms": 1.063423991203308, "p90_ms": 1.0930240154266357}, "graph": {"count": 60, "median_ms": 1.0732159614562988, "p10_ms": 1.0614399909973145, "p90_ms": 1.0901119709014893}, "kind": "performance", "name": "p4_auto", "repeat": 0, "shape": {"batch": 2, "fp32": false, "gate": null, "heads": 12, "lengths": null, "state_mode": "both", "tokens": 8192}, "wall_sync": {"count": 20, "median_ms": 1.0766065, "p10_ms": 1.074352, "p90_ms": 1.11204}}
{"cache_perturbed": {"count": 30, "median_ms": 1.424351990222931, "p10_ms": 1.4130879640579224, "p90_ms": 1.4445439577102661}, "case": 37, "decision": {"reason": "environment_override", "value_slice": 128}, "eager": {"count": 60, "median_ms": 1.4278720021247864, "p10_ms": 1.4118080139160156, "p90_ms": 1.4451520442962646}, "graph": {"count": 60, "median_ms": 1.4270399808883667, "p10_ms": 1.4135680198669434, "p90_ms": 1.4442559480667114}, "kind": "performance", "name": "v128", "repeat": 0, "shape": {"batch": 2, "fp32": false, "gate": null, "heads": 12, "lengths": null, "state_mode": "both", "tokens": 8192}, "wall_sync": {"count": 20, "median_ms": 1.4350135000000002, "p10_ms": 1.425209, "p90_ms": 1.453159}}
{"cache_perturbed": {"count": 30, "median_ms": 1.0712159872055054, "p10_ms": 1.0629119873046875, "p90_ms": 1.0947840213775635}, "case": 37, "decision": {"predicted_ms": {"16": 0.648004583, "32": 0.623512569, "64": 0.6726791010000001, "128": 0.8191179639999999}, "reason": "calibrated_score_with_guard_band", "resident_blocks_per_sm": {"16": 4, "32": 4, "64": 3, "128": 2}, "reuse_footprint_bytes": 170655744, "reuse_over_l2": 1.2865612648221343, "value_slice": 32}, "eager": {"count": 60, "median_ms": 1.0690879821777344, "p10_ms": 1.0614399909973145, "p90_ms": 1.0931520462036133}, "graph": {"count": 60, "median_ms": 1.062320053577423, "p10_ms": 1.0583679676055908, "p90_ms": 1.0918400287628174}, "kind": "performance", "name": "phase1_auto", "repeat": 0, "shape": {"batch": 2, "fp32": false, "gate": null, "heads": 12, "lengths": null, "state_mode": "both", "tokens": 8192}, "wall_sync": {"count": 20, "median_ms": 1.0801815000000001, "p10_ms": 1.074612, "p90_ms": 1.106612}}
{"cache_perturbed": {"count": 30, "median_ms": 1.0710400342941284, "p10_ms": 1.0630719661712646, "p90_ms": 1.0958399772644043}, "case": 37, "decision": {"predicted_ms": {"16": 0.648004583, "32": 0.623512569, "64": 0.6726791010000001, "128": 0.8191179639999999}, "reason": "calibrated_score_with_guard_band", "resident_blocks_per_sm": {"16": 4, "32": 4, "64": 3, "128": 2}, "reuse_footprint_bytes": 170655744, "reuse_over_l2": 1.2865612648221343, "value_slice": 32}, "eager": {"count": 60, "median_ms": 1.0685439705848694, "p10_ms": 1.0614399909973145, "p90_ms": 1.094208002090454}, "graph": {"count": 60, "median_ms": 1.0680960416793823, "p10_ms": 1.0593600273132324, "p90_ms": 1.0871039628982544}, "kind": "performance", "name": "p4_auto", "repeat": 1, "shape": {"batch": 2, "fp32": false, "gate": null, "heads": 12, "lengths": null, "state_mode": "both", "tokens": 8192}, "wall_sync": {"count": 20, "median_ms": 1.082071, "p10_ms": 1.074662, "p90_ms": 1.10575}}
{"cache_perturbed": {"count": 30, "median_ms": 1.4259040355682373, "p10_ms": 1.4141119718551636, "p90_ms": 1.4468480348587036}, "case": 37, "decision": {"reason": "environment_override", "value_slice": 128}, "eager": {"count": 60, "median_ms": 1.4259679913520813, "p10_ms": 1.4125440120697021, "p90_ms": 1.4462080001831055}, "graph": {"count": 60, "median_ms": 1.4239199757575989, "p10_ms": 1.4117439985275269, "p90_ms": 1.4444160461425781}, "kind": "performance", "name": "v128", "repeat": 1, "shape": {"batch": 2, "fp32": false, "gate": null, "heads": 12, "lengths": null, "state_mode": "both", "tokens": 8192}, "wall_sync": {"count": 20, "median_ms": 1.437069, "p10_ms": 1.425109, "p90_ms": 1.453598}}
{"cache_perturbed": {"count": 30, "median_ms": 1.067247986793518, "p10_ms": 1.0627199411392212, "p90_ms": 1.0936319828033447}, "case": 37, "decision": {"predicted_ms": {"16": 0.648004583, "32": 0.623512569, "64": 0.6726791010000001, "128": 0.8191179639999999}, "reason": "calibrated_score_with_guard_band", "resident_blocks_per_sm": {"16": 4, "32": 4, "64": 3, "128": 2}, "reuse_footprint_bytes": 170655744, "reuse_over_l2": 1.2865612648221343, "value_slice": 32}, "eager": {"count": 60, "median_ms": 1.0656479597091675, "p10_ms": 1.0623359680175781, "p90_ms": 1.0941439867019653}, "graph": {"count": 60, "median_ms": 1.0633600354194641, "p10_ms": 1.0593600273132324, "p90_ms": 1.0927679538726807}, "kind": "performance", "name": "phase1_auto", "repeat": 1, "shape": {"batch": 2, "fp32": false, "gate": null, "heads": 12, "lengths": null, "state_mode": "both", "tokens": 8192}, "wall_sync": {"count": 20, "median_ms": 1.0827765, "p10_ms": 1.076281, "p90_ms": 1.111821}}
{"cache_perturbed": {"count": 30, "median_ms": 1.0696160197257996, "p10_ms": 1.061951994895935, "p90_ms": 1.095744013786316}, "case": 37, "decision": {"predicted_ms": {"16": 0.648004583, "32": 0.623512569, "64": 0.6726791010000001, "128": 0.8191179639999999}, "reason": "calibrated_score_with_guard_band", "resident_blocks_per_sm": {"16": 4, "32": 4, "64": 3, "128": 2}, "reuse_footprint_bytes": 170655744, "reuse_over_l2": 1.2865612648221343, "value_slice": 32}, "eager": {"count": 60, "median_ms": 1.066543996334076, "p10_ms": 1.0622080564498901, "p90_ms": 1.0941439867019653}, "graph": {"count": 60, "median_ms": 1.0690879821777344, "p10_ms": 1.0592639446258545, "p90_ms": 1.093183994293213}, "kind": "performance", "name": "p4_auto", "repeat": 2, "shape": {"batch": 2, "fp32": false, "gate": null, "heads": 12, "lengths": null, "state_mode": "both", "tokens": 8192}, "wall_sync": {"count": 20, "median_ms": 1.082586, "p10_ms": 1.074672, "p90_ms": 1.106651}}
{"cache_perturbed": {"count": 30, "median_ms": 1.0688959956169128, "p10_ms": 1.0628479719161987, "p90_ms": 1.094655990600586}, "case": 37, "decision": {"predicted_ms": {"16": 0.648004583, "32": 0.623512569, "64": 0.6726791010000001, "128": 0.8191179639999999}, "reason": "calibrated_score_with_guard_band", "resident_blocks_per_sm": {"16": 4, "32": 4, "64": 3, "128": 2}, "reuse_footprint_bytes": 170655744, "reuse_over_l2": 1.2865612648221343, "value_slice": 32}, "eager": {"count": 60, "median_ms": 1.069104015827179, "p10_ms": 1.0620160102844238, "p90_ms": 1.0943679809570312}, "graph": {"count": 60, "median_ms": 1.066431999206543, "p10_ms": 1.0592000484466553, "p90_ms": 1.091007947921753}, "kind": "performance", "name": "phase1_auto", "repeat": 2, "shape": {"batch": 2, "fp32": false, "gate": null, "heads": 12, "lengths": null, "state_mode": "both", "tokens": 8192}, "wall_sync": {"count": 20, "median_ms": 1.0877759999999999, "p10_ms": 1.073832, "p90_ms": 1.111571}}
{"cache_perturbed": {"count": 30, "median_ms": 1.4309439659118652, "p10_ms": 1.4243839979171753, "p90_ms": 1.44486403465271}, "case": 37, "decision": {"reason": "environment_override", "value_slice": 128}, "eager": {"count": 60, "median_ms": 1.4274399876594543, "p10_ms": 1.4147520065307617, "p90_ms": 1.4433599710464478}, "graph": {"count": 60, "median_ms": 1.424351990222931, "p10_ms": 1.4117759466171265, "p90_ms": 1.4454079866409302}, "kind": "performance", "name": "v128", "repeat": 2, "shape": {"batch": 2, "fp32": false, "gate": null, "heads": 12, "lengths": null, "state_mode": "both", "tokens": 8192}, "wall_sync": {"count": 20, "median_ms": 1.440563, "p10_ms": 1.429829, "p90_ms": 1.456149}}
{"case": 37, "kind": "post_correctness", "name": "p4_auto", "shape": {"batch": 2, "fp32": false, "gate": null, "heads": 12, "lengths": null, "state_mode": "both", "tokens": 8192}, "status": "PASS", "tensors": {"final_state": {"bitwise": true, "finite": true}, "out": {"bitwise": true, "finite": true}}}
{"case": 37, "kind": "post_correctness", "name": "phase1_auto", "shape": {"batch": 2, "fp32": false, "gate": null, "heads": 12, "lengths": null, "state_mode": "both", "tokens": 8192}, "status": "PASS", "tensors": {"final_state": {"bitwise": true, "finite": true}, "out": {"bitwise": true, "finite": true}}}
{"case": 37, "kind": "shape_complete", "shape": {"batch": 2, "fp32": false, "gate": null, "heads": 12, "lengths": null, "state_mode": "both", "tokens": 8192}}
{"case": 38, "kind": "graph_correctness", "name": "p4_auto", "shape": {"batch": 1, "fp32": false, "gate": null, "heads": 24, "lengths": null, "state_mode": "both", "tokens": 8192}, "status": "PASS", "tensors": {"final_state": {"bitwise": true, "finite": true}, "out": {"bitwise": true, "finite": true}}}
{"case": 38, "kind": "graph_correctness", "name": "phase1_auto", "shape": {"batch": 1, "fp32": false, "gate": null, "heads": 24, "lengths": null, "state_mode": "both", "tokens": 8192}, "status": "PASS", "tensors": {"final_state": {"bitwise": true, "finite": true}, "out": {"bitwise": true, "finite": true}}}
{"case": 38, "kind": "graph_correctness", "name": "v128", "shape": {"batch": 1, "fp32": false, "gate": null, "heads": 24, "lengths": null, "state_mode": "both", "tokens": 8192}, "status": "PASS", "tensors": {"final_state": {"bitwise": true, "finite": true}, "out": {"bitwise": true, "finite": true}}}
{"cache_perturbed": {"count": 30, "median_ms": 1.429647982120514, "p10_ms": 1.4161920547485352, "p90_ms": 1.4488639831542969}, "case": 38, "decision": {"reason": "environment_override", "value_slice": 128}, "eager": {"count": 60, "median_ms": 1.4321280121803284, "p10_ms": 1.4157119989395142, "p90_ms": 1.4464960098266602}, "graph": {"count": 60, "median_ms": 1.4244319796562195, "p10_ms": 1.409600019454956, "p90_ms": 1.442463994026184}, "kind": "performance", "name": "v128", "repeat": 0, "shape": {"batch": 1, "fp32": false, "gate": null, "heads": 24, "lengths": null, "state_mode": "both", "tokens": 8192}, "wall_sync": {"count": 20, "median_ms": 1.4412785000000001, "p10_ms": 1.427109, "p90_ms": 1.458698}}
{"cache_perturbed": {"count": 30, "median_ms": 1.070095956325531, "p10_ms": 1.06387197971344, "p90_ms": 1.093567967414856}, "case": 38, "decision": {"predicted_ms": {"16": 0.648004583, "32": 0.623512569, "64": 0.6726791010000001, "128": 0.8191179639999999}, "reason": "calibrated_score_with_guard_band", "resident_blocks_per_sm": {"16": 4, "32": 4, "64": 3, "128": 2}, "reuse_footprint_bytes": 170655744, "reuse_over_l2": 1.2865612648221343, "value_slice": 32}, "eager": {"count": 60, "median_ms": 1.0725759863853455, "p10_ms": 1.0614399909973145, "p90_ms": 1.0932159423828125}, "graph": {"count": 60, "median_ms": 1.0654560327529907, "p10_ms": 1.05731201171875, "p90_ms": 1.0909119844436646}, "kind": "performance", "name": "phase1_auto", "repeat": 0, "shape": {"batch": 1, "fp32": false, "gate": null, "heads": 24, "lengths": null, "state_mode": "both", "tokens": 8192}, "wall_sync": {"count": 20, "median_ms": 1.083161, "p10_ms": 1.073571, "p90_ms": 1.109572}}
{"cache_perturbed": {"count": 30, "median_ms": 1.0720640420913696, "p10_ms": 1.0648319721221924, "p90_ms": 1.1067520380020142}, "case": 38, "decision": {"predicted_ms": {"16": 0.648004583, "32": 0.623512569, "64": 0.6726791010000001, "128": 0.8191179639999999}, "reason": "calibrated_score_with_guard_band", "resident_blocks_per_sm": {"16": 4, "32": 4, "64": 3, "128": 2}, "reuse_footprint_bytes": 170655744, "reuse_over_l2": 1.2865612648221343, "value_slice": 32}, "eager": {"count": 60, "median_ms": 1.0695679783821106, "p10_ms": 1.061344027519226, "p90_ms": 1.0951999425888062}, "graph": {"count": 60, "median_ms": 1.0670400261878967, "p10_ms": 1.0592319965362549, "p90_ms": 1.094208002090454}, "kind": "performance", "name": "p4_auto", "repeat": 0, "shape": {"batch": 1, "fp32": false, "gate": null, "heads": 24, "lengths": null, "state_mode": "both", "tokens": 8192}, "wall_sync": {"count": 20, "median_ms": 1.0808719999999998, "p10_ms": 1.073781, "p90_ms": 1.103721}}
{"cache_perturbed": {"count": 30, "median_ms": 1.0718079805374146, "p10_ms": 1.0628479719161987, "p90_ms": 1.092576026916504}, "case": 38, "decision": {"predicted_ms": {"16": 0.648004583, "32": 0.623512569, "64": 0.6726791010000001, "128": 0.8191179639999999}, "reason": "calibrated_score_with_guard_band", "resident_blocks_per_sm": {"16": 4, "32": 4, "64": 3, "128": 2}, "reuse_footprint_bytes": 170655744, "reuse_over_l2": 1.2865612648221343, "value_slice": 32}, "eager": {"count": 60, "median_ms": 1.0664479732513428, "p10_ms": 1.0623040199279785, "p90_ms": 1.0931199789047241}, "graph": {"count": 60, "median_ms": 1.0654879808425903, "p10_ms": 1.0573439598083496, "p90_ms": 1.0922240018844604}, "kind": "performance", "name": "phase1_auto", "repeat": 1, "shape": {"batch": 1, "fp32": false, "gate": null, "heads": 24, "lengths": null, "state_mode": "both", "tokens": 8192}, "wall_sync": {"count": 20, "median_ms": 1.0802105000000002, "p10_ms": 1.073291, "p90_ms": 1.105951}}
{"cache_perturbed": {"count": 30, "median_ms": 1.073199987411499, "p10_ms": 1.06387197971344, "p90_ms": 1.0944960117340088}, "case": 38, "decision": {"predicted_ms": {"16": 0.648004583, "32": 0.623512569, "64": 0.6726791010000001, "128": 0.8191179639999999}, "reason": "calibrated_score_with_guard_band", "resident_blocks_per_sm": {"16": 4, "32": 4, "64": 3, "128": 2}, "reuse_footprint_bytes": 170655744, "reuse_over_l2": 1.2865612648221343, "value_slice": 32}, "eager": {"count": 60, "median_ms": 1.0702719688415527, "p10_ms": 1.0623359680175781, "p90_ms": 1.0930880308151245}, "graph": {"count": 60, "median_ms": 1.064479947090149, "p10_ms": 1.0582400560379028, "p90_ms": 1.0891519784927368}, "kind": "performance", "name": "p4_auto", "repeat": 1, "shape": {"batch": 1, "fp32": false, "gate": null, "heads": 24, "lengths": null, "state_mode": "both", "tokens": 8192}, "wall_sync": {"count": 20, "median_ms": 1.0819364999999999, "p10_ms": 1.074362, "p90_ms": 1.103272}}
{"cache_perturbed": {"count": 30, "median_ms": 1.4332799911499023, "p10_ms": 1.4142400026321411, "p90_ms": 1.4465279579162598}, "case": 38, "decision": {"reason": "environment_override", "value_slice": 128}, "eager": {"count": 60, "median_ms": 1.4294400215148926, "p10_ms": 1.4158719778060913, "p90_ms": 1.4484800100326538}, "graph": {"count": 60, "median_ms": 1.4259840250015259, "p10_ms": 1.4125759601593018, "p90_ms": 1.4423359632492065}, "kind": "performance", "name": "v128", "repeat": 1, "shape": {"batch": 1, "fp32": false, "gate": null, "heads": 24, "lengths": null, "state_mode": "both", "tokens": 8192}, "wall_sync": {"count": 20, "median_ms": 1.450499, "p10_ms": 1.429999, "p90_ms": 1.457769}}
{"cache_perturbed": {"count": 30, "median_ms": 1.0706239938735962, "p10_ms": 1.06387197971344, "p90_ms": 1.094655990600586}, "case": 38, "decision": {"predicted_ms": {"16": 0.648004583, "32": 0.623512569, "64": 0.6726791010000001, "128": 0.8191179639999999}, "reason": "calibrated_score_with_guard_band", "resident_blocks_per_sm": {"16": 4, "32": 4, "64": 3, "128": 2}, "reuse_footprint_bytes": 170655744, "reuse_over_l2": 1.2865612648221343, "value_slice": 32}, "eager": {"count": 60, "median_ms": 1.0686079859733582, "p10_ms": 1.0622080564498901, "p90_ms": 1.09334397315979}, "graph": {"count": 60, "median_ms": 1.063920021057129, "p10_ms": 1.05840003490448, "p90_ms": 1.0901119709014893}, "kind": "performance", "name": "phase1_auto", "repeat": 2, "shape": {"batch": 1, "fp32": false, "gate": null, "heads": 24, "lengths": null, "state_mode": "both", "tokens": 8192}, "wall_sync": {"count": 20, "median_ms": 1.0786959999999999, "p10_ms": 1.074322, "p90_ms": 1.104632}}
{"cache_perturbed": {"count": 30, "median_ms": 1.425823986530304, "p10_ms": 1.4192960262298584, "p90_ms": 1.4459840059280396}, "case": 38, "decision": {"reason": "environment_override", "value_slice": 128}, "eager": {"count": 60, "median_ms": 1.4279839992523193, "p10_ms": 1.4177600145339966, "p90_ms": 1.4423680305480957}, "graph": {"count": 60, "median_ms": 1.4259679913520813, "p10_ms": 1.4116480350494385, "p90_ms": 1.4402879476547241}, "kind": "performance", "name": "v128", "repeat": 2, "shape": {"batch": 1, "fp32": false, "gate": null, "heads": 24, "lengths": null, "state_mode": "both", "tokens": 8192}, "wall_sync": {"count": 20, "median_ms": 1.439679, "p10_ms": 1.426829, "p90_ms": 1.458539}}
{"cache_perturbed": {"count": 30, "median_ms": 1.0686560273170471, "p10_ms": 1.062880039215088, "p90_ms": 1.0937600135803223}, "case": 38, "decision": {"predicted_ms": {"16": 0.648004583, "32": 0.623512569, "64": 0.6726791010000001, "128": 0.8191179639999999}, "reason": "calibrated_score_with_guard_band", "resident_blocks_per_sm": {"16": 4, "32": 4, "64": 3, "128": 2}, "reuse_footprint_bytes": 170655744, "reuse_over_l2": 1.2865612648221343, "value_slice": 32}, "eager": {"count": 60, "median_ms": 1.0746240019798279, "p10_ms": 1.0623040199279785, "p90_ms": 1.093183994293213}, "graph": {"count": 60, "median_ms": 1.063968002796173, "p10_ms": 1.0583360195159912, "p90_ms": 1.0911359786987305}, "kind": "performance", "name": "p4_auto", "repeat": 2, "shape": {"batch": 1, "fp32": false, "gate": null, "heads": 24, "lengths": null, "state_mode": "both", "tokens": 8192}, "wall_sync": {"count": 20, "median_ms": 1.0773865, "p10_ms": 1.075352, "p90_ms": 1.106111}}
{"case": 38, "kind": "post_correctness", "name": "p4_auto", "shape": {"batch": 1, "fp32": false, "gate": null, "heads": 24, "lengths": null, "state_mode": "both", "tokens": 8192}, "status": "PASS", "tensors": {"final_state": {"bitwise": true, "finite": true}, "out": {"bitwise": true, "finite": true}}}
{"case": 38, "kind": "post_correctness", "name": "phase1_auto", "shape": {"batch": 1, "fp32": false, "gate": null, "heads": 24, "lengths": null, "state_mode": "both", "tokens": 8192}, "status": "PASS", "tensors": {"final_state": {"bitwise": true, "finite": true}, "out": {"bitwise": true, "finite": true}}}
{"case": 38, "kind": "shape_complete", "shape": {"batch": 1, "fp32": false, "gate": null, "heads": 24, "lengths": null, "state_mode": "both", "tokens": 8192}}
{"case": 39, "kind": "graph_correctness", "name": "p4_auto", "shape": {"batch": 1, "fp32": false, "gate": null, "heads": 12, "lengths": [1024, 1024, 1024, 1024, 1024, 1024, 1024, 1024], "state_mode": "both", "tokens": 8192}, "status": "PASS", "tensors": {"final_state": {"bitwise": true, "finite": true}, "out": {"bitwise": true, "finite": true}}}
{"case": 39, "kind": "graph_correctness", "name": "phase1_auto", "shape": {"batch": 1, "fp32": false, "gate": null, "heads": 12, "lengths": [1024, 1024, 1024, 1024, 1024, 1024, 1024, 1024], "state_mode": "both", "tokens": 8192}, "status": "PASS", "tensors": {"final_state": {"bitwise": true, "finite": true}, "out": {"bitwise": true, "finite": true}}}
{"case": 39, "kind": "graph_correctness", "name": "v128", "shape": {"batch": 1, "fp32": false, "gate": null, "heads": 12, "lengths": [1024, 1024, 1024, 1024, 1024, 1024, 1024, 1024], "state_mode": "both", "tokens": 8192}, "status": "PASS", "tensors": {"final_state": {"bitwise": true, "finite": true}, "out": {"bitwise": true, "finite": true}}}
{"cache_perturbed": {"count": 30, "median_ms": 0.25760000944137573, "p10_ms": 0.2569600045681, "p90_ms": 0.26134398579597473}, "case": 39, "decision": {"predicted_ms": {}, "reason": "varlen_not_calibrated", "resident_blocks_per_sm": {}, "reuse_footprint_bytes": 85327872, "reuse_over_l2": 0.6432806324110671, "value_slice": 128}, "eager": {"count": 60, "median_ms": 0.25812798738479614, "p10_ms": 0.2545599937438965, "p90_ms": 0.262688010931015}, "graph": {"count": 60, "median_ms": 0.2535040080547333, "p10_ms": 0.25142401456832886, "p90_ms": 0.25760000944137573}, "kind": "performance", "name": "phase1_auto", "repeat": 0, "shape": {"batch": 1, "fp32": false, "gate": null, "heads": 12, "lengths": [1024, 1024, 1024, 1024, 1024, 1024, 1024, 1024], "state_mode": "both", "tokens": 8192}, "wall_sync": {"count": 20, "median_ms": 0.268903, "p10_ms": 0.266318, "p90_ms": 0.273647}}
{"cache_perturbed": {"count": 30, "median_ms": 0.25857600569725037, "p10_ms": 0.25699201226234436, "p90_ms": 0.26124799251556396}, "case": 39, "decision": {"reason": "environment_override", "value_slice": 128}, "eager": {"count": 60, "median_ms": 0.2584960013628006, "p10_ms": 0.25440001487731934, "p90_ms": 0.2624959945678711}, "graph": {"count": 60, "median_ms": 0.2535040080547333, "p10_ms": 0.25142401456832886, "p90_ms": 0.25760000944137573}, "kind": "performance", "name": "v128", "repeat": 0, "shape": {"batch": 1, "fp32": false, "gate": null, "heads": 12, "lengths": [1024, 1024, 1024, 1024, 1024, 1024, 1024, 1024], "state_mode": "both", "tokens": 8192}, "wall_sync": {"count": 20, "median_ms": 0.267673, "p10_ms": 0.266338, "p90_ms": 0.272369}}
{"cache_perturbed": {"count": 30, "median_ms": 0.25841599702835083, "p10_ms": 0.2569600045681, "p90_ms": 0.26313599944114685}, "case": 39, "decision": {"predicted_ms": {}, "reason": "varlen_not_calibrated", "resident_blocks_per_sm": {}, "reuse_footprint_bytes": 85327872, "reuse_over_l2": 0.6432806324110671, "value_slice": 128}, "eager": {"count": 60, "median_ms": 0.25859200954437256, "p10_ms": 0.254720002412796, "p90_ms": 0.26281601190567017}, "graph": {"count": 60, "median_ms": 0.2534720003604889, "p10_ms": 0.2513920068740845, "p90_ms": 0.25756800174713135}, "kind": "performance", "name": "p4_auto", "repeat": 0, "shape": {"batch": 1, "fp32": false, "gate": null, "heads": 12, "lengths": [1024, 1024, 1024, 1024, 1024, 1024, 1024, 1024], "state_mode": "both", "tokens": 8192}, "wall_sync": {"count": 20, "median_ms": 0.27099300000000004, "p10_ms": 0.267788, "p90_ms": 0.273598}}
{"cache_perturbed": {"count": 30, "median_ms": 0.2585279941558838, "p10_ms": 0.25699201226234436, "p90_ms": 0.27139198780059814}, "case": 39, "decision": {"predicted_ms": {}, "reason": "varlen_not_calibrated", "resident_blocks_per_sm": {}, "reuse_footprint_bytes": 85327872, "reuse_over_l2": 0.6432806324110671, "value_slice": 128}, "eager": {"count": 60, "median_ms": 0.2595519870519638, "p10_ms": 0.2547520101070404, "p90_ms": 0.26284798979759216}, "graph": {"count": 60, "median_ms": 0.25361599028110504, "p10_ms": 0.2512960135936737, "p90_ms": 0.2596159875392914}, "kind": "performance", "name": "phase1_auto", "repeat": 1, "shape": {"batch": 1, "fp32": false, "gate": null, "heads": 12, "lengths": [1024, 1024, 1024, 1024, 1024, 1024, 1024, 1024], "state_mode": "both", "tokens": 8192}, "wall_sync": {"count": 20, "median_ms": 0.2698125, "p10_ms": 0.266149, "p90_ms": 0.273307}}
{"cache_perturbed": {"count": 30, "median_ms": 0.26100799441337585, "p10_ms": 0.2569279968738556, "p90_ms": 0.2650879919528961}, "case": 39, "decision": {"predicted_ms": {}, "reason": "varlen_not_calibrated", "resident_blocks_per_sm": {}, "reuse_footprint_bytes": 85327872, "reuse_over_l2": 0.6432806324110671, "value_slice": 128}, "eager": {"count": 60, "median_ms": 0.2584799975156784, "p10_ms": 0.25648000836372375, "p90_ms": 0.262688010931015}, "graph": {"count": 60, "median_ms": 0.2535040080547333, "p10_ms": 0.2513920068740845, "p90_ms": 0.25753599405288696}, "kind": "performance", "name": "p4_auto", "repeat": 1, "shape": {"batch": 1, "fp32": false, "gate": null, "heads": 12, "lengths": [1024, 1024, 1024, 1024, 1024, 1024, 1024, 1024], "state_mode": "both", "tokens": 8192}, "wall_sync": {"count": 20, "median_ms": 0.270603, "p10_ms": 0.267158, "p90_ms": 0.274938}}
{"cache_perturbed": {"count": 30, "median_ms": 0.2576320022344589, "p10_ms": 0.2569600045681, "p90_ms": 0.2632319927215576}, "case": 39, "decision": {"reason": "environment_override", "value_slice": 128}, "eager": {"count": 60, "median_ms": 0.2585119903087616, "p10_ms": 0.2545279860496521, "p90_ms": 0.26131200790405273}, "graph": {"count": 60, "median_ms": 0.2534720003604889, "p10_ms": 0.2513279914855957, "p90_ms": 0.25760000944137573}, "kind": "performance", "name": "v128", "repeat": 1, "shape": {"batch": 1, "fp32": false, "gate": null, "heads": 12, "lengths": [1024, 1024, 1024, 1024, 1024, 1024, 1024, 1024], "state_mode": "both", "tokens": 8192}, "wall_sync": {"count": 20, "median_ms": 0.270033, "p10_ms": 0.265619, "p90_ms": 0.271768}}
{"cache_perturbed": {"count": 30, "median_ms": 0.25863999128341675, "p10_ms": 0.2569279968738556, "p90_ms": 0.2671999931335449}, "case": 39, "decision": {"reason": "environment_override", "value_slice": 128}, "eager": {"count": 60, "median_ms": 0.25700800120830536, "p10_ms": 0.2545279860496521, "p90_ms": 0.2646400034427643}, "graph": {"count": 60, "median_ms": 0.2535040080547333, "p10_ms": 0.25142401456832886, "p90_ms": 0.25760000944137573}, "kind": "performance", "name": "v128", "repeat": 2, "shape": {"batch": 1, "fp32": false, "gate": null, "heads": 12, "lengths": [1024, 1024, 1024, 1024, 1024, 1024, 1024, 1024], "state_mode": "both", "tokens": 8192}, "wall_sync": {"count": 20, "median_ms": 0.268233, "p10_ms": 0.265288, "p90_ms": 0.275448}}
{"cache_perturbed": {"count": 30, "median_ms": 0.2571519911289215, "p10_ms": 0.2568959891796112, "p90_ms": 0.2632960081100464}, "case": 39, "decision": {"predicted_ms": {}, "reason": "varlen_not_calibrated", "resident_blocks_per_sm": {}, "reuse_footprint_bytes": 85327872, "reuse_over_l2": 0.6432806324110671, "value_slice": 128}, "eager": {"count": 60, "median_ms": 0.2580000013113022, "p10_ms": 0.2545599937438965, "p90_ms": 0.26287999749183655}, "graph": {"count": 60, "median_ms": 0.2540479898452759, "p10_ms": 0.25142401456832886, "p90_ms": 0.25862398743629456}, "kind": "performance", "name": "p4_auto", "repeat": 2, "shape": {"batch": 1, "fp32": false, "gate": null, "heads": 12, "lengths": [1024, 1024, 1024, 1024, 1024, 1024, 1024, 1024], "state_mode": "both", "tokens": 8192}, "wall_sync": {"count": 20, "median_ms": 0.27208299999999996, "p10_ms": 0.268518, "p90_ms": 0.274857}}
{"cache_perturbed": {"count": 30, "median_ms": 0.2590720057487488, "p10_ms": 0.25699201226234436, "p90_ms": 0.2630400061607361}, "case": 39, "decision": {"predicted_ms": {}, "reason": "varlen_not_calibrated", "resident_blocks_per_sm": {}, "reuse_footprint_bytes": 85327872, "reuse_over_l2": 0.6432806324110671, "value_slice": 128}, "eager": {"count": 60, "median_ms": 0.258447989821434, "p10_ms": 0.2563839852809906, "p90_ms": 0.262719988822937}, "graph": {"count": 60, "median_ms": 0.2534880042076111, "p10_ms": 0.25145599246025085, "p90_ms": 0.2576639950275421}, "kind": "performance", "name": "phase1_auto", "repeat": 2, "shape": {"batch": 1, "fp32": false, "gate": null, "heads": 12, "lengths": [1024, 1024, 1024, 1024, 1024, 1024, 1024, 1024], "state_mode": "both", "tokens": 8192}, "wall_sync": {"count": 20, "median_ms": 0.270473, "p10_ms": 0.266758, "p90_ms": 0.273549}}
{"case": 39, "kind": "post_correctness", "name": "p4_auto", "shape": {"batch": 1, "fp32": false, "gate": null, "heads": 12, "lengths": [1024, 1024, 1024, 1024, 1024, 1024, 1024, 1024], "state_mode": "both", "tokens": 8192}, "status": "PASS", "tensors": {"final_state": {"bitwise": true, "finite": true}, "out": {"bitwise": true, "finite": true}}}
{"case": 39, "kind": "post_correctness", "name": "phase1_auto", "shape": {"batch": 1, "fp32": false, "gate": null, "heads": 12, "lengths": [1024, 1024, 1024, 1024, 1024, 1024, 1024, 1024], "state_mode": "both", "tokens": 8192}, "status": "PASS", "tensors": {"final_state": {"bitwise": true, "finite": true}, "out": {"bitwise": true, "finite": true}}}
{"case": 39, "kind": "shape_complete", "shape": {"batch": 1, "fp32": false, "gate": null, "heads": 12, "lengths": [1024, 1024, 1024, 1024, 1024, 1024, 1024, 1024], "state_mode": "both", "tokens": 8192}}
{"kind": "performance_complete", "rows": 360, "shapes": 40}
{"kind": "concurrent", "name": "phase1_auto", "pair": {"count": 30, "median_ms": 1.1562399864196777, "p10_ms": 1.121664047241211, "p90_ms": 1.163807988166809}, "repeat": 0, "requests": 2, "state_mode": "both"}
{"kind": "concurrent", "name": "p4_auto", "pair": {"count": 30, "median_ms": 1.155680000782013, "p10_ms": 1.133952021598816, "p90_ms": 1.1586560010910034}, "repeat": 0, "requests": 2, "state_mode": "both"}
{"kind": "concurrent", "name": "phase1_auto", "pair": {"count": 30, "median_ms": 1.155888020992279, "p10_ms": 1.1289600133895874, "p90_ms": 1.1650240421295166}, "repeat": 1, "requests": 2, "state_mode": "both"}
{"kind": "concurrent", "name": "p4_auto", "pair": {"count": 30, "median_ms": 1.1551200151443481, "p10_ms": 1.1300159692764282, "p90_ms": 1.157696008682251}, "repeat": 1, "requests": 2, "state_mode": "both"}
{"kind": "concurrent", "name": "p4_auto", "pair": {"count": 30, "median_ms": 1.1555200219154358, "p10_ms": 1.1527680158615112, "p90_ms": 1.1601920127868652}, "repeat": 2, "requests": 2, "state_mode": "both"}
{"kind": "concurrent", "name": "phase1_auto", "pair": {"count": 30, "median_ms": 1.1554399728775024, "p10_ms": 1.1095999479293823, "p90_ms": 1.1627839803695679}, "repeat": 2, "requests": 2, "state_mode": "both"}
{"case": 0, "kind": "concurrent_correctness", "state_mode": "both", "status": "PASS", "tensors": {"final_state": {"bitwise": true, "finite": true}, "out": {"bitwise": true, "finite": true}}}
{"case": 1, "kind": "concurrent_correctness", "state_mode": "both", "status": "PASS", "tensors": {"final_state": {"bitwise": true, "finite": true}, "out": {"bitwise": true, "finite": true}}}
{"kind": "concurrent", "name": "phase1_auto", "pair": {"count": 30, "median_ms": 1.1652480363845825, "p10_ms": 1.141152024269104, "p90_ms": 1.1676479578018188}, "repeat": 0, "requests": 2, "state_mode": "out"}
{"kind": "concurrent", "name": "p4_auto", "pair": {"count": 30, "median_ms": 1.1480480432510376, "p10_ms": 1.1150720119476318, "p90_ms": 1.1525440216064453}, "repeat": 0, "requests": 2, "state_mode": "out"}
{"kind": "concurrent", "name": "phase1_auto", "pair": {"count": 30, "median_ms": 1.1648319959640503, "p10_ms": 1.1607359647750854, "p90_ms": 1.1710079908370972}, "repeat": 1, "requests": 2, "state_mode": "out"}
{"kind": "concurrent", "name": "p4_auto", "pair": {"count": 30, "median_ms": 1.1470080018043518, "p10_ms": 1.143231987953186, "p90_ms": 1.1535680294036865}, "repeat": 1, "requests": 2, "state_mode": "out"}
{"kind": "concurrent", "name": "p4_auto", "pair": {"count": 30, "median_ms": 1.1474400162696838, "p10_ms": 1.1208000183105469, "p90_ms": 1.1513279676437378}, "repeat": 2, "requests": 2, "state_mode": "out"}
{"kind": "concurrent", "name": "phase1_auto", "pair": {"count": 30, "median_ms": 1.163807988166809, "p10_ms": 1.1401599645614624, "p90_ms": 1.1668800115585327}, "repeat": 2, "requests": 2, "state_mode": "out"}
{"case": 0, "kind": "concurrent_correctness", "state_mode": "out", "status": "PASS", "tensors": {"final_state": {"bitwise": true, "finite": true}, "out": {"bitwise": true, "finite": true}}}
{"case": 1, "kind": "concurrent_correctness", "state_mode": "out", "status": "PASS", "tensors": {"final_state": {"bitwise": true, "finite": true}, "out": {"bitwise": true, "finite": true}}}
{"kind": "clean_complete", "sanitizer": false}
{"kind":"sanitizer_exit","tool":"memcheck","exit_code":0}
{"kind":"sanitizer_exit","tool":"synccheck","exit_code":0}
Sat Sep  5 03:57:23 UTC 2026
